sensor_id,datetime,pm25,observed_count,expected_count,percent_coverage,has_flags
12236173,2025-10-03T11:00:00+05:30,23.0,3,4,75.0,False
12236173,2025-10-03T12:00:00+05:30,26.6,4,4,100.0,False
12236173,2025-10-03T13:00:00+05:30,27.6,4,4,100.0,False
12236173,2025-10-03T14:00:00+05:30,27.3,4,4,100.0,False
12236173,2025-10-03T15:00:00+05:30,25.0,4,4,100.0,False
12236173,2025-10-03T16:00:00+05:30,28.0,4,4,100.0,False
12236173,2025-10-03T17:00:00+05:30,26.6,4,4,100.0,False
12236173,2025-10-03T18:00:00+05:30,25.6,4,4,100.0,False
12236173,2025-10-03T19:00:00+05:30,26.8,4,4,100.0,False
12236173,2025-10-03T20:00:00+05:30,27.4,4,4,100.0,False
12236173,2025-10-03T21:00:00+05:30,26.3,4,4,100.0,False
12236173,2025-10-03T22:00:00+05:30,28.7,4,4,100.0,False
12236173,2025-10-04T01:00:00+05:30,27.1,4,4,100.0,False
12236173,2025-10-04T02:00:00+05:30,27.9,4,4,100.0,False
12236173,2025-10-04T03:00:00+05:30,27.3,4,4,100.0,False
12236173,2025-10-04T04:00:00+05:30,27.2,4,4,100.0,False
12236173,2025-10-04T05:00:00+05:30,26.8,3,4,75.0,False
12236173,2025-10-04T06:00:00+05:30,26.7,4,4,100.0,False
12236173,2025-10-04T07:00:00+05:30,27.9,3,4,75.0,False
12236173,2025-10-04T10:00:00+05:30,25.1,4,4,100.0,False
12236173,2025-10-04T11:00:00+05:30,26.8,4,4,100.0,False
12236173,2025-10-04T12:00:00+05:30,26.4,4,4,100.0,False
12236173,2025-10-04T13:00:00+05:30,27.9,4,4,100.0,False
12236173,2025-10-04T14:00:00+05:30,27.7,4,4,100.0,False
12236173,2025-10-04T15:00:00+05:30,26.2,4,4,100.0,False
12236173,2025-10-04T16:00:00+05:30,25.4,4,4,100.0,False
12236173,2025-10-04T17:00:00+05:30,23.6,4,4,100.0,False
12236173,2025-10-04T18:00:00+05:30,23.4,4,4,100.0,False
12236173,2025-10-04T19:00:00+05:30,26.1,4,4,100.0,False
12236173,2025-10-04T20:00:00+05:30,24.3,4,4,100.0,False
12236173,2025-10-04T21:00:00+05:30,23.3,4,4,100.0,False
12236173,2025-10-04T22:00:00+05:30,23.4,4,4,100.0,False
12236173,2025-10-05T01:00:00+05:30,24.2,4,4,100.0,False
12236173,2025-10-05T02:00:00+05:30,25.1,4,4,100.0,False
12236173,2025-10-05T03:00:00+05:30,23.1,4,4,100.0,False
12236173,2025-10-05T04:00:00+05:30,25.0,4,4,100.0,False
12236173,2025-10-05T05:00:00+05:30,24.3,4,4,100.0,False
12236173,2025-10-05T06:00:00+05:30,23.7,4,4,100.0,False
12236173,2025-10-05T07:00:00+05:30,24.3,4,4,100.0,False
12236173,2025-10-05T08:00:00+05:30,24.2,4,4,100.0,False
12236173,2025-10-05T09:00:00+05:30,23.5,3,4,75.0,False
12236173,2025-10-05T10:00:00+05:30,23.2,4,4,100.0,False
12236173,2025-10-05T11:00:00+05:30,24.6,4,4,100.0,False
12236173,2025-10-05T12:00:00+05:30,24.3,4,4,100.0,False
12236173,2025-10-05T13:00:00+05:30,24.5,4,4,100.0,False
12236173,2025-10-05T14:00:00+05:30,24.0,4,4,100.0,False
12236173,2025-10-05T15:00:00+05:30,24.1,4,4,100.0,False
12236173,2025-10-05T16:00:00+05:30,23.7,4,4,100.0,False
12236173,2025-10-05T17:00:00+05:30,24.7,4,4,100.0,False
12236173,2025-10-05T18:00:00+05:30,24.6,4,4,100.0,False
12236173,2025-10-05T19:00:00+05:30,24.7,3,4,75.0,False
12236173,2025-10-05T20:00:00+05:30,23.3,3,4,75.0,False
12236173,2025-10-05T21:00:00+05:30,23.4,4,4,100.0,False
12236173,2025-10-05T22:00:00+05:30,24.8,4,4,100.0,False
12236173,2025-10-06T01:00:00+05:30,24.4,3,4,75.0,False
12236173,2025-10-06T02:00:00+05:30,24.0,4,4,100.0,False
12236173,2025-10-06T03:00:00+05:30,24.5,4,4,100.0,False
12236173,2025-10-06T04:00:00+05:30,24.9,3,4,75.0,False
12236173,2025-10-06T07:00:00+05:30,16.6,3,4,75.0,False
12236173,2025-10-06T08:00:00+05:30,23.5,4,4,100.0,False
12236173,2025-10-06T09:00:00+05:30,16.6,3,4,75.0,False
12236173,2025-10-06T11:00:00+05:30,26.6,3,4,75.0,False
12236173,2025-10-06T12:00:00+05:30,28.9,4,4,100.0,False
12236173,2025-10-06T13:00:00+05:30,28.4,4,4,100.0,False
12236173,2025-10-06T14:00:00+05:30,27.5,4,4,100.0,False
12236173,2025-10-06T15:00:00+05:30,29.2,4,4,100.0,False
12236173,2025-10-06T16:00:00+05:30,28.2,4,4,100.0,False
12236173,2025-10-06T17:00:00+05:30,29.0,4,4,100.0,False
12236173,2025-10-06T18:00:00+05:30,27.8,4,4,100.0,False
12236173,2025-10-06T19:00:00+05:30,30.0,4,4,100.0,False
12236173,2025-10-06T20:00:00+05:30,28.1,4,4,100.0,False
12236173,2025-10-06T21:00:00+05:30,29.2,4,4,100.0,False
12236173,2025-10-06T22:00:00+05:30,28.9,4,4,100.0,False
12236173,2025-10-07T01:00:00+05:30,29.6,4,4,100.0,False
12236173,2025-10-07T02:00:00+05:30,29.2,4,4,100.0,False
12236173,2025-10-07T03:00:00+05:30,29.2,4,4,100.0,False
12236173,2025-10-07T04:00:00+05:30,29.1,4,4,100.0,False
12236173,2025-10-07T05:00:00+05:30,29.0,4,4,100.0,False
12236173,2025-10-07T06:00:00+05:30,27.9,4,4,100.0,False
12236173,2025-10-07T07:00:00+05:30,29.1,4,4,100.0,False
12236173,2025-10-07T08:00:00+05:30,30.4,4,4,100.0,False
12236173,2025-10-07T10:00:00+05:30,29.8,4,4,100.0,False
12236173,2025-10-07T11:00:00+05:30,31.1,4,4,100.0,False
12236173,2025-10-07T12:00:00+05:30,29.7,4,4,100.0,False
12236173,2025-10-07T13:00:00+05:30,30.1,4,4,100.0,False
12236173,2025-10-07T14:00:00+05:30,26.7,4,4,100.0,False
12236173,2025-10-07T15:00:00+05:30,27.1,4,4,100.0,False
12236173,2025-10-07T16:00:00+05:30,30.3,4,4,100.0,False
12236173,2025-10-07T17:00:00+05:30,30.5,4,4,100.0,False
12236173,2025-10-07T18:00:00+05:30,30.8,4,4,100.0,False
12236173,2025-10-07T19:00:00+05:30,27.4,4,4,100.0,False
12236173,2025-10-07T20:00:00+05:30,29.3,4,4,100.0,False
12236173,2025-10-07T21:00:00+05:30,28.7,4,4,100.0,False
12236173,2025-10-08T01:00:00+05:30,29.5,4,4,100.0,False
12236173,2025-10-08T02:00:00+05:30,30.3,4,4,100.0,False
12236173,2025-10-08T03:00:00+05:30,29.6,4,4,100.0,False
12236173,2025-10-08T04:00:00+05:30,30.1,4,4,100.0,False
12236173,2025-10-08T05:00:00+05:30,29.2,4,4,100.0,False
12236173,2025-10-08T06:00:00+05:30,29.1,4,4,100.0,False
12236173,2025-10-08T07:00:00+05:30,28.3,4,4,100.0,False
12236173,2025-10-08T08:00:00+05:30,29.0,4,4,100.0,False
12236173,2025-10-08T09:00:00+05:30,30.7,3,4,75.0,False
12236173,2025-10-08T10:00:00+05:30,28.1,4,4,100.0,False
12236173,2025-10-08T11:00:00+05:30,24.9,4,4,100.0,False
12236173,2025-10-08T12:00:00+05:30,24.5,4,4,100.0,False
12236173,2025-10-08T13:00:00+05:30,24.0,4,4,100.0,False
12236173,2025-10-08T14:00:00+05:30,23.4,4,4,100.0,False
12236173,2025-10-08T15:00:00+05:30,23.0,4,4,100.0,False
12236173,2025-10-08T16:00:00+05:30,24.5,4,4,100.0,False
12236173,2025-10-08T17:00:00+05:30,24.5,4,4,100.0,False
12236173,2025-10-08T18:00:00+05:30,23.8,4,4,100.0,False
12236173,2025-10-08T19:00:00+05:30,24.0,4,4,100.0,False
12236173,2025-10-08T20:00:00+05:30,23.8,3,4,75.0,False
12236173,2025-10-08T21:00:00+05:30,24.1,3,4,75.0,False
12236173,2025-10-08T22:00:00+05:30,24.9,4,4,100.0,False
12236173,2025-10-09T01:00:00+05:30,25.6,4,4,100.0,False
12236173,2025-10-09T03:00:00+05:30,23.0,3,4,75.0,False
12236173,2025-10-09T06:00:00+05:30,25.4,4,4,100.0,False
12236173,2025-10-09T07:00:00+05:30,23.6,4,4,100.0,False
12236173,2025-10-09T08:00:00+05:30,24.2,4,4,100.0,False
12236173,2025-10-09T09:00:00+05:30,24.0,3,4,75.0,False
12236173,2025-10-09T10:00:00+05:30,17.6,4,4,100.0,False
12236173,2025-10-09T11:00:00+05:30,24.6,3,4,75.0,False
12236173,2025-10-09T12:00:00+05:30,25.2,4,4,100.0,False
12236173,2025-10-09T13:00:00+05:30,24.4,4,4,100.0,False
12236173,2025-10-09T14:00:00+05:30,23.8,3,4,75.0,False
12236173,2025-10-09T15:00:00+05:30,24.7,4,4,100.0,False
12236173,2025-10-09T17:00:00+05:30,27.7,4,4,100.0,False
12236173,2025-10-09T18:00:00+05:30,27.7,4,4,100.0,False
12236173,2025-10-09T19:00:00+05:30,27.6,4,4,100.0,False
12236173,2025-10-09T20:00:00+05:30,27.8,4,4,100.0,False
12236173,2025-10-09T21:00:00+05:30,26.3,4,4,100.0,False
12236173,2025-10-09T22:00:00+05:30,28.9,4,4,100.0,False
12236173,2025-10-10T01:00:00+05:30,27.4,4,4,100.0,False
12236173,2025-10-10T02:00:00+05:30,30.0,3,4,75.0,False
12236173,2025-10-10T03:00:00+05:30,27.5,4,4,100.0,False
12236173,2025-10-10T04:00:00+05:30,28.5,4,4,100.0,False
12236173,2025-10-10T05:00:00+05:30,27.3,4,4,100.0,False
12236173,2025-10-10T06:00:00+05:30,28.0,4,4,100.0,False
12236173,2025-10-10T07:00:00+05:30,26.9,4,4,100.0,False
12236173,2025-10-10T08:00:00+05:30,28.0,4,4,100.0,False
12236173,2025-10-10T09:00:00+05:30,28.8,3,4,75.0,False
12236173,2025-10-10T10:00:00+05:30,26.6,4,4,100.0,False
12236173,2025-10-10T12:00:00+05:30,28.4,4,4,100.0,False
12236173,2025-10-10T13:00:00+05:30,26.8,3,4,75.0,False
12236173,2025-10-10T14:00:00+05:30,27.5,3,4,75.0,False
12236173,2025-10-10T19:00:00+05:30,29.3,4,4,100.0,False
12236173,2025-10-10T20:00:00+05:30,28.7,4,4,100.0,False
12236173,2025-10-10T21:00:00+05:30,28.7,4,4,100.0,False
12236173,2025-10-10T22:00:00+05:30,28.4,4,4,100.0,False
12236173,2025-10-11T02:00:00+05:30,27.7,3,4,75.0,False
12236173,2025-10-11T03:00:00+05:30,29.7,4,4,100.0,False
12236173,2025-10-11T05:00:00+05:30,28.0,4,4,100.0,False
12236173,2025-10-11T06:00:00+05:30,28.2,4,4,100.0,False
12236173,2025-10-11T07:00:00+05:30,28.5,4,4,100.0,False
12236173,2025-10-11T08:00:00+05:30,28.7,4,4,100.0,False
12236173,2025-10-11T09:00:00+05:30,26.7,3,4,75.0,False
12236173,2025-10-11T10:00:00+05:30,28.1,4,4,100.0,False
12236173,2025-10-11T12:00:00+05:30,28.4,3,4,75.0,False
12236173,2025-10-11T13:00:00+05:30,27.6,4,4,100.0,False
12236173,2025-10-11T14:00:00+05:30,29.2,4,4,100.0,False
12236173,2025-10-11T15:00:00+05:30,29.2,4,4,100.0,False
12236173,2025-10-11T16:00:00+05:30,29.3,4,4,100.0,False
12236173,2025-10-11T17:00:00+05:30,28.1,4,4,100.0,False
12236173,2025-10-11T18:00:00+05:30,27.0,4,4,100.0,False
12236173,2025-10-11T19:00:00+05:30,28.6,4,4,100.0,False
12236173,2025-10-11T20:00:00+05:30,28.3,4,4,100.0,False
12236173,2025-10-11T21:00:00+05:30,27.7,4,4,100.0,False
12236173,2025-10-11T22:00:00+05:30,28.9,4,4,100.0,False
12236173,2025-10-12T01:00:00+05:30,27.0,4,4,100.0,False
12236173,2025-10-12T02:00:00+05:30,27.9,4,4,100.0,False
12236173,2025-10-12T03:00:00+05:30,25.2,4,4,100.0,False
12236173,2025-10-12T04:00:00+05:30,27.9,4,4,100.0,False
12236173,2025-10-12T05:00:00+05:30,28.7,4,4,100.0,False
12236173,2025-10-12T06:00:00+05:30,27.7,4,4,100.0,False
12236173,2025-10-12T07:00:00+05:30,28.4,4,4,100.0,False
12236173,2025-10-12T08:00:00+05:30,29.5,4,4,100.0,False
12236173,2025-10-12T09:00:00+05:30,29.3,3,4,75.0,False
12236173,2025-10-12T10:00:00+05:30,29.9,4,4,100.0,False
12236173,2025-10-12T11:00:00+05:30,27.3,3,4,75.0,False
12236173,2025-10-12T12:00:00+05:30,28.0,3,4,75.0,False
12236173,2025-10-12T13:00:00+05:30,29.6,4,4,100.0,False
12236173,2025-10-12T14:00:00+05:30,29.3,4,4,100.0,False
12236173,2025-10-12T15:00:00+05:30,27.5,4,4,100.0,False
12236173,2025-10-12T16:00:00+05:30,28.5,4,4,100.0,False
12236173,2025-10-12T17:00:00+05:30,29.3,4,4,100.0,False
12236173,2025-10-12T18:00:00+05:30,29.8,4,4,100.0,False
12236173,2025-10-12T19:00:00+05:30,29.5,4,4,100.0,False
12236173,2025-10-12T20:00:00+05:30,27.5,3,4,75.0,False
12236173,2025-10-12T21:00:00+05:30,29.3,4,4,100.0,False
12236173,2025-10-12T22:00:00+05:30,27.2,3,4,75.0,False
12236173,2025-10-13T01:00:00+05:30,29.6,4,4,100.0,False
12236173,2025-10-13T02:00:00+05:30,28.3,4,4,100.0,False
12236173,2025-10-13T03:00:00+05:30,28.2,4,4,100.0,False
12236173,2025-10-13T04:00:00+05:30,28.0,4,4,100.0,False
12236173,2025-10-13T05:00:00+05:30,27.2,4,4,100.0,False
12236173,2025-10-13T06:00:00+05:30,20.8,4,4,100.0,False
12236173,2025-10-13T07:00:00+05:30,27.5,3,4,75.0,False
12236173,2025-10-13T09:00:00+05:30,29.4,3,4,75.0,False
12236173,2025-10-13T11:00:00+05:30,14.8,3,4,75.0,False
12236173,2025-10-13T15:00:00+05:30,10.7,4,4,100.0,False
12236173,2025-10-13T16:00:00+05:30,20.7,3,4,75.0,False
12236173,2025-10-13T17:00:00+05:30,21.8,4,4,100.0,False
12236173,2025-10-13T18:00:00+05:30,21.4,4,4,100.0,False
12236173,2025-10-13T19:00:00+05:30,21.0,4,4,100.0,False
12236173,2025-10-13T20:00:00+05:30,21.7,3,4,75.0,False
12236173,2025-10-13T21:00:00+05:30,20.4,4,4,100.0,False
12236173,2025-10-13T22:00:00+05:30,21.1,4,4,100.0,False
12236173,2025-10-14T01:00:00+05:30,20.3,4,4,100.0,False
12236173,2025-10-14T02:00:00+05:30,21.8,4,4,100.0,False
12236173,2025-10-14T03:00:00+05:30,20.4,4,4,100.0,False
12236173,2025-10-14T04:00:00+05:30,20.8,4,4,100.0,False
12236173,2025-10-14T05:00:00+05:30,22.3,3,4,75.0,False
12236173,2025-10-14T06:00:00+05:30,22.2,4,4,100.0,False
12236173,2025-10-14T07:00:00+05:30,21.3,4,4,100.0,False
12236173,2025-10-14T08:00:00+05:30,20.7,3,4,75.0,False
12236173,2025-10-14T09:00:00+05:30,22.8,4,4,100.0,False
12236173,2025-10-14T10:00:00+05:30,14.3,3,4,75.0,False
12236173,2025-10-14T11:00:00+05:30,22.1,4,4,100.0,False
12236173,2025-10-14T12:00:00+05:30,15.9,4,4,100.0,False
12236173,2025-10-14T13:00:00+05:30,21.0,4,4,100.0,False
12236173,2025-10-14T14:00:00+05:30,22.0,4,4,100.0,False
12236173,2025-10-14T15:00:00+05:30,16.6,4,4,100.0,False
12236173,2025-10-14T16:00:00+05:30,15.7,4,4,100.0,False
12236173,2025-10-14T17:00:00+05:30,15.8,4,4,100.0,False
12236173,2025-10-14T18:00:00+05:30,15.9,4,4,100.0,False
12236173,2025-10-14T19:00:00+05:30,15.9,4,4,100.0,False
12236173,2025-10-14T20:00:00+05:30,16.0,4,4,100.0,False
12236173,2025-10-14T21:00:00+05:30,15.4,4,4,100.0,False
12236173,2025-10-14T22:00:00+05:30,16.5,3,4,75.0,False
12236173,2025-10-15T01:00:00+05:30,16.4,4,4,100.0,False
12236173,2025-10-15T02:00:00+05:30,15.6,3,4,75.0,False
12236173,2025-10-15T03:00:00+05:30,16.7,3,4,75.0,False
12236173,2025-10-15T04:00:00+05:30,16.7,4,4,100.0,False
12236173,2025-10-15T12:00:00+05:30,16.1,4,4,100.0,False
12236173,2025-10-15T13:00:00+05:30,16.0,4,4,100.0,False
12236173,2025-10-15T15:00:00+05:30,16.4,3,4,75.0,False
12236173,2025-10-15T16:00:00+05:30,15.8,4,4,100.0,False
12236173,2025-10-15T21:00:00+05:30,16.1,4,4,100.0,False
12236173,2025-10-15T22:00:00+05:30,16.2,3,4,75.0,False
12236173,2025-10-16T01:00:00+05:30,16.0,3,4,75.0,False
12236173,2025-10-16T05:00:00+05:30,15.9,3,4,75.0,False
12236173,2025-10-16T07:00:00+05:30,15.9,4,4,100.0,False
12236173,2025-10-16T08:00:00+05:30,17.6,3,4,75.0,False
12236173,2025-10-16T09:00:00+05:30,15.7,4,4,100.0,False
12236173,2025-10-16T10:00:00+05:30,16.8,4,4,100.0,False
12236173,2025-10-16T12:00:00+05:30,15.9,3,4,75.0,False
12236173,2025-10-16T13:00:00+05:30,16.3,4,4,100.0,False
12236173,2025-10-16T14:00:00+05:30,15.9,4,4,100.0,False
12236173,2025-10-16T16:00:00+05:30,10.9,3,4,75.0,False
12236173,2025-10-16T17:00:00+05:30,16.5,3,4,75.0,False
12236173,2025-10-16T18:00:00+05:30,16.4,4,4,100.0,False
12236173,2025-10-16T19:00:00+05:30,10.9,3,4,75.0,False
12236173,2025-10-16T20:00:00+05:30,16.2,3,4,75.0,False
12236173,2025-10-16T21:00:00+05:30,12.1,4,4,100.0,False
12236173,2025-10-16T22:00:00+05:30,16.0,3,4,75.0,False
12236173,2025-10-17T13:00:00+05:30,12.8,3,4,75.0,False
12236173,2025-10-17T14:00:00+05:30,12.8,4,4,100.0,False
12236173,2025-10-17T15:00:00+05:30,13.0,4,4,100.0,False
12236173,2025-10-17T16:00:00+05:30,11.6,4,4,100.0,False
12236173,2025-10-17T17:00:00+05:30,12.4,4,4,100.0,False
12236173,2025-10-17T18:00:00+05:30,12.0,4,4,100.0,False
12236173,2025-10-17T19:00:00+05:30,12.6,3,4,75.0,False
12236173,2025-10-17T20:00:00+05:30,12.8,4,4,100.0,False
12236173,2025-10-17T21:00:00+05:30,12.3,4,4,100.0,False
12236173,2025-10-17T22:00:00+05:30,12.6,3,4,75.0,False
12236173,2025-10-18T01:00:00+05:30,12.3,4,4,100.0,False
12236173,2025-10-18T02:00:00+05:30,12.8,4,4,100.0,False
12236173,2025-10-18T03:00:00+05:30,12.6,4,4,100.0,False
12236173,2025-10-18T04:00:00+05:30,12.6,4,4,100.0,False
12236173,2025-10-18T05:00:00+05:30,12.6,4,4,100.0,False
12236173,2025-10-18T06:00:00+05:30,12.7,4,4,100.0,False
12236173,2025-10-18T07:00:00+05:30,12.1,4,4,100.0,False
12236173,2025-10-18T08:00:00+05:30,12.8,4,4,100.0,False
12236173,2025-10-18T09:00:00+05:30,11.8,4,4,100.0,False
12236173,2025-10-18T10:00:00+05:30,11.6,4,4,100.0,False
12236173,2025-10-18T11:00:00+05:30,12.8,4,4,100.0,False
12236173,2025-10-18T12:00:00+05:30,14.6,4,4,100.0,False
12236173,2025-10-18T13:00:00+05:30,15.2,4,4,100.0,False
12236173,2025-10-21T11:00:00+05:30,10.8,4,4,100.0,False
12236173,2025-10-21T12:00:00+05:30,9.72,3,4,75.0,False
12236173,2025-10-21T13:00:00+05:30,9.81,3,4,75.0,False
12236173,2025-10-21T14:00:00+05:30,9.89,4,4,100.0,False
12236173,2025-10-21T15:00:00+05:30,10.1,4,4,100.0,False
12236173,2025-10-21T16:00:00+05:30,10.5,4,4,100.0,False
12236173,2025-10-21T17:00:00+05:30,10.5,3,4,75.0,False
12236173,2025-10-21T18:00:00+05:30,10.4,4,4,100.0,False
12236173,2025-10-21T19:00:00+05:30,9.87,4,4,100.0,False
12236173,2025-10-21T20:00:00+05:30,10.4,3,4,75.0,False
12236173,2025-10-21T21:00:00+05:30,10.6,4,4,100.0,False
12236173,2025-10-21T22:00:00+05:30,9.98,4,4,100.0,False
12236173,2025-10-22T01:00:00+05:30,10.2,4,4,100.0,False
12236173,2025-10-22T02:00:00+05:30,9.59,4,4,100.0,False
12236173,2025-10-22T03:00:00+05:30,10.3,4,4,100.0,False
12236173,2025-10-22T04:00:00+05:30,10.5,4,4,100.0,False
12236173,2025-10-22T05:00:00+05:30,10.9,4,4,100.0,False
12236173,2025-10-22T06:00:00+05:30,9.9,3,4,75.0,False
12236173,2025-10-22T07:00:00+05:30,9.94,4,4,100.0,False
12236173,2025-10-22T10:00:00+05:30,8.58,3,4,75.0,False
12236173,2025-10-22T11:00:00+05:30,15.5,3,4,75.0,False
12236173,2025-10-22T12:00:00+05:30,15.4,4,4,100.0,False
12236173,2025-10-22T13:00:00+05:30,15.6,4,4,100.0,False
12236173,2025-10-22T15:00:00+05:30,14.6,4,4,100.0,False
12236173,2025-10-22T16:00:00+05:30,15.3,4,4,100.0,False
12236173,2025-10-22T17:00:00+05:30,15.1,4,4,100.0,False
12236173,2025-10-22T18:00:00+05:30,14.6,4,4,100.0,False
12236173,2025-10-22T19:00:00+05:30,15.3,3,4,75.0,False
12236173,2025-10-22T20:00:00+05:30,15.7,4,4,100.0,False
12236173,2025-10-22T21:00:00+05:30,15.2,4,4,100.0,False
12236173,2025-10-22T22:00:00+05:30,15.8,4,4,100.0,False
12236173,2025-10-23T01:00:00+05:30,15.6,4,4,100.0,False
12236173,2025-10-23T02:00:00+05:30,15.0,4,4,100.0,False
12236173,2025-10-23T03:00:00+05:30,14.9,4,4,100.0,False
12236173,2025-10-23T04:00:00+05:30,15.9,4,4,100.0,False
12236173,2025-10-23T05:00:00+05:30,15.8,4,4,100.0,False
12236173,2025-10-23T06:00:00+05:30,15.5,4,4,100.0,False
12236173,2025-10-23T07:00:00+05:30,14.9,4,4,100.0,False
12236173,2025-10-23T08:00:00+05:30,14.9,4,4,100.0,False
12236173,2025-10-23T09:00:00+05:30,15.4,4,4,100.0,False
12236173,2025-10-23T10:00:00+05:30,16.3,4,4,100.0,False
12236173,2025-10-23T11:00:00+05:30,16.0,4,4,100.0,False
12236173,2025-10-23T12:00:00+05:30,15.0,4,4,100.0,False
12236173,2025-10-23T13:00:00+05:30,14.8,4,4,100.0,False
12236173,2025-10-23T14:00:00+05:30,15.2,4,4,100.0,False
12236173,2025-10-23T15:00:00+05:30,14.6,3,4,75.0,False
12236173,2025-10-23T16:00:00+05:30,14.9,4,4,100.0,False
12236173,2025-10-23T17:00:00+05:30,15.2,4,4,100.0,False
12236173,2025-10-23T18:00:00+05:30,15.1,4,4,100.0,False
12236173,2025-10-23T19:00:00+05:30,15.0,4,4,100.0,False
12236173,2025-10-23T20:00:00+05:30,15.7,4,4,100.0,False
12236173,2025-10-23T21:00:00+05:30,14.9,4,4,100.0,False
12236173,2025-10-23T22:00:00+05:30,15.9,4,4,100.0,False
12236173,2025-10-24T01:00:00+05:30,15.8,3,4,75.0,False
12236173,2025-10-24T02:00:00+05:30,15.9,4,4,100.0,False
12236173,2025-10-24T03:00:00+05:30,14.1,4,4,100.0,False
12236173,2025-10-24T04:00:00+05:30,15.3,4,4,100.0,False
12236173,2025-10-24T05:00:00+05:30,15.2,3,4,75.0,False
12236173,2025-10-24T06:00:00+05:30,15.1,4,4,100.0,False
12236173,2025-10-24T07:00:00+05:30,10.5,4,4,100.0,False
12236173,2025-10-24T08:00:00+05:30,15.1,4,4,100.0,False
12236173,2025-10-24T09:00:00+05:30,14.0,3,4,75.0,False
12236173,2025-10-24T11:00:00+05:30,12.8,3,4,75.0,False
12236173,2025-10-24T14:00:00+05:30,9.75,4,4,100.0,False
12236173,2025-10-24T15:00:00+05:30,9.88,3,4,75.0,False
12236173,2025-10-24T16:00:00+05:30,9.96,4,4,100.0,False
12236173,2025-10-24T17:00:00+05:30,9.64,4,4,100.0,False
12236173,2025-10-24T18:00:00+05:30,9.69,3,4,75.0,False
12236173,2025-10-24T19:00:00+05:30,10.4,4,4,100.0,False
12236173,2025-10-24T20:00:00+05:30,9.78,4,4,100.0,False
12236173,2025-10-24T21:00:00+05:30,10.0,4,4,100.0,False
12236173,2025-10-24T22:00:00+05:30,10.3,4,4,100.0,False
12236173,2025-10-25T01:00:00+05:30,10.5,4,4,100.0,False
12236173,2025-10-25T02:00:00+05:30,10.8,4,4,100.0,False
12236173,2025-10-25T03:00:00+05:30,10.3,4,4,100.0,False
12236173,2025-10-25T04:00:00+05:30,10.2,4,4,100.0,False
12236173,2025-10-25T05:00:00+05:30,10.5,4,4,100.0,False
12236173,2025-10-25T06:00:00+05:30,10.9,4,4,100.0,False
12236173,2025-10-25T07:00:00+05:30,10.2,4,4,100.0,False
12236173,2025-10-25T08:00:00+05:30,10.0,4,4,100.0,False
12236173,2025-10-25T09:00:00+05:30,9.86,4,4,100.0,False
12236173,2025-10-25T10:00:00+05:30,9.64,4,4,100.0,False
12236173,2025-10-25T11:00:00+05:30,9.76,4,4,100.0,False
12236173,2025-10-25T12:00:00+05:30,9.73,4,4,100.0,False
12236173,2025-10-25T13:00:00+05:30,9.65,4,4,100.0,False
12236173,2025-10-25T14:00:00+05:30,9.86,4,4,100.0,False
12236173,2025-10-25T15:00:00+05:30,10.4,4,4,100.0,False
12236173,2025-10-25T16:00:00+05:30,9.77,3,4,75.0,False
12236173,2025-10-25T17:00:00+05:30,10.0,4,4,100.0,False
12236173,2025-10-25T18:00:00+05:30,9.55,4,4,100.0,False
12236173,2025-10-25T19:00:00+05:30,10.3,4,4,100.0,False
12236173,2025-10-25T20:00:00+05:30,10.4,4,4,100.0,False
12236173,2025-10-25T21:00:00+05:30,10.3,4,4,100.0,False
12236173,2025-10-25T22:00:00+05:30,10.8,4,4,100.0,False
12236173,2025-10-26T01:00:00+05:30,10.4,4,4,100.0,False
12236173,2025-10-26T02:00:00+05:30,10.1,3,4,75.0,False
12236173,2025-10-26T03:00:00+05:30,9.96,4,4,100.0,False
12236173,2025-10-26T04:00:00+05:30,9.89,3,4,75.0,False
12236173,2025-10-26T05:00:00+05:30,10.2,4,4,100.0,False
12236173,2025-10-26T06:00:00+05:30,10.6,4,4,100.0,False
12236173,2025-10-26T07:00:00+05:30,10.3,4,4,100.0,False
12236173,2025-10-26T08:00:00+05:30,9.86,4,4,100.0,False
12236173,2025-10-26T09:00:00+05:30,10.5,3,4,75.0,False
12236173,2025-10-27T05:00:00+05:30,10.1,4,4,100.0,False
12236173,2025-10-27T06:00:00+05:30,10.7,3,4,75.0,False
12236173,2025-10-27T07:00:00+05:30,9.86,4,4,100.0,False
12236173,2025-10-27T08:00:00+05:30,10.4,4,4,100.0,False
12236173,2025-10-27T09:00:00+05:30,10.2,4,4,100.0,False
12236173,2025-10-27T10:00:00+05:30,10.0,4,4,100.0,False
12236173,2025-10-27T11:00:00+05:30,9.82,4,4,100.0,False
12236173,2025-10-27T12:00:00+05:30,9.79,4,4,100.0,False
12236173,2025-10-27T14:00:00+05:30,11.2,3,4,75.0,False
12236173,2025-10-27T15:00:00+05:30,16.4,4,4,100.0,False
12236173,2025-10-27T16:00:00+05:30,16.7,4,4,100.0,False
12236173,2025-10-27T17:00:00+05:30,15.6,4,4,100.0,False
12236173,2025-10-27T18:00:00+05:30,16.9,4,4,100.0,False
12236173,2025-10-27T19:00:00+05:30,17.0,4,4,100.0,False
12236173,2025-10-27T20:00:00+05:30,16.3,4,4,100.0,False
12236173,2025-10-27T21:00:00+05:30,14.9,4,4,100.0,False
12236173,2025-10-27T22:00:00+05:30,16.4,4,4,100.0,False
12236173,2025-10-28T01:00:00+05:30,16.9,4,4,100.0,False
12236173,2025-10-28T02:00:00+05:30,16.1,4,4,100.0,False
12236173,2025-10-28T03:00:00+05:30,15.9,3,4,75.0,False
12236173,2025-10-28T04:00:00+05:30,16.7,4,4,100.0,False
12236173,2025-10-28T05:00:00+05:30,15.9,4,4,100.0,False
12236173,2025-10-28T06:00:00+05:30,15.8,3,4,75.0,False
12236173,2025-10-28T07:00:00+05:30,16.2,4,4,100.0,False
12236173,2025-10-28T08:00:00+05:30,16.4,4,4,100.0,False
12236173,2025-10-28T09:00:00+05:30,15.7,4,4,100.0,False
12236173,2025-10-28T13:00:00+05:30,16.3,4,4,100.0,False
12236173,2025-10-28T14:00:00+05:30,15.8,4,4,100.0,False
12236173,2025-10-28T15:00:00+05:30,16.5,4,4,100.0,False
12236173,2025-10-28T16:00:00+05:30,11.6,3,4,75.0,False
12236173,2025-10-28T19:00:00+05:30,9.59,3,4,75.0,False
12236173,2025-10-28T22:00:00+05:30,8.68,3,4,75.0,False
12236173,2025-10-29T01:00:00+05:30,9.45,4,4,100.0,False
12236173,2025-10-29T02:00:00+05:30,9.18,4,4,100.0,False
12236173,2025-10-29T03:00:00+05:30,9.09,3,4,75.0,False
12236173,2025-10-29T04:00:00+05:30,8.94,4,4,100.0,False
12236173,2025-10-29T05:00:00+05:30,9.0,4,4,100.0,False
12236173,2025-10-29T06:00:00+05:30,8.96,4,4,100.0,False
12236173,2025-10-29T07:00:00+05:30,9.31,4,4,100.0,False
12236173,2025-10-29T08:00:00+05:30,9.33,4,4,100.0,False
12236173,2025-10-29T09:00:00+05:30,9.27,4,4,100.0,False
12236173,2025-10-29T10:00:00+05:30,8.97,3,4,75.0,False
12236173,2025-10-29T11:00:00+05:30,9.45,4,4,100.0,False
12236173,2025-10-29T12:00:00+05:30,9.27,4,4,100.0,False
12236173,2025-10-29T13:00:00+05:30,9.34,4,4,100.0,False
12236173,2025-10-29T14:00:00+05:30,9.21,4,4,100.0,False
12236173,2025-10-29T15:00:00+05:30,9.08,3,4,75.0,False
12236173,2025-10-29T16:00:00+05:30,17.3,4,4,100.0,False
12236173,2025-10-29T17:00:00+05:30,17.1,4,4,100.0,False
12236173,2025-10-29T18:00:00+05:30,18.6,4,4,100.0,False
12236173,2025-10-29T19:00:00+05:30,16.8,4,4,100.0,False
12236173,2025-10-29T20:00:00+05:30,18.1,3,4,75.0,False
12236173,2025-10-29T21:00:00+05:30,17.6,4,4,100.0,False
12236173,2025-10-29T22:00:00+05:30,17.8,3,4,75.0,False
12236173,2025-10-30T01:00:00+05:30,17.4,4,4,100.0,False
12236173,2025-10-30T02:00:00+05:30,17.3,4,4,100.0,False
12236173,2025-10-30T03:00:00+05:30,18.0,4,4,100.0,False
12236173,2025-10-30T04:00:00+05:30,16.9,4,4,100.0,False
12236173,2025-10-30T05:00:00+05:30,17.4,4,4,100.0,False
12236173,2025-10-30T06:00:00+05:30,17.2,4,4,100.0,False
12236173,2025-10-30T07:00:00+05:30,13.1,4,4,100.0,False
12236173,2025-10-30T08:00:00+05:30,17.9,4,4,100.0,False
12236173,2025-10-30T09:00:00+05:30,18.1,3,4,75.0,False
12236173,2025-10-30T11:00:00+05:30,17.6,4,4,100.0,False
12236173,2025-10-30T14:00:00+05:30,17.2,3,4,75.0,False
12236173,2025-10-30T15:00:00+05:30,17.9,3,4,75.0,False
12236173,2025-10-30T16:00:00+05:30,16.8,3,4,75.0,False
12236173,2025-10-30T17:00:00+05:30,16.7,3,4,75.0,False
12236173,2025-10-30T18:00:00+05:30,16.6,4,4,100.0,False
12236173,2025-10-30T19:00:00+05:30,18.4,4,4,100.0,False
12236173,2025-10-30T20:00:00+05:30,17.6,3,4,75.0,False
12236173,2025-10-30T21:00:00+05:30,17.3,4,4,100.0,False
12236173,2025-10-30T22:00:00+05:30,19.3,3,4,75.0,False
12236173,2025-10-31T01:00:00+05:30,16.9,3,4,75.0,False
12236173,2025-10-31T02:00:00+05:30,17.3,4,4,100.0,False
12236173,2025-10-31T03:00:00+05:30,17.4,3,4,75.0,False
12236173,2025-10-31T04:00:00+05:30,16.4,3,4,75.0,False
12236173,2025-10-31T05:00:00+05:30,17.6,3,4,75.0,False
12236173,2025-10-31T06:00:00+05:30,17.0,4,4,100.0,False
12236173,2025-10-31T07:00:00+05:30,16.6,3,4,75.0,False
12236173,2025-10-31T08:00:00+05:30,18.3,4,4,100.0,False
12236173,2025-10-31T09:00:00+05:30,18.5,4,4,100.0,False
12236173,2025-10-31T13:00:00+05:30,17.6,4,4,100.0,False
12236173,2025-10-31T14:00:00+05:30,17.9,4,4,100.0,False
12236173,2025-10-31T15:00:00+05:30,17.7,3,4,75.0,False
12236173,2025-10-31T16:00:00+05:30,20.0,3,4,75.0,False
12236173,2025-10-31T17:00:00+05:30,20.8,4,4,100.0,False
12236173,2025-10-31T18:00:00+05:30,20.7,3,4,75.0,False
12236173,2025-10-31T19:00:00+05:30,19.8,4,4,100.0,False
12236173,2025-10-31T20:00:00+05:30,21.1,4,4,100.0,False
12236173,2025-10-31T21:00:00+05:30,20.9,4,4,100.0,False
12236173,2025-10-31T22:00:00+05:30,21.8,4,4,100.0,False
12236173,2025-11-01T03:00:00+05:30,21.1,3,4,75.0,False
12236173,2025-11-01T06:00:00+05:30,20.0,4,4,100.0,False
12236173,2025-11-01T07:00:00+05:30,21.8,4,4,100.0,False
12236173,2025-11-01T08:00:00+05:30,20.3,4,4,100.0,False
12236173,2025-11-01T09:00:00+05:30,20.2,3,4,75.0,False
12236173,2025-11-01T10:00:00+05:30,18.9,4,4,100.0,False
12236173,2025-11-01T11:00:00+05:30,20.5,4,4,100.0,False
12236173,2025-11-01T13:00:00+05:30,20.9,4,4,100.0,False
12236173,2025-11-01T14:00:00+05:30,20.9,4,4,100.0,False
12236173,2025-11-01T15:00:00+05:30,21.0,4,4,100.0,False
12236173,2025-11-01T16:00:00+05:30,22.9,4,4,100.0,False
12236173,2025-11-01T17:00:00+05:30,23.7,4,4,100.0,False
12236173,2025-11-01T18:00:00+05:30,23.0,4,4,100.0,False
12236173,2025-11-01T19:00:00+05:30,22.8,4,4,100.0,False
12236173,2025-11-01T20:00:00+05:30,23.4,4,4,100.0,False
12236173,2025-11-01T21:00:00+05:30,22.7,4,4,100.0,False
12236173,2025-11-01T22:00:00+05:30,23.6,4,4,100.0,False
12236173,2025-11-02T01:00:00+05:30,23.7,4,4,100.0,False
12236173,2025-11-02T02:00:00+05:30,21.5,4,4,100.0,False
12236173,2025-11-02T03:00:00+05:30,23.6,4,4,100.0,False
12236173,2025-11-02T04:00:00+05:30,23.0,4,4,100.0,False
12236173,2025-11-02T05:00:00+05:30,24.2,3,4,75.0,False
12236173,2025-11-02T07:00:00+05:30,24.6,4,4,100.0,False
12236173,2025-11-02T08:00:00+05:30,23.1,4,4,100.0,False
12236173,2025-11-02T09:00:00+05:30,22.8,3,4,75.0,False
12236173,2025-11-02T11:00:00+05:30,23.6,4,4,100.0,False
12236173,2025-11-02T12:00:00+05:30,23.2,3,4,75.0,False
12236173,2025-11-02T13:00:00+05:30,23.2,3,4,75.0,False
12236173,2025-11-02T14:00:00+05:30,22.6,4,4,100.0,False
12236173,2025-11-02T15:00:00+05:30,24.5,4,4,100.0,False
12236173,2025-11-02T16:00:00+05:30,24.7,3,4,75.0,False
12236173,2025-11-02T17:00:00+05:30,21.8,4,4,100.0,False
12236173,2025-11-02T18:00:00+05:30,22.5,4,4,100.0,False
12236173,2025-11-02T19:00:00+05:30,21.6,3,4,75.0,False
12236173,2025-11-02T20:00:00+05:30,23.5,4,4,100.0,False
12236173,2025-11-02T21:00:00+05:30,23.1,4,4,100.0,False
12236173,2025-11-02T22:00:00+05:30,23.8,3,4,75.0,False
12236173,2025-11-03T02:00:00+05:30,21.9,4,4,100.0,False
12236173,2025-11-03T03:00:00+05:30,22.7,3,4,75.0,False
12236173,2025-11-03T04:00:00+05:30,22.9,4,4,100.0,False
12236173,2025-11-03T07:00:00+05:30,22.7,3,4,75.0,False
12236173,2025-11-03T08:00:00+05:30,23.1,4,4,100.0,False
12236173,2025-11-03T09:00:00+05:30,23.1,4,4,100.0,False
12236173,2025-11-03T10:00:00+05:30,25.0,3,4,75.0,False
12236173,2025-11-03T14:00:00+05:30,24.2,4,4,100.0,False
12236173,2025-11-03T15:00:00+05:30,24.5,3,4,75.0,False
12236173,2025-11-03T17:00:00+05:30,23.3,4,4,100.0,False
12236173,2025-11-03T18:00:00+05:30,22.9,4,4,100.0,False
12236173,2025-11-03T19:00:00+05:30,23.9,4,4,100.0,False
12236173,2025-11-04T10:00:00+05:30,24.1,4,4,100.0,False
12236173,2025-11-04T14:00:00+05:30,25.6,4,4,100.0,False
12236173,2025-11-04T15:00:00+05:30,25.0,3,4,75.0,False
12236173,2025-11-04T16:00:00+05:30,25.1,3,4,75.0,False
12236173,2025-11-04T17:00:00+05:30,27.2,4,4,100.0,False
12236173,2025-11-04T18:00:00+05:30,24.8,4,4,100.0,False
12236173,2025-11-04T19:00:00+05:30,26.9,4,4,100.0,False
12236173,2025-11-04T20:00:00+05:30,26.5,4,4,100.0,False
12236173,2025-11-04T21:00:00+05:30,26.0,4,4,100.0,False
12236173,2025-11-04T22:00:00+05:30,27.2,4,4,100.0,False
12236173,2025-11-05T01:00:00+05:30,25.0,4,4,100.0,False
12236173,2025-11-05T02:00:00+05:30,26.5,4,4,100.0,False
12236173,2025-11-05T03:00:00+05:30,25.0,3,4,75.0,False
12236173,2025-11-05T04:00:00+05:30,25.5,3,4,75.0,False
12236173,2025-11-05T05:00:00+05:30,26.7,4,4,100.0,False
12236173,2025-11-05T06:00:00+05:30,27.8,4,4,100.0,False
12236173,2025-11-05T07:00:00+05:30,25.3,4,4,100.0,False
12236173,2025-11-05T08:00:00+05:30,26.1,4,4,100.0,False
12236173,2025-11-05T09:00:00+05:30,28.0,4,4,100.0,False
12236173,2025-11-05T10:00:00+05:30,25.8,4,4,100.0,False
12236173,2025-11-05T11:00:00+05:30,26.8,4,4,100.0,False
12236173,2025-11-05T12:00:00+05:30,24.9,4,4,100.0,False
12236173,2025-11-05T13:00:00+05:30,25.7,4,4,100.0,False
12236173,2025-11-05T14:00:00+05:30,26.3,4,4,100.0,False
12236173,2025-11-05T15:00:00+05:30,27.3,4,4,100.0,False
12236173,2025-11-05T16:00:00+05:30,26.8,4,4,100.0,False
12236173,2025-11-05T17:00:00+05:30,25.6,3,4,75.0,False
12236173,2025-11-05T18:00:00+05:30,24.7,3,4,75.0,False
12236173,2025-11-05T19:00:00+05:30,26.6,4,4,100.0,False
12236173,2025-11-05T20:00:00+05:30,27.1,4,4,100.0,False
12236173,2025-11-05T21:00:00+05:30,26.4,4,4,100.0,False
12236173,2025-11-05T22:00:00+05:30,26.0,4,4,100.0,False
12236173,2025-11-06T01:00:00+05:30,25.9,3,4,75.0,False
12236173,2025-11-06T02:00:00+05:30,25.6,3,4,75.0,False
12236173,2025-11-06T03:00:00+05:30,26.1,4,4,100.0,False
12236173,2025-11-06T04:00:00+05:30,25.4,4,4,100.0,False
12236173,2025-11-06T05:00:00+05:30,26.6,4,4,100.0,False
12236173,2025-11-06T06:00:00+05:30,26.9,4,4,100.0,False
12236173,2025-11-06T07:00:00+05:30,27.4,4,4,100.0,False
12236173,2025-11-06T08:00:00+05:30,26.3,4,4,100.0,False
12236173,2025-11-06T09:00:00+05:30,26.7,3,4,75.0,False
12236173,2025-11-06T10:00:00+05:30,27.1,3,4,75.0,False
12236173,2025-11-06T11:00:00+05:30,29.4,4,4,100.0,False
12236173,2025-11-06T12:00:00+05:30,29.7,3,4,75.0,False
12236173,2025-11-06T13:00:00+05:30,30.9,4,4,100.0,False
12236173,2025-11-06T14:00:00+05:30,29.7,4,4,100.0,False
12236173,2025-11-06T18:00:00+05:30,30.8,4,4,100.0,False
12236173,2025-11-06T19:00:00+05:30,32.7,4,4,100.0,False
12236173,2025-11-06T20:00:00+05:30,29.5,4,4,100.0,False
12236173,2025-11-06T21:00:00+05:30,23.4,4,4,100.0,False
12236173,2025-11-06T22:00:00+05:30,29.3,4,4,100.0,False
12236173,2025-11-07T01:00:00+05:30,32.1,4,4,100.0,False
12236173,2025-11-07T02:00:00+05:30,23.0,4,4,100.0,False
12236173,2025-11-07T03:00:00+05:30,30.8,4,4,100.0,False
12236173,2025-11-07T04:00:00+05:30,30.8,3,4,75.0,False
12236173,2025-11-07T05:00:00+05:30,30.5,4,4,100.0,False
12236173,2025-11-07T06:00:00+05:30,30.0,3,4,75.0,False
12236173,2025-11-07T07:00:00+05:30,31.8,4,4,100.0,False
12236173,2025-11-07T08:00:00+05:30,30.7,3,4,75.0,False
12236173,2025-11-07T09:00:00+05:30,29.3,4,4,100.0,False
12236173,2025-11-07T10:00:00+05:30,29.8,3,4,75.0,False
12236173,2025-11-07T11:00:00+05:30,31.2,4,4,100.0,False
12236173,2025-11-07T12:00:00+05:30,32.0,3,4,75.0,False
12236173,2025-11-07T13:00:00+05:30,21.4,3,4,75.0,False
12236173,2025-11-07T14:00:00+05:30,25.6,4,4,100.0,False
12236173,2025-11-07T15:00:00+05:30,26.5,4,4,100.0,False
12236173,2025-11-07T16:00:00+05:30,27.7,4,4,100.0,False
12236173,2025-11-07T17:00:00+05:30,28.4,4,4,100.0,False
12236173,2025-11-07T18:00:00+05:30,24.9,3,4,75.0,False
12236173,2025-11-07T19:00:00+05:30,25.8,4,4,100.0,False
12236173,2025-11-07T20:00:00+05:30,27.4,4,4,100.0,False
12236173,2025-11-07T21:00:00+05:30,25.7,4,4,100.0,False
12236173,2025-11-07T22:00:00+05:30,26.6,4,4,100.0,False
12236173,2025-11-08T01:00:00+05:30,25.7,4,4,100.0,False
12236173,2025-11-08T02:00:00+05:30,25.4,4,4,100.0,False
12236173,2025-11-08T03:00:00+05:30,26.5,4,4,100.0,False
12236173,2025-11-08T04:00:00+05:30,25.4,4,4,100.0,False
12236173,2025-11-08T05:00:00+05:30,26.8,4,4,100.0,False
12236173,2025-11-08T07:00:00+05:30,27.8,4,4,100.0,False
12236173,2025-11-08T08:00:00+05:30,26.6,4,4,100.0,False
12236173,2025-11-08T09:00:00+05:30,25.1,3,4,75.0,False
12236173,2025-11-08T10:00:00+05:30,25.8,4,4,100.0,False
12236173,2025-11-08T11:00:00+05:30,26.8,4,4,100.0,False
12236173,2025-11-08T12:00:00+05:30,25.6,3,4,75.0,False
12236173,2025-11-08T13:00:00+05:30,26.7,4,4,100.0,False
12236173,2025-11-08T14:00:00+05:30,26.2,3,4,75.0,False
12236173,2025-11-08T15:00:00+05:30,27.8,4,4,100.0,False
12236173,2025-11-08T16:00:00+05:30,28.0,3,4,75.0,False
12236173,2025-11-08T17:00:00+05:30,25.1,3,4,75.0,False
12236173,2025-11-08T18:00:00+05:30,26.8,4,4,100.0,False
12236173,2025-11-08T19:00:00+05:30,26.1,3,4,75.0,False
12236173,2025-11-08T20:00:00+05:30,26.7,4,4,100.0,False
12236173,2025-11-08T21:00:00+05:30,20.8,4,4,100.0,False
12236173,2025-11-08T22:00:00+05:30,25.0,4,4,100.0,False
12236173,2025-11-09T01:00:00+05:30,28.5,4,4,100.0,False
12236173,2025-11-09T02:00:00+05:30,25.6,4,4,100.0,False
12236173,2025-11-09T03:00:00+05:30,26.0,4,4,100.0,False
12236173,2025-11-09T04:00:00+05:30,25.6,4,4,100.0,False
12236173,2025-11-09T05:00:00+05:30,27.4,4,4,100.0,False
12236173,2025-11-09T07:00:00+05:30,27.3,4,4,100.0,False
12236173,2025-11-09T08:00:00+05:30,28.7,4,4,100.0,False
12236173,2025-11-09T09:00:00+05:30,25.2,3,4,75.0,False
12236173,2025-11-09T10:00:00+05:30,25.6,4,4,100.0,False
12236173,2025-11-09T11:00:00+05:30,18.0,3,4,75.0,False
12236173,2025-11-09T12:00:00+05:30,26.8,4,4,100.0,False
12236173,2025-11-09T14:00:00+05:30,26.9,3,4,75.0,False
12236173,2025-11-09T15:00:00+05:30,26.4,4,4,100.0,False
12236173,2025-11-09T16:00:00+05:30,25.7,4,4,100.0,False
12236173,2025-11-09T17:00:00+05:30,27.0,4,4,100.0,False
12236173,2025-11-09T18:00:00+05:30,25.4,3,4,75.0,False
12236173,2025-11-09T19:00:00+05:30,27.1,4,4,100.0,False
12236173,2025-11-09T20:00:00+05:30,26.5,4,4,100.0,False
12236173,2025-11-09T21:00:00+05:30,26.0,4,4,100.0,False
12236173,2025-11-09T22:00:00+05:30,26.7,3,4,75.0,False
12236173,2025-11-10T01:00:00+05:30,26.2,4,4,100.0,False
12236173,2025-11-10T02:00:00+05:30,26.9,3,4,75.0,False
12236173,2025-11-10T03:00:00+05:30,27.1,4,4,100.0,False
12236173,2025-11-10T04:00:00+05:30,27.8,4,4,100.0,False
12236173,2025-11-10T05:00:00+05:30,27.3,4,4,100.0,False
12236173,2025-11-10T07:00:00+05:30,25.7,3,4,75.0,False
12236173,2025-11-10T08:00:00+05:30,28.6,3,4,75.0,False
12236173,2025-11-10T10:00:00+05:30,26.2,3,4,75.0,False
12236173,2025-11-10T20:00:00+05:30,21.2,4,4,100.0,False
12236173,2025-11-10T21:00:00+05:30,20.9,4,4,100.0,False
12236173,2025-11-10T22:00:00+05:30,20.3,4,4,100.0,False
12236173,2025-11-11T01:00:00+05:30,21.7,4,4,100.0,False
12236173,2025-11-11T02:00:00+05:30,20.3,4,4,100.0,False
12236173,2025-11-11T03:00:00+05:30,19.7,4,4,100.0,False
12236173,2025-11-11T04:00:00+05:30,21.2,3,4,75.0,False
12236173,2025-11-11T05:00:00+05:30,20.8,4,4,100.0,False
12236173,2025-11-11T06:00:00+05:30,21.9,4,4,100.0,False
12236173,2025-11-11T07:00:00+05:30,20.5,4,4,100.0,False
12236173,2025-11-11T08:00:00+05:30,20.9,4,4,100.0,False
12236173,2025-11-11T09:00:00+05:30,21.0,4,4,100.0,False
12236173,2025-11-11T10:00:00+05:30,20.8,4,4,100.0,False
12236173,2025-11-11T11:00:00+05:30,20.5,3,4,75.0,False
12236173,2025-11-11T12:00:00+05:30,20.9,4,4,100.0,False
12236173,2025-11-11T13:00:00+05:30,23.7,4,4,100.0,False
12236173,2025-11-11T15:00:00+05:30,20.8,4,4,100.0,False
12236173,2025-11-11T16:00:00+05:30,20.7,4,4,100.0,False
12236173,2025-11-11T17:00:00+05:30,20.7,4,4,100.0,False
12236173,2025-11-11T18:00:00+05:30,20.2,3,4,75.0,False
12236173,2025-11-11T19:00:00+05:30,22.0,4,4,100.0,False
12236173,2025-11-11T20:00:00+05:30,21.2,4,4,100.0,False
12236173,2025-11-11T22:00:00+05:30,22.4,3,4,75.0,False
12236173,2025-11-12T01:00:00+05:30,21.7,4,4,100.0,False
12236173,2025-11-12T02:00:00+05:30,21.1,4,4,100.0,False
12236173,2025-11-12T03:00:00+05:30,21.7,4,4,100.0,False
12236173,2025-11-12T04:00:00+05:30,21.4,4,4,100.0,False
12236173,2025-11-12T05:00:00+05:30,21.7,4,4,100.0,False
12236173,2025-11-12T06:00:00+05:30,22.0,4,4,100.0,False
12236173,2025-11-12T08:00:00+05:30,20.9,4,4,100.0,False
12236173,2025-11-12T09:00:00+05:30,20.6,4,4,100.0,False
12236173,2025-11-12T10:00:00+05:30,20.4,4,4,100.0,False
12236173,2025-11-12T11:00:00+05:30,21.4,4,4,100.0,False
12236173,2025-11-12T12:00:00+05:30,22.9,4,4,100.0,False
12236173,2025-11-12T13:00:00+05:30,21.1,4,4,100.0,False
12236173,2025-11-12T14:00:00+05:30,25.9,4,4,100.0,False
12236173,2025-11-12T15:00:00+05:30,27.6,3,4,75.0,False
12236173,2025-11-12T16:00:00+05:30,26.9,4,4,100.0,False
12236173,2025-11-12T17:00:00+05:30,27.5,3,4,75.0,False
12236173,2025-11-12T18:00:00+05:30,27.4,4,4,100.0,False
12236173,2025-11-12T21:00:00+05:30,26.9,4,4,100.0,False
12236173,2025-11-12T22:00:00+05:30,27.7,3,4,75.0,False
12236173,2025-11-13T01:00:00+05:30,27.0,4,4,100.0,False
12236173,2025-11-13T02:00:00+05:30,27.1,4,4,100.0,False
12236173,2025-11-13T03:00:00+05:30,28.4,4,4,100.0,False
12236173,2025-11-13T04:00:00+05:30,27.1,4,4,100.0,False
12236173,2025-11-13T05:00:00+05:30,27.2,4,4,100.0,False
12236173,2025-11-13T06:00:00+05:30,26.7,4,4,100.0,False
12236173,2025-11-13T07:00:00+05:30,26.2,4,4,100.0,False
12236173,2025-11-13T08:00:00+05:30,28.5,4,4,100.0,False
12236173,2025-11-13T09:00:00+05:30,28.5,4,4,100.0,False
12236173,2025-11-13T10:00:00+05:30,28.3,4,4,100.0,False
12236173,2025-11-13T11:00:00+05:30,28.0,4,4,100.0,False
12236173,2025-11-13T12:00:00+05:30,27.2,4,4,100.0,False
12236173,2025-11-13T13:00:00+05:30,27.4,4,4,100.0,False
12236173,2025-11-13T14:00:00+05:30,28.3,4,4,100.0,False
12236173,2025-11-13T15:00:00+05:30,26.6,4,4,100.0,False
12236173,2025-11-13T16:00:00+05:30,22.8,4,4,100.0,False
12236173,2025-11-13T17:00:00+05:30,24.5,4,4,100.0,False
12236173,2025-11-13T18:00:00+05:30,23.0,4,4,100.0,False
12236173,2025-11-13T19:00:00+05:30,23.8,4,4,100.0,False
12236173,2025-11-13T20:00:00+05:30,24.4,4,4,100.0,False
12236173,2025-11-13T21:00:00+05:30,24.2,4,4,100.0,False
12236173,2025-11-13T22:00:00+05:30,24.1,4,4,100.0,False
12236173,2025-11-14T02:00:00+05:30,23.0,4,4,100.0,False
12236173,2025-11-14T03:00:00+05:30,25.0,4,4,100.0,False
12236173,2025-11-14T04:00:00+05:30,24.3,3,4,75.0,False
12236173,2025-11-14T05:00:00+05:30,23.5,4,4,100.0,False
12236173,2025-11-14T07:00:00+05:30,23.9,4,4,100.0,False
12236173,2025-11-14T08:00:00+05:30,25.1,4,4,100.0,False
12236173,2025-11-14T09:00:00+05:30,23.0,4,4,100.0,False
12236173,2025-11-14T10:00:00+05:30,15.6,3,4,75.0,False
12236173,2025-11-14T11:00:00+05:30,24.8,4,4,100.0,False
12236173,2025-11-14T12:00:00+05:30,22.4,3,4,75.0,False
12236173,2025-11-14T13:00:00+05:30,24.8,4,4,100.0,False
12236173,2025-11-14T17:00:00+05:30,20.1,4,4,100.0,False
12236173,2025-11-14T18:00:00+05:30,18.8,4,4,100.0,False
12236173,2025-11-14T19:00:00+05:30,20.6,3,4,75.0,False
12236173,2025-11-14T20:00:00+05:30,19.5,4,4,100.0,False
12236173,2025-11-14T22:00:00+05:30,19.4,4,4,100.0,False
12236173,2025-11-15T01:00:00+05:30,19.6,3,4,75.0,False
12236173,2025-11-15T02:00:00+05:30,19.5,3,4,75.0,False
12236173,2025-11-15T03:00:00+05:30,19.2,4,4,100.0,False
12236173,2025-11-15T04:00:00+05:30,19.2,4,4,100.0,False
12236173,2025-11-15T05:00:00+05:30,21.2,3,4,75.0,False
12236173,2025-11-15T08:00:00+05:30,19.0,3,4,75.0,False
12236173,2025-11-15T09:00:00+05:30,19.8,4,4,100.0,False
12236173,2025-11-15T10:00:00+05:30,18.6,4,4,100.0,False
12236173,2025-11-15T11:00:00+05:30,19.2,4,4,100.0,False
12236173,2025-11-15T12:00:00+05:30,20.5,4,4,100.0,False
12236173,2025-11-15T14:00:00+05:30,20.5,4,4,100.0,False
12236173,2025-11-15T15:00:00+05:30,19.4,3,4,75.0,False
12236173,2025-11-15T17:00:00+05:30,26.3,3,4,75.0,False
12236173,2025-11-15T18:00:00+05:30,27.6,4,4,100.0,False
12236173,2025-11-15T19:00:00+05:30,27.7,4,4,100.0,False
12236173,2025-11-15T20:00:00+05:30,26.4,4,4,100.0,False
12236173,2025-11-15T22:00:00+05:30,26.3,4,4,100.0,False
12236173,2025-11-16T01:00:00+05:30,29.5,3,4,75.0,False
12236173,2025-11-16T02:00:00+05:30,28.5,4,4,100.0,False
12236173,2025-11-16T03:00:00+05:30,29.2,4,4,100.0,False
12236173,2025-11-16T06:00:00+05:30,27.5,4,4,100.0,False
12236173,2025-11-16T07:00:00+05:30,19.1,3,4,75.0,False
12236173,2025-11-16T08:00:00+05:30,28.5,3,4,75.0,False
12236173,2025-11-16T09:00:00+05:30,28.0,3,4,75.0,False
12236173,2025-11-16T10:00:00+05:30,26.9,4,4,100.0,False
12236173,2025-11-16T11:00:00+05:30,28.1,4,4,100.0,False
12236173,2025-11-16T12:00:00+05:30,17.4,3,4,75.0,False
12236173,2025-11-16T14:00:00+05:30,28.0,3,4,75.0,False
12236173,2025-11-16T17:00:00+05:30,28.1,3,4,75.0,False
12236173,2025-11-16T18:00:00+05:30,27.8,3,4,75.0,False
12236173,2025-11-16T19:00:00+05:30,28.0,4,4,100.0,False
12236173,2025-11-16T20:00:00+05:30,27.9,3,4,75.0,False
12236173,2025-11-16T21:00:00+05:30,25.8,3,4,75.0,False
12236173,2025-11-16T22:00:00+05:30,18.5,3,4,75.0,False
12236173,2025-11-17T01:00:00+05:30,26.7,4,4,100.0,False
12236173,2025-11-17T02:00:00+05:30,27.2,4,4,100.0,False
12236173,2025-11-17T03:00:00+05:30,27.0,4,4,100.0,False
12236173,2025-11-17T04:00:00+05:30,27.8,4,4,100.0,False
12236173,2025-11-17T05:00:00+05:30,27.0,3,4,75.0,False
12236173,2025-11-17T09:00:00+05:30,26.9,3,4,75.0,False
12236173,2025-11-17T10:00:00+05:30,27.7,4,4,100.0,False
12236173,2025-11-17T11:00:00+05:30,26.7,3,4,75.0,False
12236173,2025-11-17T12:00:00+05:30,18.6,4,4,100.0,False
12236173,2025-11-17T13:00:00+05:30,22.7,4,4,100.0,False
12236173,2025-11-17T14:00:00+05:30,22.8,3,4,75.0,False
12236173,2025-11-17T15:00:00+05:30,23.9,4,4,100.0,False
12236173,2025-11-17T16:00:00+05:30,23.1,4,4,100.0,False
12236173,2025-11-17T17:00:00+05:30,24.0,4,4,100.0,False
12236173,2025-11-17T18:00:00+05:30,23.7,4,4,100.0,False
12236173,2025-11-17T19:00:00+05:30,21.9,3,4,75.0,False
12236173,2025-11-17T20:00:00+05:30,24.6,3,4,75.0,False
12236173,2025-11-17T21:00:00+05:30,24.2,4,4,100.0,False
12236173,2025-11-17T22:00:00+05:30,23.8,4,4,100.0,False
12236173,2025-11-18T01:00:00+05:30,23.9,3,4,75.0,False
12236173,2025-11-18T02:00:00+05:30,21.0,4,4,100.0,False
12236173,2025-11-18T03:00:00+05:30,22.7,3,4,75.0,False
12236173,2025-11-18T04:00:00+05:30,22.9,4,4,100.0,False
12236173,2025-11-18T05:00:00+05:30,23.5,3,4,75.0,False
12236173,2025-11-18T06:00:00+05:30,23.2,3,4,75.0,False
12236173,2025-11-18T07:00:00+05:30,23.1,4,4,100.0,False
12236173,2025-11-18T08:00:00+05:30,23.0,3,4,75.0,False
12236173,2025-11-18T17:00:00+05:30,15.6,4,4,100.0,False
12236173,2025-11-18T18:00:00+05:30,15.6,4,4,100.0,False
12236173,2025-11-18T19:00:00+05:30,15.4,4,4,100.0,False
12236173,2025-11-18T21:00:00+05:30,14.8,4,4,100.0,False
12236173,2025-11-18T22:00:00+05:30,15.4,4,4,100.0,False
12236173,2025-11-19T01:00:00+05:30,14.7,4,4,100.0,False
12236173,2025-11-19T02:00:00+05:30,15.4,4,4,100.0,False
12236173,2025-11-19T03:00:00+05:30,15.0,4,4,100.0,False
12236173,2025-11-19T04:00:00+05:30,14.7,4,4,100.0,False
12236173,2025-11-19T05:00:00+05:30,15.5,4,4,100.0,False
12236173,2025-11-19T06:00:00+05:30,15.6,4,4,100.0,False
12236173,2025-11-19T07:00:00+05:30,15.6,4,4,100.0,False
12236173,2025-11-19T08:00:00+05:30,16.0,4,4,100.0,False
12236173,2025-11-19T09:00:00+05:30,16.5,3,4,75.0,False
12236173,2025-11-19T10:00:00+05:30,14.8,4,4,100.0,False
12236173,2025-11-19T11:00:00+05:30,16.0,4,4,100.0,False
12236173,2025-11-19T12:00:00+05:30,15.9,4,4,100.0,False
12236173,2025-11-19T13:00:00+05:30,15.7,4,4,100.0,False
12236173,2025-11-19T14:00:00+05:30,14.0,3,4,75.0,False
12236173,2025-11-19T15:00:00+05:30,15.8,3,4,75.0,False
12236173,2025-11-19T19:00:00+05:30,15.2,4,4,100.0,False
12236173,2025-11-19T20:00:00+05:30,14.5,4,4,100.0,False
12236173,2025-11-19T21:00:00+05:30,15.7,3,4,75.0,False
12236173,2025-11-19T22:00:00+05:30,14.6,3,4,75.0,False
12236173,2025-11-20T01:00:00+05:30,15.8,4,4,100.0,False
12236173,2025-11-20T02:00:00+05:30,15.0,4,4,100.0,False
12236173,2025-11-20T03:00:00+05:30,16.0,4,4,100.0,False
12236173,2025-11-20T04:00:00+05:30,14.2,3,4,75.0,False
12236173,2025-11-20T05:00:00+05:30,15.4,3,4,75.0,False
12236173,2025-11-20T06:00:00+05:30,14.8,4,4,100.0,False
12236173,2025-11-20T07:00:00+05:30,15.4,4,4,100.0,False
12236173,2025-11-20T08:00:00+05:30,14.6,3,4,75.0,False
12236173,2025-11-20T09:00:00+05:30,14.7,4,4,100.0,False
12236173,2025-11-20T15:00:00+05:30,28.4,3,4,75.0,False
12236173,2025-11-20T16:00:00+05:30,28.4,3,4,75.0,False
12236173,2025-11-20T17:00:00+05:30,27.9,4,4,100.0,False
12236173,2025-11-20T18:00:00+05:30,28.1,3,4,75.0,False
12236173,2025-11-20T19:00:00+05:30,27.6,4,4,100.0,False
12236173,2025-11-20T20:00:00+05:30,30.4,4,4,100.0,False
12236173,2025-11-20T21:00:00+05:30,28.6,4,4,100.0,False
12236173,2025-11-20T22:00:00+05:30,28.9,4,4,100.0,False
12236173,2025-11-21T01:00:00+05:30,28.4,4,4,100.0,False
12236173,2025-11-21T02:00:00+05:30,28.7,4,4,100.0,False
12236173,2025-11-21T03:00:00+05:30,27.2,4,4,100.0,False
12236173,2025-11-21T04:00:00+05:30,30.2,4,4,100.0,False
12236173,2025-11-21T05:00:00+05:30,27.2,4,4,100.0,False
12236173,2025-11-21T06:00:00+05:30,28.7,4,4,100.0,False
12236173,2025-11-21T07:00:00+05:30,28.7,4,4,100.0,False
12236173,2025-11-21T08:00:00+05:30,28.7,4,4,100.0,False
12236173,2025-11-21T09:00:00+05:30,28.1,4,4,100.0,False
12236173,2025-11-21T10:00:00+05:30,18.3,3,4,75.0,False
12236173,2025-11-21T11:00:00+05:30,8.86,3,4,75.0,False
12236173,2025-11-21T12:00:00+05:30,27.7,4,4,100.0,False
12236173,2025-11-21T13:00:00+05:30,28.4,4,4,100.0,False
12236173,2025-11-21T14:00:00+05:30,29.6,4,4,100.0,False
12236173,2025-11-21T15:00:00+05:30,29.3,4,4,100.0,False
12236173,2025-11-21T16:00:00+05:30,24.1,3,4,75.0,False
12236173,2025-11-21T17:00:00+05:30,22.5,4,4,100.0,False
12236173,2025-11-21T18:00:00+05:30,24.3,4,4,100.0,False
12236173,2025-11-21T19:00:00+05:30,22.1,4,4,100.0,False
12236173,2025-11-21T20:00:00+05:30,23.8,4,4,100.0,False
12236173,2025-11-21T21:00:00+05:30,23.9,4,4,100.0,False
12236173,2025-11-21T22:00:00+05:30,21.5,4,4,100.0,False
12236173,2025-11-22T01:00:00+05:30,22.8,4,4,100.0,False
12236173,2025-11-22T02:00:00+05:30,22.4,4,4,100.0,False
12236173,2025-11-22T03:00:00+05:30,23.6,4,4,100.0,False
12236173,2025-11-22T04:00:00+05:30,23.1,4,4,100.0,False
12236173,2025-11-22T05:00:00+05:30,24.1,4,4,100.0,False
12236173,2025-11-22T06:00:00+05:30,23.0,4,4,100.0,False
12236173,2025-11-22T07:00:00+05:30,23.5,4,4,100.0,False
12236173,2025-11-22T08:00:00+05:30,23.1,4,4,100.0,False
12236173,2025-11-22T09:00:00+05:30,22.8,3,4,75.0,False
12236173,2025-11-22T10:00:00+05:30,23.9,3,4,75.0,False
12236173,2025-11-22T11:00:00+05:30,24.3,4,4,100.0,False
12236173,2025-11-22T12:00:00+05:30,23.5,3,4,75.0,False
12236173,2025-11-22T13:00:00+05:30,23.3,4,4,100.0,False
12236173,2025-11-22T14:00:00+05:30,22.8,4,4,100.0,False
12236173,2025-11-22T17:00:00+05:30,23.4,4,4,100.0,False
12236173,2025-11-22T18:00:00+05:30,22.8,4,4,100.0,False
12236173,2025-11-22T19:00:00+05:30,23.9,4,4,100.0,False
12236173,2025-11-22T20:00:00+05:30,23.8,4,4,100.0,False
12236173,2025-11-22T21:00:00+05:30,23.1,4,4,100.0,False
12236173,2025-11-23T01:00:00+05:30,22.5,3,4,75.0,False
12236173,2025-11-23T02:00:00+05:30,21.4,4,4,100.0,False
12236173,2025-11-23T03:00:00+05:30,24.3,4,4,100.0,False
12236173,2025-11-23T04:00:00+05:30,23.9,4,4,100.0,False
12236173,2025-11-23T05:00:00+05:30,23.6,4,4,100.0,False
12236173,2025-11-23T06:00:00+05:30,22.7,4,4,100.0,False
12236173,2025-11-23T07:00:00+05:30,22.8,4,4,100.0,False
12236173,2025-11-23T08:00:00+05:30,22.3,4,4,100.0,False
12236173,2025-11-23T09:00:00+05:30,23.9,4,4,100.0,False
12236173,2025-11-23T10:00:00+05:30,23.4,4,4,100.0,False
12236173,2025-11-23T11:00:00+05:30,23.2,4,4,100.0,False
12236173,2025-11-23T12:00:00+05:30,23.2,4,4,100.0,False
12236173,2025-11-23T13:00:00+05:30,23.3,4,4,100.0,False
12236173,2025-11-23T14:00:00+05:30,23.3,4,4,100.0,False
12236173,2025-11-23T19:00:00+05:30,22.3,3,4,75.0,False
12236173,2025-11-23T20:00:00+05:30,24.4,3,4,75.0,False
12236173,2025-11-23T21:00:00+05:30,22.8,4,4,100.0,False
12236173,2025-11-23T22:00:00+05:30,22.9,4,4,100.0,False
12236173,2025-11-24T01:00:00+05:30,23.5,3,4,75.0,False
12236173,2025-11-24T02:00:00+05:30,24.4,4,4,100.0,False
12236173,2025-11-24T03:00:00+05:30,21.9,4,4,100.0,False
12236173,2025-11-24T04:00:00+05:30,22.5,4,4,100.0,False
12236173,2025-11-24T05:00:00+05:30,23.3,4,4,100.0,False
12236173,2025-11-24T06:00:00+05:30,23.0,3,4,75.0,False
12236173,2025-11-24T07:00:00+05:30,22.5,4,4,100.0,False
12236173,2025-11-24T08:00:00+05:30,22.9,4,4,100.0,False
12236173,2025-11-24T09:00:00+05:30,22.9,4,4,100.0,False
12236173,2025-11-24T10:00:00+05:30,19.1,4,4,100.0,False
12236173,2025-11-24T11:00:00+05:30,14.2,4,4,100.0,False
12236173,2025-11-24T13:00:00+05:30,13.9,3,4,75.0,False
12236173,2025-11-24T14:00:00+05:30,13.6,4,4,100.0,False
12236173,2025-11-24T15:00:00+05:30,13.7,3,4,75.0,False
12236173,2025-11-24T16:00:00+05:30,15.0,3,4,75.0,False
12236173,2025-11-24T18:00:00+05:30,14.8,4,4,100.0,False
12236173,2025-11-24T19:00:00+05:30,14.6,4,4,100.0,False
12236173,2025-11-24T20:00:00+05:30,13.8,4,4,100.0,False
12236173,2025-11-24T21:00:00+05:30,14.5,4,4,100.0,False
12236173,2025-11-24T22:00:00+05:30,13.9,4,4,100.0,False
12236173,2025-11-25T01:00:00+05:30,13.3,4,4,100.0,False
12236173,2025-11-25T02:00:00+05:30,14.1,4,4,100.0,False
12236173,2025-11-25T03:00:00+05:30,13.9,4,4,100.0,False
12236173,2025-11-25T04:00:00+05:30,14.7,4,4,100.0,False
12236173,2025-11-25T05:00:00+05:30,13.8,4,4,100.0,False
12236173,2025-11-25T06:00:00+05:30,15.2,4,4,100.0,False
12236173,2025-11-25T07:00:00+05:30,14.7,4,4,100.0,False
12236173,2025-11-25T08:00:00+05:30,13.8,4,4,100.0,False
12236173,2025-11-25T09:00:00+05:30,15.1,4,4,100.0,False
12236173,2025-11-25T10:00:00+05:30,14.3,4,4,100.0,False
12236173,2025-11-25T11:00:00+05:30,13.5,4,4,100.0,False
12236173,2025-11-25T12:00:00+05:30,14.7,4,4,100.0,False
12236173,2025-11-25T13:00:00+05:30,14.4,4,4,100.0,False
12236173,2025-11-25T14:00:00+05:30,14.1,4,4,100.0,False
12236173,2025-11-25T15:00:00+05:30,14.7,4,4,100.0,False
12236173,2025-11-25T16:00:00+05:30,21.1,4,4,100.0,False
12236173,2025-11-25T17:00:00+05:30,19.7,4,4,100.0,False
12236173,2025-11-25T18:00:00+05:30,21.0,4,4,100.0,False
12236173,2025-11-25T19:00:00+05:30,21.2,4,4,100.0,False
12236173,2025-11-25T20:00:00+05:30,19.8,4,4,100.0,False
12236173,2025-11-25T21:00:00+05:30,20.5,4,4,100.0,False
12236173,2025-11-25T22:00:00+05:30,19.5,4,4,100.0,False
12236173,2025-11-26T01:00:00+05:30,20.5,4,4,100.0,False
12236173,2025-11-26T02:00:00+05:30,19.7,4,4,100.0,False
12236173,2025-11-26T03:00:00+05:30,20.4,4,4,100.0,False
12236173,2025-11-26T04:00:00+05:30,20.7,4,4,100.0,False
12236173,2025-11-26T05:00:00+05:30,20.2,4,4,100.0,False
12236173,2025-11-26T06:00:00+05:30,20.4,4,4,100.0,False
12236173,2025-11-26T07:00:00+05:30,20.5,3,4,75.0,False
12236173,2025-11-26T08:00:00+05:30,19.7,4,4,100.0,False
12236173,2025-11-26T09:00:00+05:30,19.8,4,4,100.0,False
12236173,2025-11-26T10:00:00+05:30,19.5,3,4,75.0,False
12236173,2025-11-26T11:00:00+05:30,20.3,4,4,100.0,False
12236173,2025-11-26T13:00:00+05:30,20.0,3,4,75.0,False
12236173,2025-11-26T15:00:00+05:30,19.7,4,4,100.0,False
12236173,2025-11-26T16:00:00+05:30,21.7,3,4,75.0,False
12236173,2025-11-26T17:00:00+05:30,19.7,4,4,100.0,False
12236173,2025-11-26T19:00:00+05:30,20.4,4,4,100.0,False
12236173,2025-11-26T20:00:00+05:30,21.1,4,4,100.0,False
12236173,2025-11-26T21:00:00+05:30,20.8,4,4,100.0,False
12236173,2025-11-26T22:00:00+05:30,19.9,4,4,100.0,False
12236173,2025-11-27T01:00:00+05:30,19.6,4,4,100.0,False
12236173,2025-11-27T02:00:00+05:30,20.9,4,4,100.0,False
12236173,2025-11-27T03:00:00+05:30,20.6,4,4,100.0,False
12236173,2025-11-27T04:00:00+05:30,18.8,4,4,100.0,False
12236173,2025-11-27T05:00:00+05:30,20.4,4,4,100.0,False
12236173,2025-11-27T06:00:00+05:30,20.6,4,4,100.0,False
12236173,2025-11-27T07:00:00+05:30,20.0,4,4,100.0,False
12236173,2025-11-27T08:00:00+05:30,20.5,4,4,100.0,False
12236173,2025-11-27T09:00:00+05:30,20.6,4,4,100.0,False
12236173,2025-11-27T10:00:00+05:30,20.5,4,4,100.0,False
12236173,2025-11-27T11:00:00+05:30,21.3,3,4,75.0,False
12236173,2025-11-27T12:00:00+05:30,25.8,4,4,100.0,False
12236173,2025-11-27T13:00:00+05:30,25.2,4,4,100.0,False
12236173,2025-11-27T14:00:00+05:30,26.8,3,4,75.0,False
12236173,2025-11-27T17:00:00+05:30,25.3,4,4,100.0,False
12236173,2025-11-27T18:00:00+05:30,25.1,4,4,100.0,False
12236173,2025-11-27T19:00:00+05:30,26.6,4,4,100.0,False
12236173,2025-11-27T20:00:00+05:30,26.2,3,4,75.0,False
12236173,2025-11-27T21:00:00+05:30,24.7,3,4,75.0,False
12236173,2025-11-27T22:00:00+05:30,25.6,4,4,100.0,False
12236173,2025-11-28T01:00:00+05:30,24.7,4,4,100.0,False
12236173,2025-11-28T02:00:00+05:30,24.7,4,4,100.0,False
12236173,2025-11-28T03:00:00+05:30,25.0,4,4,100.0,False
12236173,2025-11-28T04:00:00+05:30,25.1,4,4,100.0,False
12236173,2025-11-28T05:00:00+05:30,24.1,3,4,75.0,False
12236173,2025-11-28T06:00:00+05:30,26.2,4,4,100.0,False
12236173,2025-11-28T07:00:00+05:30,26.8,4,4,100.0,False
12236173,2025-11-28T08:00:00+05:30,24.3,4,4,100.0,False
12236173,2025-11-28T09:00:00+05:30,26.0,4,4,100.0,False
12236173,2025-11-28T10:00:00+05:30,27.0,4,4,100.0,False
12236173,2025-11-28T11:00:00+05:30,24.9,3,4,75.0,False
12236173,2025-11-28T13:00:00+05:30,24.5,4,4,100.0,False
12236173,2025-11-28T14:00:00+05:30,24.5,4,4,100.0,False
12236173,2025-11-28T15:00:00+05:30,25.4,4,4,100.0,False
12236173,2025-11-28T16:00:00+05:30,25.8,4,4,100.0,False
12236173,2025-11-28T17:00:00+05:30,25.9,4,4,100.0,False
12236173,2025-11-28T18:00:00+05:30,25.2,4,4,100.0,False
12236173,2025-11-28T19:00:00+05:30,24.0,3,4,75.0,False
12236173,2025-11-28T20:00:00+05:30,25.5,4,4,100.0,False
12236173,2025-11-28T21:00:00+05:30,26.0,4,4,100.0,False
12236173,2025-11-28T22:00:00+05:30,26.2,4,4,100.0,False
12236173,2025-11-29T01:00:00+05:30,25.7,4,4,100.0,False
12236173,2025-11-29T02:00:00+05:30,25.3,4,4,100.0,False
12236173,2025-11-29T03:00:00+05:30,25.2,4,4,100.0,False
12236173,2025-11-29T04:00:00+05:30,25.0,4,4,100.0,False
12236173,2025-11-29T05:00:00+05:30,23.8,4,4,100.0,False
12236173,2025-11-29T06:00:00+05:30,25.1,4,4,100.0,False
12236173,2025-11-29T07:00:00+05:30,25.1,4,4,100.0,False
12236173,2025-11-29T08:00:00+05:30,26.0,3,4,75.0,False
12236173,2025-11-29T09:00:00+05:30,25.8,4,4,100.0,False
12236173,2025-11-29T10:00:00+05:30,25.8,4,4,100.0,False
12236173,2025-11-29T11:00:00+05:30,25.3,4,4,100.0,False
12236173,2025-11-29T12:00:00+05:30,25.4,4,4,100.0,False
12236173,2025-11-29T13:00:00+05:30,25.5,4,4,100.0,False
12236173,2025-11-29T14:00:00+05:30,25.8,4,4,100.0,False
12236173,2025-11-29T15:00:00+05:30,23.7,4,4,100.0,False
12236173,2025-12-01T12:00:00+05:30,24.7,3,4,75.0,False
12236173,2025-12-01T13:00:00+05:30,27.0,4,4,100.0,False
12236173,2025-12-01T14:00:00+05:30,25.2,3,4,75.0,False
12236173,2025-12-01T15:00:00+05:30,26.0,4,4,100.0,False
12236173,2025-12-01T16:00:00+05:30,27.8,4,4,100.0,False
12236173,2025-12-01T17:00:00+05:30,27.1,4,4,100.0,False
12236173,2025-12-01T18:00:00+05:30,27.9,3,4,75.0,False
12236173,2025-12-01T19:00:00+05:30,29.2,4,4,100.0,False
12236173,2025-12-01T20:00:00+05:30,28.3,4,4,100.0,False
12236173,2025-12-01T21:00:00+05:30,27.8,4,4,100.0,False
12236173,2025-12-01T22:00:00+05:30,27.9,4,4,100.0,False
12236173,2025-12-02T01:00:00+05:30,29.1,4,4,100.0,False
12236173,2025-12-02T02:00:00+05:30,27.1,4,4,100.0,False
12236173,2025-12-02T03:00:00+05:30,29.7,4,4,100.0,False
12236173,2025-12-02T04:00:00+05:30,29.0,3,4,75.0,False
12236173,2025-12-02T05:00:00+05:30,28.5,3,4,75.0,False
12236173,2025-12-02T06:00:00+05:30,29.9,4,4,100.0,False
12236173,2025-12-02T07:00:00+05:30,28.2,4,4,100.0,False
12236173,2025-12-02T08:00:00+05:30,29.2,4,4,100.0,False
12236173,2025-12-02T09:00:00+05:30,28.4,4,4,100.0,False
12236173,2025-12-02T10:00:00+05:30,22.0,4,4,100.0,False
12236173,2025-12-02T11:00:00+05:30,28.3,4,4,100.0,False
12236173,2025-12-02T12:00:00+05:30,28.8,4,4,100.0,False
12236173,2025-12-02T13:00:00+05:30,28.3,4,4,100.0,False
12236173,2025-12-02T14:00:00+05:30,27.4,3,4,75.0,False
12236173,2025-12-02T16:00:00+05:30,30.1,4,4,100.0,False
12236173,2025-12-02T17:00:00+05:30,29.2,3,4,75.0,False
12236173,2025-12-02T18:00:00+05:30,27.9,4,4,100.0,False
12236173,2025-12-02T19:00:00+05:30,29.1,4,4,100.0,False
12236173,2025-12-02T20:00:00+05:30,28.4,4,4,100.0,False
12236173,2025-12-02T21:00:00+05:30,28.8,4,4,100.0,False
12236173,2025-12-02T22:00:00+05:30,28.7,4,4,100.0,False
12236173,2025-12-03T01:00:00+05:30,28.8,4,4,100.0,False
12236173,2025-12-03T02:00:00+05:30,29.1,4,4,100.0,False
12236173,2025-12-03T03:00:00+05:30,28.6,3,4,75.0,False
12236173,2025-12-03T04:00:00+05:30,26.0,4,4,100.0,False
12236173,2025-12-03T05:00:00+05:30,28.8,4,4,100.0,False
12236173,2025-12-03T06:00:00+05:30,29.1,3,4,75.0,False
12236173,2025-12-03T07:00:00+05:30,28.9,4,4,100.0,False
12236173,2025-12-03T08:00:00+05:30,29.8,4,4,100.0,False
12236173,2025-12-03T09:00:00+05:30,29.6,4,4,100.0,False
12236173,2025-12-03T10:00:00+05:30,28.3,4,4,100.0,False
12236173,2025-12-03T11:00:00+05:30,28.4,4,4,100.0,False
12236173,2025-12-03T12:00:00+05:30,27.6,4,4,100.0,False
12236173,2025-12-03T14:00:00+05:30,26.9,4,4,100.0,False
12236173,2025-12-03T16:00:00+05:30,27.8,4,4,100.0,False
12236173,2025-12-03T17:00:00+05:30,26.6,4,4,100.0,False
12236173,2025-12-03T18:00:00+05:30,29.2,4,4,100.0,False
12236173,2025-12-03T19:00:00+05:30,28.0,4,4,100.0,False
12236173,2025-12-03T20:00:00+05:30,29.7,4,4,100.0,False
12236173,2025-12-03T21:00:00+05:30,29.1,4,4,100.0,False
12236173,2025-12-03T22:00:00+05:30,27.8,4,4,100.0,False
12236173,2025-12-04T01:00:00+05:30,28.1,4,4,100.0,False
12236173,2025-12-04T02:00:00+05:30,29.6,4,4,100.0,False
12236173,2025-12-04T03:00:00+05:30,28.1,4,4,100.0,False
12236173,2025-12-04T04:00:00+05:30,27.8,4,4,100.0,False
12236173,2025-12-04T05:00:00+05:30,29.0,4,4,100.0,False
12236173,2025-12-04T06:00:00+05:30,27.6,4,4,100.0,False
12236173,2025-12-04T07:00:00+05:30,28.4,3,4,75.0,False
12236173,2025-12-04T08:00:00+05:30,28.2,3,4,75.0,False
12236173,2025-12-04T09:00:00+05:30,30.0,4,4,100.0,False
12236173,2025-12-04T15:00:00+05:30,26.8,4,4,100.0,False
12236173,2025-12-04T16:00:00+05:30,27.8,3,4,75.0,False
12236173,2025-12-04T17:00:00+05:30,28.3,4,4,100.0,False
12236173,2025-12-04T18:00:00+05:30,28.8,4,4,100.0,False
12236173,2025-12-04T19:00:00+05:30,28.4,4,4,100.0,False
12236173,2025-12-04T20:00:00+05:30,28.4,4,4,100.0,False
12236173,2025-12-04T21:00:00+05:30,29.3,4,4,100.0,False
12236173,2025-12-04T22:00:00+05:30,27.6,4,4,100.0,False
12236173,2025-12-05T01:00:00+05:30,28.5,4,4,100.0,False
12236173,2025-12-05T02:00:00+05:30,29.1,4,4,100.0,False
12236173,2025-12-05T03:00:00+05:30,28.7,4,4,100.0,False
12236173,2025-12-05T04:00:00+05:30,27.8,4,4,100.0,False
12236173,2025-12-05T05:00:00+05:30,28.5,4,4,100.0,False
12236173,2025-12-05T06:00:00+05:30,28.2,4,4,100.0,False
12236173,2025-12-05T07:00:00+05:30,28.9,4,4,100.0,False
12236173,2025-12-05T08:00:00+05:30,28.6,4,4,100.0,False
12236173,2025-12-05T09:00:00+05:30,26.3,4,4,100.0,False
12236173,2025-12-05T10:00:00+05:30,28.1,4,4,100.0,False
12236173,2025-12-05T11:00:00+05:30,29.9,4,4,100.0,False
12236173,2025-12-05T12:00:00+05:30,28.0,4,4,100.0,False
12236173,2025-12-05T13:00:00+05:30,28.1,4,4,100.0,False
12236173,2025-12-05T14:00:00+05:30,28.7,3,4,75.0,False
12236173,2025-12-05T16:00:00+05:30,27.0,3,4,75.0,False
12236173,2025-12-05T17:00:00+05:30,59.2,4,4,100.0,False
12236173,2025-12-05T18:00:00+05:30,81.5,4,4,100.0,False
12236173,2025-12-05T19:00:00+05:30,114.0,4,4,100.0,False
12236173,2025-12-05T20:00:00+05:30,98.5,4,4,100.0,False
12236173,2025-12-05T21:00:00+05:30,74.7,4,4,100.0,False
12236173,2025-12-05T22:00:00+05:30,59.8,4,4,100.0,False
12236173,2025-12-06T01:00:00+05:30,39.8,4,4,100.0,False
12236173,2025-12-06T02:00:00+05:30,49.8,4,4,100.0,False
12236173,2025-12-06T03:00:00+05:30,42.4,4,4,100.0,False
12236173,2025-12-06T04:00:00+05:30,44.2,4,4,100.0,False
12236173,2025-12-06T05:00:00+05:30,54.3,4,4,100.0,False
12236173,2025-12-06T06:00:00+05:30,56.8,4,4,100.0,False
12236173,2025-12-06T07:00:00+05:30,67.9,4,4,100.0,False
12236173,2025-12-06T08:00:00+05:30,92.6,4,4,100.0,False
12236173,2025-12-06T09:00:00+05:30,100.0,4,4,100.0,False
12236173,2025-12-06T10:00:00+05:30,63.7,4,4,100.0,False
12236173,2025-12-06T11:00:00+05:30,55.3,3,4,75.0,False
12236173,2025-12-06T12:00:00+05:30,70.5,4,4,100.0,False
12236173,2025-12-06T13:00:00+05:30,65.4,4,4,100.0,False
12236173,2025-12-06T14:00:00+05:30,65.8,4,4,100.0,False
12236173,2025-12-06T15:00:00+05:30,52.3,4,4,100.0,False
12236173,2025-12-06T16:00:00+05:30,48.8,4,4,100.0,False
12236173,2025-12-06T17:00:00+05:30,48.3,4,4,100.0,False
12236173,2025-12-06T18:00:00+05:30,55.5,4,4,100.0,False
12236173,2025-12-06T19:00:00+05:30,66.6,3,4,75.0,False
12236173,2025-12-06T20:00:00+05:30,77.6,3,4,75.0,False
12236173,2025-12-06T21:00:00+05:30,79.4,4,4,100.0,False
12236173,2025-12-06T22:00:00+05:30,74.8,4,4,100.0,False
12236173,2025-12-07T01:00:00+05:30,81.9,4,4,100.0,False
12236173,2025-12-07T02:00:00+05:30,74.7,4,4,100.0,False
12236173,2025-12-07T03:00:00+05:30,68.2,4,4,100.0,False
12236173,2025-12-07T04:00:00+05:30,67.5,4,4,100.0,False
12236173,2025-12-07T05:00:00+05:30,76.9,4,4,100.0,False
12236173,2025-12-07T06:00:00+05:30,55.0,4,4,100.0,False
12236173,2025-12-07T07:00:00+05:30,55.7,4,4,100.0,False
12236173,2025-12-07T08:00:00+05:30,47.1,4,4,100.0,False
12236173,2025-12-07T09:00:00+05:30,47.3,4,4,100.0,False
12236173,2025-12-07T10:00:00+05:30,44.7,4,4,100.0,False
12236173,2025-12-07T11:00:00+05:30,50.1,4,4,100.0,False
12236173,2025-12-08T12:00:00+05:30,62.6,4,4,100.0,False
12236173,2025-12-08T13:00:00+05:30,64.4,4,4,100.0,False
12236173,2025-12-08T14:00:00+05:30,62.6,3,4,75.0,False
12236173,2025-12-08T15:00:00+05:30,68.3,3,4,75.0,False
12236173,2025-12-08T17:00:00+05:30,57.1,3,4,75.0,False
12236173,2025-12-08T18:00:00+05:30,59.7,3,4,75.0,False
12236173,2025-12-08T19:00:00+05:30,79.7,3,4,75.0,False
12236173,2025-12-08T20:00:00+05:30,109.0,3,4,75.0,False
12236173,2025-12-08T22:00:00+05:30,117.0,4,4,100.0,False
12236173,2025-12-09T01:00:00+05:30,106.0,4,4,100.0,False
12236173,2025-12-09T02:00:00+05:30,104.0,3,4,75.0,False
12236173,2025-12-09T03:00:00+05:30,73.5,4,4,100.0,False
12236173,2025-12-09T04:00:00+05:30,47.3,4,4,100.0,False
12236173,2025-12-09T05:00:00+05:30,58.8,4,4,100.0,False
12236173,2025-12-09T06:00:00+05:30,47.5,4,4,100.0,False
12236173,2025-12-09T07:00:00+05:30,64.3,4,4,100.0,False
12236173,2025-12-09T08:00:00+05:30,89.0,4,4,100.0,False
12236173,2025-12-09T09:00:00+05:30,85.1,4,4,100.0,False
12236173,2025-12-09T10:00:00+05:30,75.2,4,4,100.0,False
12236173,2025-12-09T11:00:00+05:30,56.3,4,4,100.0,False
12236173,2025-12-09T12:00:00+05:30,43.7,4,4,100.0,False
12236173,2025-12-09T13:00:00+05:30,50.1,4,4,100.0,False
12236173,2025-12-09T14:00:00+05:30,64.4,4,4,100.0,False
12236173,2025-12-09T17:00:00+05:30,52.4,4,4,100.0,False
12236173,2025-12-09T18:00:00+05:30,65.8,4,4,100.0,False
12236173,2025-12-09T19:00:00+05:30,91.1,4,4,100.0,False
12236173,2025-12-09T20:00:00+05:30,108.0,3,4,75.0,False
12236173,2025-12-09T21:00:00+05:30,114.0,4,4,100.0,False
12236173,2025-12-09T22:00:00+05:30,126.0,4,4,100.0,False
12236173,2025-12-10T01:00:00+05:30,106.0,4,4,100.0,False
12236173,2025-12-10T02:00:00+05:30,76.4,4,4,100.0,False
12236173,2025-12-10T03:00:00+05:30,62.6,3,4,75.0,False
12236173,2025-12-10T04:00:00+05:30,46.6,4,4,100.0,False
12236173,2025-12-10T05:00:00+05:30,29.2,4,4,100.0,False
12236173,2025-12-10T06:00:00+05:30,44.2,4,4,100.0,False
12236173,2025-12-10T07:00:00+05:30,84.8,4,4,100.0,False
12236173,2025-12-10T08:00:00+05:30,79.4,4,4,100.0,False
12236173,2025-12-10T09:00:00+05:30,77.6,4,4,100.0,False
12236173,2025-12-10T10:00:00+05:30,53.1,4,4,100.0,False
12236173,2025-12-10T11:00:00+05:30,63.6,3,4,75.0,False
12236173,2025-12-10T12:00:00+05:30,55.3,4,4,100.0,False
12236173,2025-12-10T13:00:00+05:30,54.0,4,4,100.0,False
12236173,2025-12-10T15:00:00+05:30,32.4,3,4,75.0,False
12236173,2025-12-10T16:00:00+05:30,35.8,3,4,75.0,False
12236173,2025-12-10T17:00:00+05:30,54.7,4,4,100.0,False
12236173,2025-12-10T18:00:00+05:30,54.2,4,4,100.0,False
12236173,2025-12-10T19:00:00+05:30,72.6,4,4,100.0,False
12236173,2025-12-10T20:00:00+05:30,83.3,4,4,100.0,False
12236173,2025-12-10T21:00:00+05:30,77.8,4,4,100.0,False
12236173,2025-12-10T22:00:00+05:30,67.0,4,4,100.0,False
12236173,2025-12-11T01:00:00+05:30,60.4,4,4,100.0,False
12236173,2025-12-11T02:00:00+05:30,69.3,4,4,100.0,False
12236173,2025-12-11T03:00:00+05:30,67.6,4,4,100.0,False
12236173,2025-12-11T04:00:00+05:30,75.6,4,4,100.0,False
12236173,2025-12-11T05:00:00+05:30,84.5,4,4,100.0,False
12236173,2025-12-11T06:00:00+05:30,89.1,4,4,100.0,False
12236173,2025-12-11T10:00:00+05:30,75.9,4,4,100.0,False
12236173,2025-12-11T11:00:00+05:30,78.7,4,4,100.0,False
12236173,2025-12-11T12:00:00+05:30,73.8,3,4,75.0,False
12236173,2025-12-11T13:00:00+05:30,84.6,3,4,75.0,False
12236173,2025-12-11T14:00:00+05:30,79.4,4,4,100.0,False
12236173,2025-12-11T15:00:00+05:30,77.2,4,4,100.0,False
12236173,2025-12-11T16:00:00+05:30,77.2,4,4,100.0,False
12236173,2025-12-11T17:00:00+05:30,81.9,3,4,75.0,False
12236173,2025-12-11T19:00:00+05:30,98.3,4,4,100.0,False
12236173,2025-12-11T20:00:00+05:30,105.0,3,4,75.0,False
12236173,2025-12-11T21:00:00+05:30,102.0,3,4,75.0,False
12236173,2025-12-11T22:00:00+05:30,114.0,4,4,100.0,False
12236173,2025-12-12T01:00:00+05:30,132.0,4,4,100.0,False
12236173,2025-12-12T02:00:00+05:30,126.0,4,4,100.0,False
12236173,2025-12-12T03:00:00+05:30,109.0,4,4,100.0,False
12236173,2025-12-12T04:00:00+05:30,104.0,4,4,100.0,False
12236173,2025-12-12T05:00:00+05:30,90.2,4,4,100.0,False
12236173,2025-12-12T06:00:00+05:30,71.4,4,4,100.0,False
12236173,2025-12-12T07:00:00+05:30,66.8,4,4,100.0,False
12236173,2025-12-12T08:00:00+05:30,110.0,4,4,100.0,False
12236173,2025-12-12T09:00:00+05:30,98.6,4,4,100.0,False
12236173,2025-12-12T10:00:00+05:30,76.7,4,4,100.0,False
12236173,2025-12-12T11:00:00+05:30,58.7,4,4,100.0,False
12236173,2025-12-12T12:00:00+05:30,67.1,3,4,75.0,False
12236173,2025-12-12T13:00:00+05:30,66.9,4,4,100.0,False
12236173,2025-12-12T14:00:00+05:30,78.1,3,4,75.0,False
12236173,2025-12-12T18:00:00+05:30,92.9,4,4,100.0,False
12236173,2025-12-12T19:00:00+05:30,112.0,4,4,100.0,False
12236173,2025-12-12T20:00:00+05:30,120.0,4,4,100.0,False
12236173,2025-12-12T21:00:00+05:30,133.0,4,4,100.0,False
12236173,2025-12-12T22:00:00+05:30,135.0,4,4,100.0,False
12236173,2025-12-13T01:00:00+05:30,116.0,4,4,100.0,False
12236173,2025-12-13T02:00:00+05:30,99.5,4,4,100.0,False
12236173,2025-12-13T03:00:00+05:30,97.9,4,4,100.0,False
12236173,2025-12-13T04:00:00+05:30,86.2,3,4,75.0,False
12236173,2025-12-13T05:00:00+05:30,79.0,4,4,100.0,False
12236173,2025-12-13T06:00:00+05:30,66.2,4,4,100.0,False
12236173,2025-12-13T07:00:00+05:30,72.7,3,4,75.0,False
12236173,2025-12-13T09:00:00+05:30,90.0,4,4,100.0,False
12236173,2025-12-13T10:00:00+05:30,62.4,4,4,100.0,False
12236173,2025-12-13T11:00:00+05:30,65.4,4,4,100.0,False
12236173,2025-12-13T12:00:00+05:30,75.7,3,4,75.0,False
12236173,2025-12-13T13:00:00+05:30,65.7,4,4,100.0,False
12236173,2025-12-13T14:00:00+05:30,59.7,4,4,100.0,False
12236173,2025-12-13T16:00:00+05:30,69.8,3,4,75.0,False
12236173,2025-12-13T17:00:00+05:30,80.7,3,4,75.0,False
12236173,2025-12-13T18:00:00+05:30,116.0,4,4,100.0,False
12236173,2025-12-13T19:00:00+05:30,126.0,4,4,100.0,False
12236173,2025-12-13T20:00:00+05:30,129.0,4,4,100.0,False
12236173,2025-12-13T21:00:00+05:30,139.0,4,4,100.0,False
12236173,2025-12-13T22:00:00+05:30,150.0,4,4,100.0,False
12236173,2025-12-14T01:00:00+05:30,127.0,4,4,100.0,False
12236173,2025-12-14T02:00:00+05:30,113.0,4,4,100.0,False
12236173,2025-12-14T03:00:00+05:30,99.5,4,4,100.0,False
12236173,2025-12-14T04:00:00+05:30,81.0,4,4,100.0,False
12236173,2025-12-14T05:00:00+05:30,60.6,4,4,100.0,False
12236173,2025-12-14T06:00:00+05:30,61.7,4,4,100.0,False
12236173,2025-12-14T07:00:00+05:30,63.8,4,4,100.0,False
12236173,2025-12-14T08:00:00+05:30,87.3,4,4,100.0,False
12236173,2025-12-14T09:00:00+05:30,80.2,3,4,75.0,False
12236173,2025-12-14T10:00:00+05:30,76.0,4,4,100.0,False
12236173,2025-12-14T11:00:00+05:30,64.6,4,4,100.0,False
12236173,2025-12-14T12:00:00+05:30,65.8,4,4,100.0,False
12236173,2025-12-14T13:00:00+05:30,68.0,4,4,100.0,False
12236173,2025-12-14T14:00:00+05:30,71.6,4,4,100.0,False
12236173,2025-12-14T15:00:00+05:30,71.0,4,4,100.0,False
12236173,2025-12-14T16:00:00+05:30,80.7,3,4,75.0,False
12236173,2025-12-14T19:00:00+05:30,92.8,4,4,100.0,False
12236173,2025-12-14T20:00:00+05:30,99.2,3,4,75.0,False
12236173,2025-12-14T21:00:00+05:30,128.0,4,4,100.0,False
12236173,2025-12-14T22:00:00+05:30,124.0,3,4,75.0,False
12236173,2025-12-15T01:00:00+05:30,102.0,4,4,100.0,False
12236173,2025-12-15T02:00:00+05:30,87.8,4,4,100.0,False
12236173,2025-12-15T03:00:00+05:30,83.4,4,4,100.0,False
12236173,2025-12-15T04:00:00+05:30,74.4,4,4,100.0,False
12236173,2025-12-15T05:00:00+05:30,60.8,3,4,75.0,False
12236173,2025-12-15T06:00:00+05:30,56.1,4,4,100.0,False
12236173,2025-12-15T07:00:00+05:30,70.8,3,4,75.0,False
12236173,2025-12-15T09:00:00+05:30,90.1,4,4,100.0,False
12236173,2025-12-15T11:00:00+05:30,74.7,4,4,100.0,False
12236173,2025-12-15T12:00:00+05:30,75.9,4,4,100.0,False
12236173,2025-12-15T13:00:00+05:30,104.0,4,4,100.0,False
12236173,2025-12-15T14:00:00+05:30,96.6,4,4,100.0,False
12236173,2025-12-15T15:00:00+05:30,71.6,3,4,75.0,False
12236173,2025-12-15T17:00:00+05:30,48.9,3,4,75.0,False
12236173,2025-12-15T18:00:00+05:30,73.4,4,4,100.0,False
12236173,2025-12-15T19:00:00+05:30,73.4,4,4,100.0,False
12236173,2025-12-15T20:00:00+05:30,73.4,4,4,100.0,False
12236173,2025-12-15T21:00:00+05:30,73.4,4,4,100.0,False
12236173,2025-12-15T22:00:00+05:30,73.4,3,4,75.0,False
12236173,2025-12-16T01:00:00+05:30,73.4,3,4,75.0,False
12236173,2025-12-16T02:00:00+05:30,73.4,4,4,100.0,False
12236173,2025-12-16T03:00:00+05:30,73.4,4,4,100.0,False
12236173,2025-12-16T04:00:00+05:30,73.4,3,4,75.0,False
12236173,2025-12-16T05:00:00+05:30,73.4,4,4,100.0,False
12236173,2025-12-16T06:00:00+05:30,73.4,4,4,100.0,False
12236173,2025-12-16T07:00:00+05:30,73.4,4,4,100.0,False
12236173,2025-12-16T08:00:00+05:30,73.4,4,4,100.0,False
12236173,2025-12-16T09:00:00+05:30,73.4,4,4,100.0,False
12236173,2025-12-16T11:00:00+05:30,119.0,3,4,75.0,False
12236173,2025-12-16T12:00:00+05:30,154.0,4,4,100.0,False
12236173,2025-12-16T13:00:00+05:30,106.0,4,4,100.0,False
12236173,2025-12-16T14:00:00+05:30,133.0,3,4,75.0,False
12236173,2025-12-16T15:00:00+05:30,93.0,4,4,100.0,False
12236173,2025-12-16T16:00:00+05:30,84.5,4,4,100.0,False
12236173,2025-12-16T17:00:00+05:30,77.7,4,4,100.0,False
12236173,2025-12-16T18:00:00+05:30,59.0,4,4,100.0,False
12236173,2025-12-16T19:00:00+05:30,51.4,3,4,75.0,False
12236173,2025-12-16T21:00:00+05:30,34.7,4,4,100.0,False
12236173,2025-12-17T01:00:00+05:30,20.9,4,4,100.0,False
12236173,2025-12-17T02:00:00+05:30,16.4,4,4,100.0,False
12236173,2025-12-17T03:00:00+05:30,12.0,4,4,100.0,False
12236173,2025-12-17T04:00:00+05:30,10.1,4,4,100.0,False
12236173,2025-12-17T05:00:00+05:30,8.43,4,4,100.0,False
12236173,2025-12-17T06:00:00+05:30,7.6,4,4,100.0,False
12236173,2025-12-17T07:00:00+05:30,5.68,4,4,100.0,False
12236173,2025-12-17T09:00:00+05:30,10.8,4,4,100.0,False
12236173,2025-12-17T10:00:00+05:30,10.1,3,4,75.0,False
12236173,2025-12-17T11:00:00+05:30,33.4,4,4,100.0,False
12236173,2025-12-17T12:00:00+05:30,38.6,3,4,75.0,False
12236173,2025-12-17T13:00:00+05:30,73.2,4,4,100.0,False
12236173,2025-12-17T14:00:00+05:30,49.5,4,4,100.0,False
12236173,2025-12-17T15:00:00+05:30,32.8,3,4,75.0,False
12236173,2025-12-17T16:00:00+05:30,35.7,4,4,100.0,False
12236173,2025-12-17T17:00:00+05:30,47.6,3,4,75.0,False
12236173,2025-12-17T18:00:00+05:30,53.3,4,4,100.0,False
12236173,2025-12-17T19:00:00+05:30,91.5,4,4,100.0,False
12236173,2025-12-17T20:00:00+05:30,59.3,4,4,100.0,False
12236173,2025-12-17T21:00:00+05:30,62.6,4,4,100.0,False
12236173,2025-12-17T22:00:00+05:30,75.3,4,4,100.0,False
12236173,2025-12-18T02:00:00+05:30,37.8,4,4,100.0,False
12236173,2025-12-18T03:00:00+05:30,25.9,4,4,100.0,False
12236173,2025-12-18T04:00:00+05:30,23.1,4,4,100.0,False
12236173,2025-12-18T05:00:00+05:30,37.2,4,4,100.0,False
12236173,2025-12-18T06:00:00+05:30,48.9,4,4,100.0,False
12236173,2025-12-18T07:00:00+05:30,32.4,4,4,100.0,False
12236173,2025-12-18T08:00:00+05:30,44.4,4,4,100.0,False
12236173,2025-12-18T09:00:00+05:30,83.5,4,4,100.0,False
12236173,2025-12-18T10:00:00+05:30,60.5,3,4,75.0,False
12236173,2025-12-18T11:00:00+05:30,93.1,4,4,100.0,False
12236173,2025-12-18T12:00:00+05:30,94.0,4,4,100.0,False
12236173,2025-12-18T13:00:00+05:30,58.5,4,4,100.0,False
12236173,2025-12-18T14:00:00+05:30,49.8,3,4,75.0,False
12236173,2025-12-18T15:00:00+05:30,49.6,4,4,100.0,False
12236173,2025-12-18T16:00:00+05:30,43.3,4,4,100.0,False
12236173,2025-12-18T17:00:00+05:30,34.2,4,4,100.0,False
12236173,2025-12-18T18:00:00+05:30,47.1,4,4,100.0,False
12236173,2025-12-18T19:00:00+05:30,83.2,4,4,100.0,False
12236173,2025-12-18T20:00:00+05:30,94.8,4,4,100.0,False
12236173,2025-12-18T21:00:00+05:30,90.9,4,4,100.0,False
12236173,2025-12-18T22:00:00+05:30,84.9,3,4,75.0,False
12236173,2025-12-19T02:00:00+05:30,51.5,4,4,100.0,False
12236173,2025-12-19T03:00:00+05:30,54.8,4,4,100.0,False
12236173,2025-12-19T04:00:00+05:30,54.0,4,4,100.0,False
12236173,2025-12-19T05:00:00+05:30,37.5,4,4,100.0,False
12236173,2025-12-19T06:00:00+05:30,40.5,4,4,100.0,False
12236173,2025-12-19T07:00:00+05:30,34.9,4,4,100.0,False
12236173,2025-12-19T08:00:00+05:30,66.2,4,4,100.0,False
12236173,2025-12-19T09:00:00+05:30,69.0,4,4,100.0,False
12236173,2025-12-19T10:00:00+05:30,79.6,4,4,100.0,False
12236173,2025-12-19T11:00:00+05:30,102.0,4,4,100.0,False
12236173,2025-12-19T12:00:00+05:30,94.1,4,4,100.0,False
12236173,2025-12-19T13:00:00+05:30,79.1,4,4,100.0,False
12236173,2025-12-19T14:00:00+05:30,78.4,4,4,100.0,False
12236173,2025-12-19T15:00:00+05:30,64.8,4,4,100.0,False
12236173,2025-12-19T16:00:00+05:30,60.4,3,4,75.0,False
12236173,2025-12-19T17:00:00+05:30,36.8,4,4,100.0,False
12236173,2025-12-19T18:00:00+05:30,37.9,4,4,100.0,False
12236173,2025-12-19T19:00:00+05:30,44.7,4,4,100.0,False
12236173,2025-12-19T20:00:00+05:30,47.4,4,4,100.0,False
12236173,2025-12-19T21:00:00+05:30,77.1,3,4,75.0,False
12236173,2025-12-19T22:00:00+05:30,95.1,4,4,100.0,False
12236173,2025-12-20T01:00:00+05:30,48.7,4,4,100.0,False
12236173,2025-12-20T02:00:00+05:30,46.2,4,4,100.0,False
12236173,2025-12-20T03:00:00+05:30,43.3,4,4,100.0,False
12236173,2025-12-20T04:00:00+05:30,42.7,4,4,100.0,False
12236173,2025-12-20T05:00:00+05:30,41.5,4,4,100.0,False
12236173,2025-12-20T06:00:00+05:30,48.5,3,4,75.0,False
12236173,2025-12-20T07:00:00+05:30,47.1,4,4,100.0,False
12236173,2025-12-20T08:00:00+05:30,80.1,4,4,100.0,False
12236173,2025-12-20T09:00:00+05:30,80.5,4,4,100.0,False
12236173,2025-12-20T10:00:00+05:30,73.9,4,4,100.0,False
12236173,2025-12-20T11:00:00+05:30,78.7,4,4,100.0,False
12236173,2025-12-20T12:00:00+05:30,85.0,3,4,75.0,False
12236173,2025-12-20T13:00:00+05:30,81.4,4,4,100.0,False
12236173,2025-12-20T14:00:00+05:30,88.5,3,4,75.0,False
12236173,2025-12-20T15:00:00+05:30,80.1,4,4,100.0,False
12236173,2025-12-20T17:00:00+05:30,85.4,4,4,100.0,False
12236173,2025-12-20T18:00:00+05:30,75.6,3,4,75.0,False
12236173,2025-12-20T19:00:00+05:30,75.5,3,4,75.0,False
12236173,2025-12-20T20:00:00+05:30,100.0,3,4,75.0,False
12236173,2025-12-20T21:00:00+05:30,100.0,3,4,75.0,False
12236173,2025-12-20T22:00:00+05:30,91.0,4,4,100.0,False
12236173,2025-12-21T01:00:00+05:30,118.0,4,4,100.0,False
12236173,2025-12-21T02:00:00+05:30,96.2,4,4,100.0,False
12236173,2025-12-21T03:00:00+05:30,84.5,4,4,100.0,False
12236173,2025-12-21T04:00:00+05:30,60.4,3,4,75.0,False
12236173,2025-12-21T05:00:00+05:30,65.4,4,4,100.0,False
12236173,2025-12-21T06:00:00+05:30,67.9,3,4,75.0,False
12236173,2025-12-21T07:00:00+05:30,65.5,4,4,100.0,False
12236173,2025-12-21T08:00:00+05:30,54.3,4,4,100.0,False
12236173,2025-12-21T09:00:00+05:30,67.1,3,4,75.0,False
12236173,2025-12-21T10:00:00+05:30,82.1,4,4,100.0,False
12236173,2025-12-21T11:00:00+05:30,88.1,3,4,75.0,False
12236173,2025-12-21T12:00:00+05:30,84.7,4,4,100.0,False
12236173,2025-12-21T13:00:00+05:30,78.3,4,4,100.0,False
12236173,2025-12-21T14:00:00+05:30,68.5,4,4,100.0,False
12236173,2025-12-21T15:00:00+05:30,69.8,4,4,100.0,False
12236173,2025-12-21T16:00:00+05:30,62.7,4,4,100.0,False
12236173,2025-12-21T17:00:00+05:30,71.6,4,4,100.0,False
12236173,2025-12-21T18:00:00+05:30,85.0,4,4,100.0,False
12236173,2025-12-21T19:00:00+05:30,112.0,4,4,100.0,False
12236173,2025-12-21T20:00:00+05:30,117.0,4,4,100.0,False
12236173,2025-12-21T21:00:00+05:30,121.0,4,4,100.0,False
12236173,2025-12-21T22:00:00+05:30,113.0,4,4,100.0,False
12236173,2025-12-22T01:00:00+05:30,103.0,4,4,100.0,False
12236173,2025-12-22T02:00:00+05:30,89.1,4,4,100.0,False
12236173,2025-12-22T03:00:00+05:30,78.4,4,4,100.0,False
12236173,2025-12-22T04:00:00+05:30,74.2,4,4,100.0,False
12236173,2025-12-22T07:00:00+05:30,81.7,4,4,100.0,False
12236173,2025-12-22T08:00:00+05:30,92.8,4,4,100.0,False
12236173,2025-12-22T11:00:00+05:30,56.1,4,4,100.0,False
12236173,2025-12-22T12:00:00+05:30,104.0,4,4,100.0,False
12236173,2025-12-22T13:00:00+05:30,113.0,4,4,100.0,False
12236173,2025-12-22T14:00:00+05:30,180.0,4,4,100.0,False
12236173,2025-12-22T15:00:00+05:30,318.0,3,4,75.0,False
12236173,2025-12-22T16:00:00+05:30,79.8,3,4,75.0,False
12236173,2025-12-22T17:00:00+05:30,76.0,4,4,100.0,False
12236173,2025-12-22T18:00:00+05:30,70.5,4,4,100.0,False
12236173,2025-12-22T19:00:00+05:30,80.3,4,4,100.0,False
12236173,2025-12-22T20:00:00+05:30,91.0,4,4,100.0,False
12236173,2025-12-22T21:00:00+05:30,124.0,3,4,75.0,False
12236173,2025-12-22T22:00:00+05:30,132.0,4,4,100.0,False
12236173,2025-12-23T01:00:00+05:30,119.0,4,4,100.0,False
12236173,2025-12-23T02:00:00+05:30,75.5,4,4,100.0,False
12236173,2025-12-23T03:00:00+05:30,73.3,4,4,100.0,False
12236173,2025-12-23T04:00:00+05:30,79.8,4,4,100.0,False
12236173,2025-12-23T05:00:00+05:30,61.6,4,4,100.0,False
12236173,2025-12-23T06:00:00+05:30,62.8,4,4,100.0,False
12236173,2025-12-23T07:00:00+05:30,63.1,3,4,75.0,False
12236173,2025-12-23T08:00:00+05:30,90.9,3,4,75.0,False
12236173,2025-12-23T09:00:00+05:30,111.0,4,4,100.0,False
12236173,2025-12-23T10:00:00+05:30,62.7,4,4,100.0,False
12236173,2025-12-23T11:00:00+05:30,86.6,4,4,100.0,False
12236173,2025-12-23T12:00:00+05:30,99.8,4,4,100.0,False
12236173,2025-12-23T13:00:00+05:30,105.0,4,4,100.0,False
12236173,2025-12-23T14:00:00+05:30,104.0,4,4,100.0,False
12236173,2025-12-23T15:00:00+05:30,98.5,3,4,75.0,False
12236173,2025-12-23T16:00:00+05:30,88.6,4,4,100.0,False
12236173,2025-12-23T17:00:00+05:30,92.9,4,4,100.0,False
12236173,2025-12-23T18:00:00+05:30,106.0,4,4,100.0,False
12236173,2025-12-23T19:00:00+05:30,122.0,3,4,75.0,False
12236173,2025-12-23T20:00:00+05:30,128.0,3,4,75.0,False
12236173,2025-12-23T21:00:00+05:30,125.0,4,4,100.0,False
12236173,2025-12-23T22:00:00+05:30,102.0,4,4,100.0,False
12236173,2025-12-24T01:00:00+05:30,108.0,4,4,100.0,False
12236173,2025-12-24T02:00:00+05:30,97.9,4,4,100.0,False
12236173,2025-12-24T03:00:00+05:30,84.6,4,4,100.0,False
12236173,2025-12-24T04:00:00+05:30,77.1,4,4,100.0,False
12236173,2025-12-24T05:00:00+05:30,62.5,4,4,100.0,False
12236173,2025-12-24T06:00:00+05:30,73.8,4,4,100.0,False
12236173,2025-12-24T07:00:00+05:30,71.8,4,4,100.0,False
12236173,2025-12-24T08:00:00+05:30,69.0,4,4,100.0,False
12236173,2025-12-24T09:00:00+05:30,74.9,4,4,100.0,False
12236173,2025-12-24T10:00:00+05:30,62.8,4,4,100.0,False
12236173,2025-12-24T16:00:00+05:30,97.3,4,4,100.0,False
12236173,2025-12-24T17:00:00+05:30,100.0,4,4,100.0,False
12236173,2025-12-24T18:00:00+05:30,90.9,4,4,100.0,False
12236173,2025-12-24T19:00:00+05:30,90.5,4,4,100.0,False
12236173,2025-12-24T20:00:00+05:30,92.1,4,4,100.0,False
12236173,2025-12-24T21:00:00+05:30,117.0,4,4,100.0,False
12236173,2025-12-24T22:00:00+05:30,122.0,4,4,100.0,False
12236173,2025-12-25T01:00:00+05:30,117.0,4,4,100.0,False
12236173,2025-12-25T02:00:00+05:30,96.8,4,4,100.0,False
12236173,2025-12-25T03:00:00+05:30,90.9,4,4,100.0,False
12236173,2025-12-25T04:00:00+05:30,74.2,4,4,100.0,False
12236173,2025-12-25T05:00:00+05:30,53.0,4,4,100.0,False
12236173,2025-12-25T06:00:00+05:30,48.4,3,4,75.0,False
12236173,2025-12-25T07:00:00+05:30,74.6,4,4,100.0,False
12236173,2025-12-25T08:00:00+05:30,68.9,4,4,100.0,False
12236173,2025-12-25T09:00:00+05:30,71.4,3,4,75.0,False
12236173,2025-12-25T10:00:00+05:30,69.0,4,4,100.0,False
12236173,2025-12-25T11:00:00+05:30,65.0,4,4,100.0,False
12236173,2025-12-25T12:00:00+05:30,68.9,4,4,100.0,False
12236173,2025-12-25T13:00:00+05:30,85.6,3,4,75.0,False
12236173,2025-12-25T14:00:00+05:30,74.8,4,4,100.0,False
12236173,2025-12-25T15:00:00+05:30,81.3,4,4,100.0,False
12236173,2025-12-25T16:00:00+05:30,73.0,4,4,100.0,False
12236173,2025-12-25T17:00:00+05:30,65.2,4,4,100.0,False
12236173,2025-12-25T18:00:00+05:30,75.2,4,4,100.0,False
12236173,2025-12-25T19:00:00+05:30,77.8,3,4,75.0,False
12236173,2025-12-25T20:00:00+05:30,83.8,4,4,100.0,False
12236173,2025-12-25T21:00:00+05:30,93.9,4,4,100.0,False
12236173,2025-12-25T22:00:00+05:30,109.0,4,4,100.0,False
12236173,2025-12-26T01:00:00+05:30,115.0,4,4,100.0,False
12236173,2025-12-26T02:00:00+05:30,100.0,4,4,100.0,False
12236173,2025-12-26T03:00:00+05:30,82.5,4,4,100.0,False
12236173,2025-12-26T04:00:00+05:30,77.0,4,4,100.0,False
12236173,2025-12-26T05:00:00+05:30,75.1,4,4,100.0,False
12236173,2025-12-26T06:00:00+05:30,74.7,4,4,100.0,False
12236173,2025-12-26T07:00:00+05:30,75.7,4,4,100.0,False
12236173,2025-12-26T08:00:00+05:30,84.2,4,4,100.0,False
12236173,2025-12-26T09:00:00+05:30,84.8,4,4,100.0,False
12236173,2025-12-26T10:00:00+05:30,63.3,4,4,100.0,False
12236173,2025-12-26T11:00:00+05:30,85.4,4,4,100.0,False
12236173,2025-12-26T12:00:00+05:30,89.0,4,4,100.0,False
12236173,2025-12-26T13:00:00+05:30,98.9,4,4,100.0,False
12236173,2025-12-26T14:00:00+05:30,88.1,4,4,100.0,False
12236173,2025-12-26T15:00:00+05:30,90.0,4,4,100.0,False
12236173,2025-12-26T16:00:00+05:30,91.3,4,4,100.0,False
12236173,2025-12-26T17:00:00+05:30,84.4,4,4,100.0,False
12236173,2025-12-26T18:00:00+05:30,71.5,4,4,100.0,False
12236173,2025-12-26T19:00:00+05:30,91.8,4,4,100.0,False
12236173,2025-12-26T20:00:00+05:30,80.6,4,4,100.0,False
12236173,2025-12-26T21:00:00+05:30,75.2,4,4,100.0,False
12236173,2025-12-26T22:00:00+05:30,76.9,4,4,100.0,False
12236173,2025-12-27T03:00:00+05:30,73.4,3,4,75.0,False
12236173,2025-12-27T04:00:00+05:30,73.5,4,4,100.0,False
12236173,2025-12-27T05:00:00+05:30,70.9,4,4,100.0,False
12236173,2025-12-27T06:00:00+05:30,69.5,3,4,75.0,False
12236173,2025-12-27T07:00:00+05:30,66.6,4,4,100.0,False
12236173,2025-12-27T08:00:00+05:30,93.2,4,4,100.0,False
12236173,2025-12-27T09:00:00+05:30,70.1,4,4,100.0,False
12236173,2025-12-27T10:00:00+05:30,48.4,4,4,100.0,False
12236173,2025-12-27T11:00:00+05:30,61.0,4,4,100.0,False
12236173,2025-12-27T12:00:00+05:30,86.0,4,4,100.0,False
12236173,2025-12-27T13:00:00+05:30,84.1,4,4,100.0,False
12236173,2025-12-27T14:00:00+05:30,64.4,4,4,100.0,False
12236173,2025-12-27T15:00:00+05:30,69.4,4,4,100.0,False
12236173,2025-12-27T16:00:00+05:30,66.9,4,4,100.0,False
12236173,2025-12-27T17:00:00+05:30,71.6,3,4,75.0,False
12236173,2025-12-27T18:00:00+05:30,55.5,4,4,100.0,False
12236173,2025-12-27T19:00:00+05:30,66.4,4,4,100.0,False
12236173,2025-12-27T20:00:00+05:30,66.5,4,4,100.0,False
12236173,2025-12-28T01:00:00+05:30,96.9,4,4,100.0,False
12236173,2025-12-28T02:00:00+05:30,77.3,4,4,100.0,False
12236173,2025-12-28T03:00:00+05:30,71.9,4,4,100.0,False
12236173,2025-12-28T04:00:00+05:30,75.2,4,4,100.0,False
12236173,2025-12-28T05:00:00+05:30,62.1,4,4,100.0,False
12236173,2025-12-28T06:00:00+05:30,52.1,4,4,100.0,False
12236173,2025-12-28T07:00:00+05:30,54.6,4,4,100.0,False
12236173,2025-12-28T08:00:00+05:30,70.7,4,4,100.0,False
12236173,2025-12-28T09:00:00+05:30,84.3,4,4,100.0,False
12236173,2025-12-28T10:00:00+05:30,71.9,4,4,100.0,False
12236173,2025-12-28T11:00:00+05:30,56.6,4,4,100.0,False
12236173,2025-12-28T12:00:00+05:30,72.5,4,4,100.0,False
12236173,2025-12-28T13:00:00+05:30,73.7,4,4,100.0,False
12236173,2025-12-28T14:00:00+05:30,64.7,4,4,100.0,False
12236173,2025-12-28T18:00:00+05:30,62.9,4,4,100.0,False
12236173,2025-12-28T19:00:00+05:30,53.7,4,4,100.0,False
12236173,2025-12-28T20:00:00+05:30,67.4,4,4,100.0,False
12236173,2025-12-28T21:00:00+05:30,57.2,4,4,100.0,False
12236173,2025-12-28T22:00:00+05:30,73.7,3,4,75.0,False
12236173,2025-12-29T01:00:00+05:30,77.1,4,4,100.0,False
12236173,2025-12-29T02:00:00+05:30,74.4,4,4,100.0,False
12236173,2025-12-29T03:00:00+05:30,69.7,4,4,100.0,False
12236173,2025-12-29T04:00:00+05:30,73.4,4,4,100.0,False
12236173,2025-12-29T05:00:00+05:30,61.4,4,4,100.0,False
12236173,2025-12-29T06:00:00+05:30,58.7,3,4,75.0,False
12236173,2025-12-29T07:00:00+05:30,72.3,4,4,100.0,False
12236173,2025-12-29T08:00:00+05:30,105.0,4,4,100.0,False
12236173,2025-12-29T09:00:00+05:30,103.0,4,4,100.0,False
12236173,2025-12-29T10:00:00+05:30,78.5,4,4,100.0,False
12236173,2025-12-29T11:00:00+05:30,71.9,4,4,100.0,False
12236173,2025-12-29T12:00:00+05:30,103.0,4,4,100.0,False
12236173,2025-12-29T13:00:00+05:30,97.5,4,4,100.0,False
12236173,2025-12-29T14:00:00+05:30,91.9,4,4,100.0,False
12236173,2025-12-29T15:00:00+05:30,81.3,4,4,100.0,False
12236173,2025-12-29T16:00:00+05:30,80.9,4,4,100.0,False
12236173,2025-12-29T17:00:00+05:30,83.4,3,4,75.0,False
12236173,2025-12-29T18:00:00+05:30,72.9,4,4,100.0,False
12236173,2025-12-29T19:00:00+05:30,71.6,4,4,100.0,False
12236173,2025-12-29T20:00:00+05:30,68.6,4,4,100.0,False
12236173,2025-12-29T21:00:00+05:30,57.7,4,4,100.0,False
12236173,2025-12-29T22:00:00+05:30,79.9,4,4,100.0,False
12236173,2025-12-30T02:00:00+05:30,81.8,4,4,100.0,False
12236173,2025-12-30T03:00:00+05:30,76.1,4,4,100.0,False
12236173,2025-12-30T04:00:00+05:30,65.5,4,4,100.0,False
12236173,2025-12-30T05:00:00+05:30,75.1,4,4,100.0,False
12236173,2025-12-30T06:00:00+05:30,59.2,4,4,100.0,False
12236173,2025-12-30T07:00:00+05:30,76.3,3,4,75.0,False
12236173,2025-12-30T09:00:00+05:30,127.0,4,4,100.0,False
12236173,2025-12-30T10:00:00+05:30,86.9,4,4,100.0,False
12236173,2025-12-30T11:00:00+05:30,98.2,4,4,100.0,False
12236173,2025-12-30T12:00:00+05:30,131.0,4,4,100.0,False
12236173,2025-12-30T14:00:00+05:30,110.0,3,4,75.0,False
12236173,2025-12-30T15:00:00+05:30,108.0,4,4,100.0,False
12236173,2025-12-30T16:00:00+05:30,116.0,4,4,100.0,False
12236173,2025-12-30T17:00:00+05:30,109.0,4,4,100.0,False
12236173,2025-12-30T18:00:00+05:30,105.0,4,4,100.0,False
12236173,2025-12-30T19:00:00+05:30,115.0,4,4,100.0,False
12236173,2025-12-30T20:00:00+05:30,114.0,4,4,100.0,False
12236173,2025-12-30T21:00:00+05:30,117.0,4,4,100.0,False
12236173,2025-12-30T22:00:00+05:30,109.0,3,4,75.0,False
12236173,2025-12-31T01:00:00+05:30,93.8,4,4,100.0,False
12236173,2025-12-31T02:00:00+05:30,112.0,4,4,100.0,False
12236173,2025-12-31T04:00:00+05:30,85.2,4,4,100.0,False
12236173,2025-12-31T05:00:00+05:30,83.3,4,4,100.0,False
12236173,2025-12-31T06:00:00+05:30,80.1,4,4,100.0,False
12236173,2025-12-31T07:00:00+05:30,91.1,4,4,100.0,False
12236173,2025-12-31T08:00:00+05:30,89.2,4,4,100.0,False
12236173,2025-12-31T09:00:00+05:30,89.6,4,4,100.0,False
12236173,2025-12-31T10:00:00+05:30,70.8,4,4,100.0,False
12236173,2025-12-31T11:00:00+05:30,85.0,4,4,100.0,False
12236173,2025-12-31T12:00:00+05:30,113.0,4,4,100.0,False
12236173,2025-12-31T13:00:00+05:30,114.0,3,4,75.0,False
12236173,2025-12-31T14:00:00+05:30,126.0,4,4,100.0,False
12236173,2025-12-31T15:00:00+05:30,107.0,4,4,100.0,False
12236173,2025-12-31T16:00:00+05:30,118.0,4,4,100.0,False
12236173,2025-12-31T17:00:00+05:30,102.0,4,4,100.0,False
12236173,2025-12-31T18:00:00+05:30,99.4,4,4,100.0,False
12236173,2025-12-31T19:00:00+05:30,101.0,4,4,100.0,False
12236173,2025-12-31T20:00:00+05:30,91.8,4,4,100.0,False
12236173,2025-12-31T21:00:00+05:30,97.8,4,4,100.0,False
12236173,2025-12-31T22:00:00+05:30,86.2,4,4,100.0,False
12236173,2026-01-01T01:00:00+05:30,84.4,4,4,100.0,False
12236173,2026-01-01T02:00:00+05:30,80.2,4,4,100.0,False
12236173,2026-01-01T03:00:00+05:30,95.2,4,4,100.0,False
12236173,2026-01-01T04:00:00+05:30,73.0,3,4,75.0,False
12236173,2026-01-01T05:00:00+05:30,69.6,4,4,100.0,False
12236173,2026-01-01T06:00:00+05:30,84.3,4,4,100.0,False
12236173,2026-01-01T07:00:00+05:30,70.0,4,4,100.0,False
12236173,2026-01-01T08:00:00+05:30,68.1,4,4,100.0,False
12236173,2026-01-01T09:00:00+05:30,62.8,4,4,100.0,False
12236173,2026-01-01T10:00:00+05:30,49.9,4,4,100.0,False
12236173,2026-01-01T11:00:00+05:30,68.6,4,4,100.0,False
12236173,2026-01-01T12:00:00+05:30,95.9,3,4,75.0,False
12236173,2026-01-01T13:00:00+05:30,96.0,4,4,100.0,False
12236173,2026-01-01T14:00:00+05:30,101.0,4,4,100.0,False
12236173,2026-01-01T15:00:00+05:30,111.0,4,4,100.0,False
12236173,2026-01-01T16:00:00+05:30,89.4,3,4,75.0,False
12236173,2026-01-01T17:00:00+05:30,109.0,3,4,75.0,False
12236173,2026-01-01T18:00:00+05:30,98.4,4,4,100.0,False
12236173,2026-01-01T19:00:00+05:30,84.1,4,4,100.0,False
12236173,2026-01-01T20:00:00+05:30,95.1,4,4,100.0,False
12236173,2026-01-01T21:00:00+05:30,90.8,4,4,100.0,False
12236173,2026-01-01T22:00:00+05:30,108.0,4,4,100.0,False
12236173,2026-01-02T01:00:00+05:30,79.1,4,4,100.0,False
12236173,2026-01-02T02:00:00+05:30,82.7,4,4,100.0,False
12236173,2026-01-02T03:00:00+05:30,71.7,4,4,100.0,False
12236173,2026-01-02T04:00:00+05:30,65.1,4,4,100.0,False
12236173,2026-01-02T05:00:00+05:30,63.9,4,4,100.0,False
12236173,2026-01-02T06:00:00+05:30,64.8,4,4,100.0,False
12236173,2026-01-02T07:00:00+05:30,66.9,4,4,100.0,False
12236173,2026-01-02T08:00:00+05:30,67.9,4,4,100.0,False
12236173,2026-01-02T09:00:00+05:30,71.0,3,4,75.0,False
12236173,2026-01-02T10:00:00+05:30,76.4,4,4,100.0,False
12236173,2026-01-02T11:00:00+05:30,72.9,3,4,75.0,False
12236173,2026-01-02T12:00:00+05:30,69.8,3,4,75.0,False
12236173,2026-01-02T16:00:00+05:30,69.0,4,4,100.0,False
12236173,2026-01-02T17:00:00+05:30,65.3,3,4,75.0,False
12236173,2026-01-02T18:00:00+05:30,74.1,4,4,100.0,False
12236173,2026-01-02T19:00:00+05:30,91.5,4,4,100.0,False
12236173,2026-01-02T20:00:00+05:30,123.0,4,4,100.0,False
12236173,2026-01-02T21:00:00+05:30,106.0,4,4,100.0,False
12236173,2026-01-02T22:00:00+05:30,92.5,4,4,100.0,False
12236173,2026-01-03T02:00:00+05:30,97.5,4,4,100.0,False
12236173,2026-01-03T03:00:00+05:30,92.3,4,4,100.0,False
12236173,2026-01-03T04:00:00+05:30,90.6,4,4,100.0,False
12236173,2026-01-03T05:00:00+05:30,68.7,4,4,100.0,False
12236173,2026-01-03T06:00:00+05:30,57.7,4,4,100.0,False
12236173,2026-01-03T07:00:00+05:30,56.7,4,4,100.0,False
12236173,2026-01-03T08:00:00+05:30,68.9,4,4,100.0,False
12236173,2026-01-03T09:00:00+05:30,60.6,4,4,100.0,False
12236173,2026-01-03T10:00:00+05:30,61.1,4,4,100.0,False
12236173,2026-01-03T11:00:00+05:30,61.7,4,4,100.0,False
12236173,2026-01-03T12:00:00+05:30,103.0,4,4,100.0,False
12236173,2026-01-03T13:00:00+05:30,96.0,4,4,100.0,False
12236173,2026-01-03T14:00:00+05:30,75.5,4,4,100.0,False
12236173,2026-01-03T15:00:00+05:30,73.5,4,4,100.0,False
12236173,2026-01-03T16:00:00+05:30,62.2,4,4,100.0,False
12236173,2026-01-03T17:00:00+05:30,57.7,4,4,100.0,False
12236173,2026-01-03T18:00:00+05:30,70.9,4,4,100.0,False
12236173,2026-01-03T19:00:00+05:30,62.9,4,4,100.0,False
12236173,2026-01-03T20:00:00+05:30,83.6,4,4,100.0,False
12236173,2026-01-03T21:00:00+05:30,84.2,4,4,100.0,False
12236173,2026-01-03T22:00:00+05:30,90.3,4,4,100.0,False
12236173,2026-01-04T01:00:00+05:30,68.9,4,4,100.0,False
12236173,2026-01-04T02:00:00+05:30,86.0,4,4,100.0,False
12236173,2026-01-04T03:00:00+05:30,81.9,4,4,100.0,False
12236173,2026-01-04T04:00:00+05:30,55.9,4,4,100.0,False
12236173,2026-01-04T05:00:00+05:30,62.5,4,4,100.0,False
12236173,2026-01-04T06:00:00+05:30,69.1,3,4,75.0,False
12236173,2026-01-04T07:00:00+05:30,46.2,4,4,100.0,False
12236173,2026-01-04T08:00:00+05:30,44.2,4,4,100.0,False
12236173,2026-01-04T09:00:00+05:30,43.4,4,4,100.0,False
12236173,2026-01-04T10:00:00+05:30,52.8,4,4,100.0,False
12236173,2026-01-04T11:00:00+05:30,62.4,4,4,100.0,False
12236173,2026-01-04T12:00:00+05:30,74.1,4,4,100.0,False
12236173,2026-01-04T13:00:00+05:30,87.2,4,4,100.0,False
12236173,2026-01-04T14:00:00+05:30,76.0,4,4,100.0,False
12236173,2026-01-04T15:00:00+05:30,78.5,4,4,100.0,False
12236173,2026-01-04T16:00:00+05:30,78.5,4,4,100.0,False
12236173,2026-01-04T17:00:00+05:30,71.8,4,4,100.0,False
12236173,2026-01-04T18:00:00+05:30,76.1,4,4,100.0,False
12236173,2026-01-04T19:00:00+05:30,85.9,4,4,100.0,False
12236173,2026-01-04T20:00:00+05:30,117.0,3,4,75.0,False
12236173,2026-01-05T01:00:00+05:30,75.4,4,4,100.0,False
12236173,2026-01-05T02:00:00+05:30,58.5,4,4,100.0,False
12236173,2026-01-05T03:00:00+05:30,59.8,4,4,100.0,False
12236173,2026-01-05T04:00:00+05:30,50.6,4,4,100.0,False
12236173,2026-01-05T05:00:00+05:30,65.5,4,4,100.0,False
12236173,2026-01-05T06:00:00+05:30,57.5,3,4,75.0,False
12236173,2026-01-05T07:00:00+05:30,61.2,4,4,100.0,False
12236173,2026-01-05T08:00:00+05:30,77.8,4,4,100.0,False
12236173,2026-01-05T09:00:00+05:30,83.8,4,4,100.0,False
12236173,2026-01-05T10:00:00+05:30,79.6,4,4,100.0,False
12236173,2026-01-05T11:00:00+05:30,99.8,3,4,75.0,False
12236173,2026-01-05T12:00:00+05:30,89.5,4,4,100.0,False
12236173,2026-01-05T13:00:00+05:30,84.7,3,4,75.0,False
12236173,2026-01-05T14:00:00+05:30,77.1,4,4,100.0,False
12236173,2026-01-05T15:00:00+05:30,82.6,4,4,100.0,False
12236173,2026-01-05T16:00:00+05:30,79.0,4,4,100.0,False
12236173,2026-01-05T17:00:00+05:30,62.6,4,4,100.0,False
12236173,2026-01-05T18:00:00+05:30,64.7,4,4,100.0,False
12236173,2026-01-05T19:00:00+05:30,69.8,4,4,100.0,False
12236173,2026-01-05T20:00:00+05:30,70.3,4,4,100.0,False
12236173,2026-01-05T21:00:00+05:30,68.7,4,4,100.0,False
12236173,2026-01-05T22:00:00+05:30,99.9,4,4,100.0,False
12236173,2026-01-06T01:00:00+05:30,89.9,4,4,100.0,False
12236173,2026-01-06T02:00:00+05:30,88.9,4,4,100.0,False
12236173,2026-01-06T03:00:00+05:30,62.8,4,4,100.0,False
12236173,2026-01-06T04:00:00+05:30,47.6,4,4,100.0,False
12236173,2026-01-06T05:00:00+05:30,48.0,4,4,100.0,False
12236173,2026-01-06T06:00:00+05:30,49.7,4,4,100.0,False
12236173,2026-01-06T07:00:00+05:30,56.8,4,4,100.0,False
12236173,2026-01-06T08:00:00+05:30,69.4,4,4,100.0,False
12236173,2026-01-06T09:00:00+05:30,82.3,4,4,100.0,False
12236173,2026-01-06T10:00:00+05:30,72.4,3,4,75.0,False
12236173,2026-01-06T11:00:00+05:30,101.0,4,4,100.0,False
12236173,2026-01-06T12:00:00+05:30,121.0,4,4,100.0,False
12236173,2026-01-06T13:00:00+05:30,96.1,4,4,100.0,False
12236173,2026-01-06T14:00:00+05:30,95.9,4,4,100.0,False
12236173,2026-01-06T15:00:00+05:30,82.5,4,4,100.0,False
12236173,2026-01-06T16:00:00+05:30,91.8,3,4,75.0,False
12236173,2026-01-06T17:00:00+05:30,81.5,4,4,100.0,False
12236173,2026-01-06T18:00:00+05:30,78.7,4,4,100.0,False
12236173,2026-01-06T19:00:00+05:30,75.0,4,4,100.0,False
12236173,2026-01-06T20:00:00+05:30,92.3,4,4,100.0,False
12236173,2026-01-06T21:00:00+05:30,101.0,4,4,100.0,False
12236173,2026-01-06T22:00:00+05:30,122.0,4,4,100.0,False
12236173,2026-01-07T01:00:00+05:30,86.7,4,4,100.0,False
12236173,2026-01-07T02:00:00+05:30,84.9,4,4,100.0,False
12236173,2026-01-07T03:00:00+05:30,78.4,4,4,100.0,False
12236173,2026-01-07T04:00:00+05:30,68.0,4,4,100.0,False
12236173,2026-01-07T05:00:00+05:30,73.3,4,4,100.0,False
12236173,2026-01-07T06:00:00+05:30,73.2,4,4,100.0,False
12236173,2026-01-07T07:00:00+05:30,68.8,4,4,100.0,False
12236173,2026-01-07T08:00:00+05:30,88.2,4,4,100.0,False
12236173,2026-01-07T09:00:00+05:30,100.0,4,4,100.0,False
12236173,2026-01-07T10:00:00+05:30,54.5,4,4,100.0,False
12236173,2026-01-07T11:00:00+05:30,80.2,3,4,75.0,False
12236173,2026-01-07T12:00:00+05:30,86.3,3,4,75.0,False
12236173,2026-01-07T13:00:00+05:30,122.0,4,4,100.0,False
12236173,2026-01-07T14:00:00+05:30,105.0,4,4,100.0,False
12236173,2026-01-07T15:00:00+05:30,103.0,3,4,75.0,False
12236173,2026-01-07T16:00:00+05:30,94.0,4,4,100.0,False
12236173,2026-01-07T17:00:00+05:30,88.5,4,4,100.0,False
12236173,2026-01-07T18:00:00+05:30,96.8,4,4,100.0,False
12236173,2026-01-07T19:00:00+05:30,74.3,4,4,100.0,False
12236173,2026-01-07T20:00:00+05:30,89.5,4,4,100.0,False
12236173,2026-01-07T21:00:00+05:30,108.0,4,4,100.0,False
12236173,2026-01-07T22:00:00+05:30,110.0,4,4,100.0,False
12236173,2026-01-08T01:00:00+05:30,80.7,4,4,100.0,False
12236173,2026-01-08T02:00:00+05:30,63.1,4,4,100.0,False
12236173,2026-01-08T03:00:00+05:30,62.4,4,4,100.0,False
12236173,2026-01-08T04:00:00+05:30,58.3,4,4,100.0,False
12236173,2026-01-08T05:00:00+05:30,50.1,4,4,100.0,False
12236173,2026-01-08T06:00:00+05:30,45.8,4,4,100.0,False
12236173,2026-01-08T07:00:00+05:30,48.0,4,4,100.0,False
12236173,2026-01-08T08:00:00+05:30,56.7,4,4,100.0,False
12236173,2026-01-08T09:00:00+05:30,54.6,4,4,100.0,False
12236173,2026-01-08T10:00:00+05:30,61.2,4,4,100.0,False
12236173,2026-01-08T11:00:00+05:30,77.1,4,4,100.0,False
12236173,2026-01-08T12:00:00+05:30,79.7,4,4,100.0,False
12236173,2026-01-08T13:00:00+05:30,75.7,3,4,75.0,False
12236173,2026-01-08T14:00:00+05:30,66.0,4,4,100.0,False
12236173,2026-01-08T15:00:00+05:30,65.5,3,4,75.0,False
12236173,2026-01-08T16:00:00+05:30,72.9,4,4,100.0,False
12236173,2026-01-08T17:00:00+05:30,69.0,4,4,100.0,False
12236173,2026-01-08T18:00:00+05:30,67.6,4,4,100.0,False
12236173,2026-01-08T19:00:00+05:30,81.0,4,4,100.0,False
12236173,2026-01-08T20:00:00+05:30,96.8,4,4,100.0,False
12236173,2026-01-08T21:00:00+05:30,99.8,4,4,100.0,False
12236173,2026-01-08T22:00:00+05:30,106.0,4,4,100.0,False
12236173,2026-01-09T01:00:00+05:30,67.7,4,4,100.0,False
12236173,2026-01-09T02:00:00+05:30,65.5,4,4,100.0,False
12236173,2026-01-09T03:00:00+05:30,48.1,4,4,100.0,False
12236173,2026-01-09T04:00:00+05:30,48.3,4,4,100.0,False
12236173,2026-01-09T05:00:00+05:30,39.2,4,4,100.0,False
12236173,2026-01-09T06:00:00+05:30,45.9,4,4,100.0,False
12236173,2026-01-09T07:00:00+05:30,57.8,4,4,100.0,False
12236173,2026-01-09T08:00:00+05:30,73.2,4,4,100.0,False
12236173,2026-01-09T09:00:00+05:30,73.8,4,4,100.0,False
12236173,2026-01-09T10:00:00+05:30,40.6,4,4,100.0,False
12236173,2026-01-09T19:00:00+05:30,469.0,3,4,75.0,False
12236173,2026-01-09T20:00:00+05:30,82.3,4,4,100.0,False
12236173,2026-01-09T21:00:00+05:30,75.2,3,4,75.0,False
12236173,2026-01-09T22:00:00+05:30,131.0,4,4,100.0,False
12236173,2026-01-10T01:00:00+05:30,89.6,4,4,100.0,False
12236173,2026-01-10T02:00:00+05:30,79.8,4,4,100.0,False
12236173,2026-01-10T03:00:00+05:30,70.8,4,4,100.0,False
12236173,2026-01-10T04:00:00+05:30,61.9,4,4,100.0,False
12236173,2026-01-10T05:00:00+05:30,61.7,4,4,100.0,False
12236173,2026-01-10T06:00:00+05:30,69.0,4,4,100.0,False
12236173,2026-01-10T07:00:00+05:30,65.3,4,4,100.0,False
12236173,2026-01-10T08:00:00+05:30,77.3,3,4,75.0,False
12236173,2026-01-10T09:00:00+05:30,73.8,4,4,100.0,False
12236173,2026-01-10T10:00:00+05:30,54.7,3,4,75.0,False
12236173,2026-01-10T11:00:00+05:30,55.4,4,4,100.0,False
12236173,2026-01-10T12:00:00+05:30,50.1,4,4,100.0,False
12236173,2026-01-10T13:00:00+05:30,61.2,4,4,100.0,False
12236173,2026-01-10T15:00:00+05:30,59.8,4,4,100.0,False
12236173,2026-01-10T16:00:00+05:30,62.6,4,4,100.0,False
12236173,2026-01-20T21:00:00+05:30,68.9,4,4,100.0,False
12236173,2026-01-20T22:00:00+05:30,94.2,4,4,100.0,False
12236173,2026-01-21T01:00:00+05:30,105.0,4,4,100.0,False
12236173,2026-01-21T02:00:00+05:30,110.0,4,4,100.0,False
12236173,2026-01-21T03:00:00+05:30,52.1,4,4,100.0,False
12236173,2026-01-21T04:00:00+05:30,56.3,4,4,100.0,False
12236173,2026-01-21T05:00:00+05:30,38.2,4,4,100.0,False
12236173,2026-01-21T06:00:00+05:30,47.6,4,4,100.0,False
12236173,2026-01-21T07:00:00+05:30,73.5,4,4,100.0,False
12236173,2026-01-21T08:00:00+05:30,97.4,4,4,100.0,False
12236173,2026-01-21T09:00:00+05:30,63.6,4,4,100.0,False
12236173,2026-01-21T10:00:00+05:30,96.2,4,4,100.0,False
12236173,2026-01-21T11:00:00+05:30,63.4,4,4,100.0,False
12236173,2026-01-21T12:00:00+05:30,63.0,4,4,100.0,False
12236173,2026-01-21T13:00:00+05:30,62.4,4,4,100.0,False
12236173,2026-01-21T14:00:00+05:30,91.3,4,4,100.0,False
12236173,2026-01-21T15:00:00+05:30,96.9,4,4,100.0,False
12236173,2026-01-21T16:00:00+05:30,100.0,3,4,75.0,False
12236173,2026-01-22T11:00:00+05:30,44.4,4,4,100.0,False
12236173,2026-01-22T12:00:00+05:30,44.4,3,4,75.0,False
12236173,2026-01-22T13:00:00+05:30,74.0,4,4,100.0,False
12236173,2026-01-22T14:00:00+05:30,92.6,3,4,75.0,False
12236173,2026-01-22T17:00:00+05:30,82.6,3,4,75.0,False
12236173,2026-01-22T18:00:00+05:30,63.1,4,4,100.0,False
12236173,2026-01-22T19:00:00+05:30,66.5,4,4,100.0,False
12236173,2026-01-22T20:00:00+05:30,58.9,4,4,100.0,False
12236173,2026-01-22T21:00:00+05:30,68.8,4,4,100.0,False
12236173,2026-01-22T22:00:00+05:30,73.3,4,4,100.0,False
12236173,2026-01-23T01:00:00+05:30,79.7,4,4,100.0,False
12236173,2026-01-23T02:00:00+05:30,74.7,4,4,100.0,False
12236173,2026-01-23T03:00:00+05:30,59.2,3,4,75.0,False
12236173,2026-01-23T04:00:00+05:30,59.7,4,4,100.0,False
12236173,2026-01-23T05:00:00+05:30,53.3,4,4,100.0,False
12236173,2026-01-23T06:00:00+05:30,46.3,4,4,100.0,False
12236173,2026-01-23T07:00:00+05:30,49.7,4,4,100.0,False
12236173,2026-01-23T08:00:00+05:30,59.8,4,4,100.0,False
12236173,2026-01-23T09:00:00+05:30,59.1,4,4,100.0,False
12236173,2026-01-23T11:00:00+05:30,51.7,3,4,75.0,False
12236173,2026-01-23T12:00:00+05:30,44.5,4,4,100.0,False
12236173,2026-01-23T13:00:00+05:30,49.8,4,4,100.0,False
12236173,2026-01-23T14:00:00+05:30,60.0,4,4,100.0,False
12236173,2026-01-23T15:00:00+05:30,64.0,4,4,100.0,False
12236173,2026-01-23T16:00:00+05:30,52.8,4,4,100.0,False
12236173,2026-01-23T17:00:00+05:30,59.5,4,4,100.0,False
12236173,2026-01-23T18:00:00+05:30,38.5,4,4,100.0,False
12236173,2026-01-23T19:00:00+05:30,51.7,4,4,100.0,False
12236173,2026-01-23T20:00:00+05:30,67.6,4,4,100.0,False
12236173,2026-01-23T21:00:00+05:30,73.5,4,4,100.0,False
12236173,2026-01-23T22:00:00+05:30,60.3,4,4,100.0,False
12236173,2026-01-24T01:00:00+05:30,54.8,4,4,100.0,False
12236173,2026-01-24T02:00:00+05:30,49.5,4,4,100.0,False
12236173,2026-01-24T03:00:00+05:30,63.7,4,4,100.0,False
12236173,2026-01-24T04:00:00+05:30,62.7,4,4,100.0,False
12236173,2026-01-24T05:00:00+05:30,50.6,4,4,100.0,False
12236173,2026-01-24T06:00:00+05:30,58.4,4,4,100.0,False
12236173,2026-01-24T07:00:00+05:30,52.3,4,4,100.0,False
12236173,2026-01-24T08:00:00+05:30,93.5,4,4,100.0,False
12236173,2026-01-24T09:00:00+05:30,71.8,4,4,100.0,False
12236173,2026-01-24T10:00:00+05:30,60.5,4,4,100.0,False
12236173,2026-01-24T11:00:00+05:30,62.1,4,4,100.0,False
12236173,2026-01-24T12:00:00+05:30,65.5,4,4,100.0,False
12236173,2026-01-24T13:00:00+05:30,76.1,4,4,100.0,False
12236173,2026-01-24T14:00:00+05:30,69.5,4,4,100.0,False
12236173,2026-01-24T15:00:00+05:30,84.6,3,4,75.0,False
12236173,2026-01-24T17:00:00+05:30,60.8,4,4,100.0,False
12236173,2026-01-24T18:00:00+05:30,54.2,4,4,100.0,False
12236173,2026-01-24T19:00:00+05:30,48.6,4,4,100.0,False
12236173,2026-01-24T20:00:00+05:30,38.4,4,4,100.0,False
12236173,2026-01-24T21:00:00+05:30,58.7,4,4,100.0,False
12236173,2026-01-24T22:00:00+05:30,60.9,4,4,100.0,False
12236173,2026-01-25T01:00:00+05:30,56.0,4,4,100.0,False
12236173,2026-01-25T02:00:00+05:30,45.4,4,4,100.0,False
12236173,2026-01-25T03:00:00+05:30,36.7,4,4,100.0,False
12236173,2026-01-25T04:00:00+05:30,32.8,4,4,100.0,False
12236173,2026-01-25T05:00:00+05:30,41.7,4,4,100.0,False
12236173,2026-01-25T06:00:00+05:30,45.3,4,4,100.0,False
12236173,2026-01-25T07:00:00+05:30,61.9,4,4,100.0,False
12236173,2026-01-25T08:00:00+05:30,60.1,3,4,75.0,False
12236173,2026-01-25T09:00:00+05:30,40.3,4,4,100.0,False
12236173,2026-01-25T10:00:00+05:30,38.3,4,4,100.0,False
12236173,2026-01-25T11:00:00+05:30,31.7,3,4,75.0,False
12236173,2026-01-25T12:00:00+05:30,44.2,4,4,100.0,False
12236173,2026-01-25T13:00:00+05:30,51.3,4,4,100.0,False
12236173,2026-01-25T14:00:00+05:30,45.8,4,4,100.0,False
12236173,2026-01-25T15:00:00+05:30,32.2,4,4,100.0,False
12236173,2026-01-25T16:00:00+05:30,39.2,4,4,100.0,False
12236173,2026-01-25T17:00:00+05:30,28.8,4,4,100.0,False
12236173,2026-01-25T18:00:00+05:30,27.0,4,4,100.0,False
12236173,2026-01-25T19:00:00+05:30,25.2,4,4,100.0,False
12236173,2026-01-25T20:00:00+05:30,45.5,4,4,100.0,False
12236173,2026-01-25T21:00:00+05:30,33.3,4,4,100.0,False
12236173,2026-01-25T22:00:00+05:30,47.4,4,4,100.0,False
12236173,2026-01-26T01:00:00+05:30,68.8,4,4,100.0,False
12236173,2026-01-26T02:00:00+05:30,64.4,4,4,100.0,False
12236173,2026-01-26T03:00:00+05:30,58.3,4,4,100.0,False
12236173,2026-01-26T04:00:00+05:30,68.6,4,4,100.0,False
12236173,2026-01-26T05:00:00+05:30,54.9,4,4,100.0,False
12236173,2026-01-26T06:00:00+05:30,50.2,4,4,100.0,False
12236173,2026-01-26T07:00:00+05:30,58.4,4,4,100.0,False
12236173,2026-01-26T08:00:00+05:30,69.8,4,4,100.0,False
12236173,2026-01-26T09:00:00+05:30,52.0,4,4,100.0,False
12236173,2026-01-26T10:00:00+05:30,28.4,4,4,100.0,False
12236173,2026-01-26T11:00:00+05:30,17.5,3,4,75.0,False
12236173,2026-01-27T12:00:00+05:30,44.4,4,4,100.0,False
12236173,2026-01-27T13:00:00+05:30,61.6,4,4,100.0,False
12236173,2026-01-27T14:00:00+05:30,54.0,4,4,100.0,False
12236173,2026-01-27T15:00:00+05:30,54.0,4,4,100.0,False
12236173,2026-01-27T16:00:00+05:30,51.0,4,4,100.0,False
12236173,2026-01-27T17:00:00+05:30,36.6,4,4,100.0,False
12236173,2026-01-27T18:00:00+05:30,43.0,4,4,100.0,False
12236173,2026-01-27T19:00:00+05:30,43.2,3,4,75.0,False
12236173,2026-01-27T20:00:00+05:30,37.6,4,4,100.0,False
12236173,2026-01-27T21:00:00+05:30,43.7,4,4,100.0,False
12236173,2026-01-27T22:00:00+05:30,54.1,3,4,75.0,False
12236173,2026-01-28T01:00:00+05:30,37.8,3,4,75.0,False
12236173,2026-01-28T02:00:00+05:30,50.7,4,4,100.0,False
12236173,2026-01-28T03:00:00+05:30,47.1,4,4,100.0,False
12236173,2026-01-28T04:00:00+05:30,41.9,4,4,100.0,False
12236173,2026-01-28T05:00:00+05:30,54.8,4,4,100.0,False
12236173,2026-01-28T06:00:00+05:30,50.7,4,4,100.0,False
12236173,2026-01-28T07:00:00+05:30,68.7,4,4,100.0,False
12236173,2026-01-28T08:00:00+05:30,72.7,4,4,100.0,False
12236173,2026-01-28T09:00:00+05:30,97.7,4,4,100.0,False
12236173,2026-01-28T10:00:00+05:30,66.5,4,4,100.0,False
12236173,2026-01-28T11:00:00+05:30,82.6,4,4,100.0,False
12236173,2026-01-28T12:00:00+05:30,80.2,4,4,100.0,False
12236173,2026-01-28T13:00:00+05:30,88.1,4,4,100.0,False
12236173,2026-01-28T14:00:00+05:30,84.5,4,4,100.0,False
12236173,2026-01-28T15:00:00+05:30,79.8,4,4,100.0,False
12236173,2026-01-28T16:00:00+05:30,75.3,4,4,100.0,False
12236173,2026-01-28T17:00:00+05:30,60.9,4,4,100.0,False
12236173,2026-01-28T18:00:00+05:30,71.3,4,4,100.0,False
12236173,2026-01-28T19:00:00+05:30,78.9,4,4,100.0,False
12236173,2026-01-28T20:00:00+05:30,79.8,4,4,100.0,False
12236173,2026-01-28T21:00:00+05:30,67.3,4,4,100.0,False
12236173,2026-01-28T22:00:00+05:30,74.6,4,4,100.0,False
12236173,2026-01-29T01:00:00+05:30,77.9,4,4,100.0,False
12236173,2026-01-29T02:00:00+05:30,86.6,4,4,100.0,False
12236173,2026-01-29T03:00:00+05:30,50.2,4,4,100.0,False
12236173,2026-01-29T04:00:00+05:30,46.0,4,4,100.0,False
12236173,2026-01-29T05:00:00+05:30,60.6,4,4,100.0,False
12236173,2026-01-29T06:00:00+05:30,66.3,4,4,100.0,False
12236173,2026-01-29T07:00:00+05:30,72.2,4,4,100.0,False
12236173,2026-01-29T08:00:00+05:30,84.5,4,4,100.0,False
12236173,2026-01-29T09:00:00+05:30,89.3,4,4,100.0,False
12236173,2026-01-29T10:00:00+05:30,86.2,3,4,75.0,False
12236173,2026-01-29T11:00:00+05:30,89.3,3,4,75.0,False
12236173,2026-01-29T12:00:00+05:30,86.3,4,4,100.0,False
12236173,2026-01-29T13:00:00+05:30,105.0,4,4,100.0,False
12236173,2026-01-29T14:00:00+05:30,100.0,4,4,100.0,False
12236173,2026-01-29T15:00:00+05:30,111.0,4,4,100.0,False
12236173,2026-01-29T16:00:00+05:30,88.1,4,4,100.0,False
12236173,2026-01-29T17:00:00+05:30,103.0,4,4,100.0,False
12236173,2026-01-29T18:00:00+05:30,96.5,4,4,100.0,False
12236173,2026-01-29T19:00:00+05:30,88.4,4,4,100.0,False
12236173,2026-01-29T20:00:00+05:30,103.0,4,4,100.0,False
12236173,2026-01-29T21:00:00+05:30,115.0,4,4,100.0,False
12236173,2026-01-29T22:00:00+05:30,135.0,4,4,100.0,False
12236173,2026-01-30T01:00:00+05:30,164.0,4,4,100.0,False
12236173,2026-01-30T02:00:00+05:30,192.0,4,4,100.0,False
12236173,2026-01-30T03:00:00+05:30,147.0,4,4,100.0,False
12236173,2026-01-30T04:00:00+05:30,242.0,4,4,100.0,False
12236173,2026-01-30T05:00:00+05:30,17.7,4,4,100.0,False
12236173,2026-01-30T06:00:00+05:30,143.0,4,4,100.0,False
12236173,2026-01-30T07:00:00+05:30,1.0,4,4,100.0,False
12236173,2026-01-30T08:00:00+05:30,1.0,3,4,75.0,False
12236173,2026-01-30T09:00:00+05:30,1.0,4,4,100.0,False
12236173,2026-01-30T10:00:00+05:30,1.0,4,4,100.0,False
12236173,2026-01-30T14:00:00+05:30,100.0,4,4,100.0,False
12236173,2026-01-30T15:00:00+05:30,103.0,3,4,75.0,False
12236173,2026-01-30T16:00:00+05:30,102.0,4,4,100.0,False
12236173,2026-01-30T17:00:00+05:30,109.0,4,4,100.0,False
12236173,2026-01-30T18:00:00+05:30,99.4,4,4,100.0,False
12236173,2026-01-30T19:00:00+05:30,86.9,4,4,100.0,False
12236173,2026-01-30T20:00:00+05:30,96.5,3,4,75.0,False
12236173,2026-01-30T21:00:00+05:30,107.0,4,4,100.0,False
12236173,2026-01-30T22:00:00+05:30,129.0,4,4,100.0,False
12236173,2026-01-31T01:00:00+05:30,150.0,4,4,100.0,False
12236173,2026-01-31T02:00:00+05:30,418.0,4,4,100.0,False
12236173,2026-01-31T03:00:00+05:30,1.0,4,4,100.0,False
12236173,2026-01-31T04:00:00+05:30,1.0,4,4,100.0,False
12236173,2026-01-31T05:00:00+05:30,1.0,4,4,100.0,False
12236173,2026-01-31T06:00:00+05:30,1.37,4,4,100.0,False
12236173,2026-01-31T07:00:00+05:30,39.2,4,4,100.0,False
12236173,2026-01-31T08:00:00+05:30,25.5,4,4,100.0,False
12236173,2026-01-31T09:00:00+05:30,25.3,3,4,75.0,False
12236173,2026-01-31T10:00:00+05:30,48.5,4,4,100.0,False
12236173,2026-01-31T11:00:00+05:30,43.9,4,4,100.0,False
12236173,2026-01-31T12:00:00+05:30,58.6,4,4,100.0,False
12236173,2026-01-31T13:00:00+05:30,94.3,4,4,100.0,False
12236173,2026-01-31T14:00:00+05:30,105.0,4,4,100.0,False
12236173,2026-01-31T15:00:00+05:30,98.6,4,4,100.0,False
12236173,2026-01-31T18:00:00+05:30,92.6,4,4,100.0,False
12236173,2026-01-31T19:00:00+05:30,97.8,4,4,100.0,False
12236173,2026-01-31T20:00:00+05:30,118.0,4,4,100.0,False
12236173,2026-01-31T21:00:00+05:30,116.0,4,4,100.0,False
12236173,2026-01-31T22:00:00+05:30,135.0,3,4,75.0,False
12236173,2026-02-01T01:00:00+05:30,119.0,4,4,100.0,False
12236173,2026-02-01T02:00:00+05:30,15.9,4,4,100.0,False
12236173,2026-02-01T03:00:00+05:30,206.0,4,4,100.0,False
12236173,2026-02-01T04:00:00+05:30,59.3,4,4,100.0,False
12236173,2026-02-01T05:00:00+05:30,63.2,4,4,100.0,False
12236173,2026-02-01T06:00:00+05:30,65.8,4,4,100.0,False
12236173,2026-02-01T07:00:00+05:30,177.0,4,4,100.0,False
12236173,2026-02-01T08:00:00+05:30,1.0,4,4,100.0,False
12236173,2026-02-01T09:00:00+05:30,1.0,4,4,100.0,False
12236173,2026-02-01T10:00:00+05:30,1.0,3,4,75.0,False
12236173,2026-02-01T11:00:00+05:30,1.28,4,4,100.0,False
12236173,2026-02-01T12:00:00+05:30,51.2,4,4,100.0,False
12236173,2026-02-01T13:00:00+05:30,68.2,4,4,100.0,False
12236173,2026-02-01T14:00:00+05:30,74.8,4,4,100.0,False
12236173,2026-02-01T15:00:00+05:30,78.8,4,4,100.0,False
12236173,2026-02-01T16:00:00+05:30,75.5,4,4,100.0,False
12236173,2026-02-01T17:00:00+05:30,92.3,4,4,100.0,False
12236173,2026-02-01T18:00:00+05:30,79.2,4,4,100.0,False
12236173,2026-02-01T19:00:00+05:30,91.1,4,4,100.0,False
12236173,2026-02-01T20:00:00+05:30,100.0,3,4,75.0,False
12236173,2026-02-01T21:00:00+05:30,111.0,4,4,100.0,False
12236173,2026-02-01T22:00:00+05:30,143.0,4,4,100.0,False
12236173,2026-02-02T01:00:00+05:30,1.0,4,4,100.0,False
12236173,2026-02-02T02:00:00+05:30,1.0,4,4,100.0,False
12236173,2026-02-02T03:00:00+05:30,1.0,4,4,100.0,False
12236173,2026-02-02T04:00:00+05:30,1.0,4,4,100.0,False
12236173,2026-02-02T05:00:00+05:30,1.0,4,4,100.0,False
12236173,2026-02-02T06:00:00+05:30,1.0,4,4,100.0,False
12236173,2026-02-02T07:00:00+05:30,1.23,3,4,75.0,False
12236173,2026-02-02T08:00:00+05:30,25.7,4,4,100.0,False
12236173,2026-02-02T09:00:00+05:30,39.4,4,4,100.0,False
12236173,2026-02-02T10:00:00+05:30,46.9,3,4,75.0,False
12236173,2026-02-02T11:00:00+05:30,51.4,3,4,75.0,False
12236173,2026-02-02T12:00:00+05:30,64.9,3,4,75.0,False
12236173,2026-02-02T14:00:00+05:30,68.9,4,4,100.0,False
12236173,2026-02-02T15:00:00+05:30,69.4,4,4,100.0,False
12236173,2026-02-02T16:00:00+05:30,79.9,4,4,100.0,False
12236173,2026-02-02T17:00:00+05:30,73.4,3,4,75.0,False
12236173,2026-02-02T18:00:00+05:30,52.6,4,4,100.0,False
12236173,2026-02-02T21:00:00+05:30,53.7,4,4,100.0,False
12236173,2026-02-02T22:00:00+05:30,58.2,3,4,75.0,False
12236173,2026-02-03T01:00:00+05:30,53.2,4,4,100.0,False
12236173,2026-02-03T02:00:00+05:30,57.8,4,4,100.0,False
12236173,2026-02-03T03:00:00+05:30,48.8,4,4,100.0,False
12236173,2026-02-03T04:00:00+05:30,53.7,3,4,75.0,False
12236173,2026-02-03T05:00:00+05:30,56.7,4,4,100.0,False
12236173,2026-02-03T06:00:00+05:30,70.3,4,4,100.0,False
12236173,2026-02-03T07:00:00+05:30,76.0,3,4,75.0,False
12236173,2026-02-03T08:00:00+05:30,89.4,4,4,100.0,False
12236173,2026-02-03T09:00:00+05:30,101.0,4,4,100.0,False
12236173,2026-02-03T10:00:00+05:30,93.8,4,4,100.0,False
12236173,2026-02-03T11:00:00+05:30,93.3,4,4,100.0,False
12236173,2026-02-03T12:00:00+05:30,115.0,4,4,100.0,False
12236173,2026-02-03T13:00:00+05:30,101.0,4,4,100.0,False
12236173,2026-02-04T07:00:00+05:30,39.5,3,4,75.0,False
12236173,2026-02-04T09:00:00+05:30,49.7,4,4,100.0,False
12236173,2026-02-04T13:00:00+05:30,98.2,3,4,75.0,False
12236173,2026-02-04T15:00:00+05:30,85.9,3,4,75.0,False
12236173,2026-02-04T16:00:00+05:30,91.6,4,4,100.0,False
12236173,2026-02-04T17:00:00+05:30,77.5,4,4,100.0,False
12236173,2026-02-04T18:00:00+05:30,83.3,4,4,100.0,False
12236173,2026-02-05T01:00:00+05:30,111.0,4,4,100.0,False
12236173,2026-02-05T02:00:00+05:30,117.0,4,4,100.0,False
12236173,2026-02-05T03:00:00+05:30,44.8,4,4,100.0,False
12236173,2026-02-05T04:00:00+05:30,19.9,4,4,100.0,False
12236173,2026-02-05T05:00:00+05:30,14.5,3,4,75.0,False
12236173,2026-02-05T06:00:00+05:30,26.1,4,4,100.0,False
12236173,2026-02-05T07:00:00+05:30,31.5,4,4,100.0,False
12236173,2026-02-05T10:00:00+05:30,45.9,4,4,100.0,False
12236173,2026-02-05T11:00:00+05:30,52.7,3,4,75.0,False
12236173,2026-02-05T12:00:00+05:30,58.7,4,4,100.0,False
12236173,2026-02-05T13:00:00+05:30,61.9,4,4,100.0,False
12236173,2026-02-05T14:00:00+05:30,63.3,4,4,100.0,False
12236173,2026-02-05T15:00:00+05:30,67.7,4,4,100.0,False
12236173,2026-02-05T16:00:00+05:30,59.3,4,4,100.0,False
12236173,2026-02-05T17:00:00+05:30,53.6,4,4,100.0,False
12236173,2026-02-05T18:00:00+05:30,53.0,4,4,100.0,False
12236173,2026-02-05T19:00:00+05:30,50.6,3,4,75.0,False
12236173,2026-02-05T20:00:00+05:30,53.2,4,4,100.0,False
12236173,2026-02-05T21:00:00+05:30,77.5,4,4,100.0,False
12236173,2026-02-05T22:00:00+05:30,68.5,4,4,100.0,False
12236173,2026-02-06T01:00:00+05:30,80.3,4,4,100.0,False
12236173,2026-02-06T02:00:00+05:30,59.4,4,4,100.0,False
12236173,2026-02-06T03:00:00+05:30,51.4,4,4,100.0,False
12236173,2026-02-06T04:00:00+05:30,26.6,4,4,100.0,False
12236173,2026-02-06T05:00:00+05:30,69.1,4,4,100.0,False
12236173,2026-02-06T06:00:00+05:30,58.2,4,4,100.0,False
12236173,2026-02-06T07:00:00+05:30,32.2,4,4,100.0,False
12236173,2026-02-06T08:00:00+05:30,46.6,4,4,100.0,False
12236173,2026-02-06T09:00:00+05:30,40.9,3,4,75.0,False
12236173,2026-02-06T10:00:00+05:30,36.4,4,4,100.0,False
12236173,2026-02-06T11:00:00+05:30,56.2,4,4,100.0,False
12236173,2026-02-06T12:00:00+05:30,59.1,3,4,75.0,False
12236173,2026-02-06T13:00:00+05:30,58.5,4,4,100.0,False
12236173,2026-02-06T14:00:00+05:30,57.1,4,4,100.0,False
12236173,2026-02-06T15:00:00+05:30,52.6,4,4,100.0,False
12236173,2026-02-06T16:00:00+05:30,84.8,4,4,100.0,False
12236173,2026-02-06T17:00:00+05:30,73.8,4,4,100.0,False
12236173,2026-02-06T18:00:00+05:30,56.9,4,4,100.0,False
12236173,2026-02-06T19:00:00+05:30,80.3,3,4,75.0,False
12236173,2026-02-06T20:00:00+05:30,116.0,4,4,100.0,False
12236173,2026-02-06T21:00:00+05:30,104.0,4,4,100.0,False
12236173,2026-02-06T22:00:00+05:30,94.7,4,4,100.0,False
12236173,2026-02-07T01:00:00+05:30,69.1,4,4,100.0,False
12236173,2026-02-07T02:00:00+05:30,73.1,4,4,100.0,False
12236173,2026-02-07T03:00:00+05:30,60.6,4,4,100.0,False
12236173,2026-02-07T04:00:00+05:30,72.7,4,4,100.0,False
12236173,2026-02-07T05:00:00+05:30,72.6,4,4,100.0,False
12236173,2026-02-07T06:00:00+05:30,18.8,4,4,100.0,False
12236173,2026-02-07T07:00:00+05:30,8.01,4,4,100.0,False
12236173,2026-02-07T08:00:00+05:30,8.37,4,4,100.0,False
12236173,2026-02-07T09:00:00+05:30,5.97,4,4,100.0,False
12236173,2026-02-07T10:00:00+05:30,10.3,4,4,100.0,False
12236173,2026-02-07T11:00:00+05:30,17.6,3,4,75.0,False
12236173,2026-02-07T12:00:00+05:30,47.4,4,4,100.0,False
12236173,2026-02-07T13:00:00+05:30,59.8,4,4,100.0,False
12236173,2026-02-07T14:00:00+05:30,65.6,4,4,100.0,False
12236173,2026-02-07T15:00:00+05:30,66.6,4,4,100.0,False
12236173,2026-02-07T16:00:00+05:30,66.4,3,4,75.0,False
12236173,2026-02-07T17:00:00+05:30,58.8,4,4,100.0,False
12236173,2026-02-07T18:00:00+05:30,52.7,4,4,100.0,False
12236173,2026-02-07T19:00:00+05:30,38.0,4,4,100.0,False
12236173,2026-02-07T20:00:00+05:30,48.1,4,4,100.0,False
12236173,2026-02-07T21:00:00+05:30,66.5,4,4,100.0,False
12236173,2026-02-07T22:00:00+05:30,68.0,4,4,100.0,False
12236173,2026-02-08T21:00:00+05:30,95.1,4,4,100.0,False
12236173,2026-02-08T22:00:00+05:30,104.0,4,4,100.0,False
12236173,2026-02-09T01:00:00+05:30,107.0,4,4,100.0,False
12236173,2026-02-09T02:00:00+05:30,100.0,4,4,100.0,False
12236173,2026-02-09T03:00:00+05:30,91.7,4,4,100.0,False
12236173,2026-02-09T04:00:00+05:30,89.0,4,4,100.0,False
12236173,2026-02-09T07:00:00+05:30,104.0,4,4,100.0,False
12236173,2026-02-09T08:00:00+05:30,104.0,4,4,100.0,False
12236173,2026-02-09T09:00:00+05:30,70.5,3,4,75.0,False
12236173,2026-02-09T10:00:00+05:30,84.1,4,4,100.0,False
12236173,2026-02-09T14:00:00+05:30,124.0,4,4,100.0,False
12236173,2026-02-09T15:00:00+05:30,116.0,4,4,100.0,False
12236173,2026-02-10T10:00:00+05:30,127.0,4,4,100.0,False
12236173,2026-02-10T11:00:00+05:30,34.3,3,4,75.0,False
12236173,2026-02-10T12:00:00+05:30,58.9,4,4,100.0,False
12236173,2026-02-10T14:00:00+05:30,116.0,4,4,100.0,False
12236173,2026-02-10T15:00:00+05:30,114.0,3,4,75.0,False
12236173,2026-02-10T16:00:00+05:30,123.0,4,4,100.0,False
12236173,2026-02-10T17:00:00+05:30,115.0,4,4,100.0,False
12236173,2026-02-10T18:00:00+05:30,97.5,4,4,100.0,False
12236173,2026-02-10T19:00:00+05:30,97.4,4,4,100.0,False
12236173,2026-02-10T20:00:00+05:30,87.1,4,4,100.0,False
12236173,2026-02-10T21:00:00+05:30,91.0,4,4,100.0,False
12236173,2026-02-10T22:00:00+05:30,121.0,4,4,100.0,False
12236173,2026-02-11T01:00:00+05:30,120.0,4,4,100.0,False
12236173,2026-02-11T02:00:00+05:30,67.7,4,4,100.0,False
12236173,2026-02-11T03:00:00+05:30,23.0,3,4,75.0,False
12236173,2026-02-11T04:00:00+05:30,32.9,4,4,100.0,False
12236173,2026-02-11T05:00:00+05:30,52.1,4,4,100.0,False
12236173,2026-02-11T06:00:00+05:30,48.8,4,4,100.0,False
12236173,2026-02-11T07:00:00+05:30,64.1,4,4,100.0,False
12236173,2026-02-11T08:00:00+05:30,59.3,4,4,100.0,False
12236173,2026-02-11T09:00:00+05:30,59.8,4,4,100.0,False
12236173,2026-02-11T11:00:00+05:30,74.9,4,4,100.0,False
12236173,2026-02-11T12:00:00+05:30,70.0,4,4,100.0,False
12236173,2026-02-11T13:00:00+05:30,93.5,4,4,100.0,False
12236173,2026-02-11T14:00:00+05:30,96.2,4,4,100.0,False
12236173,2026-02-11T15:00:00+05:30,107.0,4,4,100.0,False
12236173,2026-02-11T16:00:00+05:30,96.0,4,4,100.0,False
12236173,2026-02-11T17:00:00+05:30,85.9,4,4,100.0,False
12236173,2026-02-11T18:00:00+05:30,91.1,4,4,100.0,False
12236173,2026-02-11T19:00:00+05:30,98.5,3,4,75.0,False
12236173,2026-02-11T20:00:00+05:30,97.0,4,4,100.0,False
12236173,2026-02-11T21:00:00+05:30,110.0,4,4,100.0,False
12236173,2026-02-11T22:00:00+05:30,97.9,4,4,100.0,False
12236173,2026-02-12T01:00:00+05:30,81.4,3,4,75.0,False
12236173,2026-02-12T02:00:00+05:30,81.7,4,4,100.0,False
12236173,2026-02-12T03:00:00+05:30,59.8,4,4,100.0,False
12236173,2026-02-12T04:00:00+05:30,67.0,4,4,100.0,False
12236173,2026-02-12T05:00:00+05:30,59.0,4,4,100.0,False
12236173,2026-02-12T06:00:00+05:30,56.1,4,4,100.0,False
12236173,2026-02-12T07:00:00+05:30,69.3,4,4,100.0,False
12236173,2026-02-12T08:00:00+05:30,75.2,4,4,100.0,False
12236173,2026-02-12T09:00:00+05:30,72.2,4,4,100.0,False
12236173,2026-02-12T10:00:00+05:30,70.4,4,4,100.0,False
12236173,2026-02-12T11:00:00+05:30,55.7,4,4,100.0,False
12236173,2026-02-12T12:00:00+05:30,57.2,4,4,100.0,False
12236173,2026-02-12T13:00:00+05:30,64.2,4,4,100.0,False
12236173,2026-02-12T14:00:00+05:30,69.0,4,4,100.0,False
12236173,2026-02-12T15:00:00+05:30,70.8,3,4,75.0,False
12236173,2026-02-12T16:00:00+05:30,68.4,4,4,100.0,False
12236173,2026-02-12T17:00:00+05:30,64.3,4,4,100.0,False
12236173,2026-02-12T18:00:00+05:30,69.6,3,4,75.0,False
12236173,2026-02-12T19:00:00+05:30,89.2,4,4,100.0,False
12236173,2026-02-12T20:00:00+05:30,118.0,4,4,100.0,False
12236173,2026-02-12T21:00:00+05:30,112.0,4,4,100.0,False
12236173,2026-02-12T22:00:00+05:30,110.0,4,4,100.0,False
12236173,2026-02-13T01:00:00+05:30,108.0,4,4,100.0,False
12236173,2026-02-13T02:00:00+05:30,106.0,4,4,100.0,False
12236173,2026-02-13T03:00:00+05:30,107.0,4,4,100.0,False
12236173,2026-02-13T04:00:00+05:30,69.7,4,4,100.0,False
12236173,2026-02-13T05:00:00+05:30,70.1,4,4,100.0,False
12236173,2026-02-13T06:00:00+05:30,91.6,4,4,100.0,False
12236173,2026-02-13T07:00:00+05:30,69.2,4,4,100.0,False
12236173,2026-02-13T08:00:00+05:30,97.8,4,4,100.0,False
12236173,2026-02-13T09:00:00+05:30,75.2,4,4,100.0,False
12236173,2026-02-13T10:00:00+05:30,46.2,4,4,100.0,False
12236173,2026-02-13T11:00:00+05:30,88.0,4,4,100.0,False
12236173,2026-02-13T12:00:00+05:30,78.1,4,4,100.0,False
12236173,2026-02-13T13:00:00+05:30,89.8,4,4,100.0,False
12236173,2026-02-13T14:00:00+05:30,92.3,4,4,100.0,False
12236173,2026-02-13T15:00:00+05:30,84.4,4,4,100.0,False
12236173,2026-02-13T16:00:00+05:30,77.0,4,4,100.0,False
12236173,2026-02-13T17:00:00+05:30,78.7,4,4,100.0,False
12236173,2026-02-13T18:00:00+05:30,73.6,4,4,100.0,False
12236173,2026-02-13T19:00:00+05:30,70.2,4,4,100.0,False
12236173,2026-02-13T20:00:00+05:30,70.3,4,4,100.0,False
12236173,2026-02-13T21:00:00+05:30,73.0,4,4,100.0,False
12236173,2026-02-13T22:00:00+05:30,77.2,4,4,100.0,False
12236173,2026-02-14T01:00:00+05:30,73.0,4,4,100.0,False
12236173,2026-02-14T02:00:00+05:30,73.6,3,4,75.0,False
12236173,2026-02-14T03:00:00+05:30,56.1,4,4,100.0,False
12236173,2026-02-14T04:00:00+05:30,54.3,4,4,100.0,False
12236173,2026-02-14T05:00:00+05:30,41.2,4,4,100.0,False
12236173,2026-02-14T06:00:00+05:30,27.1,4,4,100.0,False
12236173,2026-02-14T07:00:00+05:30,32.7,4,4,100.0,False
12236173,2026-02-14T08:00:00+05:30,44.1,4,4,100.0,False
12236173,2026-02-14T09:00:00+05:30,36.0,4,4,100.0,False
12236173,2026-02-14T10:00:00+05:30,30.1,4,4,100.0,False
12236173,2026-02-14T11:00:00+05:30,36.2,4,4,100.0,False
12236173,2026-02-14T12:00:00+05:30,46.8,4,4,100.0,False
12236173,2026-02-14T13:00:00+05:30,44.8,4,4,100.0,False
12236173,2026-02-14T14:00:00+05:30,41.1,4,4,100.0,False
12236173,2026-02-14T15:00:00+05:30,40.7,4,4,100.0,False
12236173,2026-02-14T16:00:00+05:30,38.5,4,4,100.0,False
12236173,2026-02-14T17:00:00+05:30,30.8,4,4,100.0,False
12236173,2026-02-14T18:00:00+05:30,33.2,4,4,100.0,False
12236173,2026-02-14T19:00:00+05:30,54.5,4,4,100.0,False
12236173,2026-02-14T20:00:00+05:30,33.8,4,4,100.0,False
12236173,2026-02-14T21:00:00+05:30,55.3,4,4,100.0,False
12236173,2026-02-15T01:00:00+05:30,53.6,4,4,100.0,False
12236173,2026-02-15T02:00:00+05:30,57.2,4,4,100.0,False
12236173,2026-02-15T03:00:00+05:30,44.1,4,4,100.0,False
12236173,2026-02-15T04:00:00+05:30,45.0,4,4,100.0,False
12236173,2026-02-15T05:00:00+05:30,48.0,4,4,100.0,False
12236173,2026-02-15T06:00:00+05:30,46.6,4,4,100.0,False
12236173,2026-02-15T07:00:00+05:30,52.2,4,4,100.0,False
12236173,2026-02-15T08:00:00+05:30,79.9,4,4,100.0,False
12236173,2026-02-15T09:00:00+05:30,61.6,4,4,100.0,False
12236173,2026-02-15T10:00:00+05:30,67.6,4,4,100.0,False
12236173,2026-02-15T11:00:00+05:30,65.5,4,4,100.0,False
12236173,2026-02-15T12:00:00+05:30,44.9,4,4,100.0,False
12236173,2026-02-15T13:00:00+05:30,70.2,4,4,100.0,False
12236173,2026-02-15T14:00:00+05:30,68.9,4,4,100.0,False
12236173,2026-02-15T15:00:00+05:30,53.0,4,4,100.0,False
12236173,2026-02-15T16:00:00+05:30,59.1,4,4,100.0,False
12236173,2026-02-15T17:00:00+05:30,47.3,4,4,100.0,False
12236173,2026-02-15T18:00:00+05:30,37.0,4,4,100.0,False
12236173,2026-02-15T19:00:00+05:30,59.7,4,4,100.0,False
12236173,2026-02-15T20:00:00+05:30,64.4,4,4,100.0,False
12236173,2026-02-15T21:00:00+05:30,77.2,4,4,100.0,False
12236173,2026-02-15T22:00:00+05:30,75.3,4,4,100.0,False
12236173,2026-02-16T01:00:00+05:30,74.2,4,4,100.0,False
12236173,2026-02-16T02:00:00+05:30,66.5,4,4,100.0,False
12236173,2026-02-16T03:00:00+05:30,59.8,4,4,100.0,False
12236173,2026-02-16T04:00:00+05:30,72.8,4,4,100.0,False
12236173,2026-02-16T05:00:00+05:30,57.2,4,4,100.0,False
12236173,2026-02-16T06:00:00+05:30,34.3,4,4,100.0,False
12236173,2026-02-16T07:00:00+05:30,25.1,4,4,100.0,False
12236173,2026-02-16T08:00:00+05:30,39.5,4,4,100.0,False
12236173,2026-02-16T09:00:00+05:30,50.2,3,4,75.0,False
12236173,2026-02-17T14:00:00+05:30,102.0,4,4,100.0,False
12236173,2026-02-17T15:00:00+05:30,135.0,4,4,100.0,False
12236173,2026-02-17T16:00:00+05:30,124.0,3,4,75.0,False
12236173,2026-02-17T17:00:00+05:30,114.0,4,4,100.0,False
12236173,2026-02-17T18:00:00+05:30,112.0,4,4,100.0,False
12236173,2026-02-17T19:00:00+05:30,109.0,4,4,100.0,False
12236173,2026-02-17T20:00:00+05:30,98.9,4,4,100.0,False
12236173,2026-02-17T21:00:00+05:30,96.9,3,4,75.0,False
12236173,2026-02-18T07:00:00+05:30,87.6,4,4,100.0,False
12236173,2026-02-18T11:00:00+05:30,71.0,4,4,100.0,False
12236173,2026-02-18T12:00:00+05:30,79.5,4,4,100.0,False
12236173,2026-02-18T13:00:00+05:30,99.1,3,4,75.0,False
12236173,2026-02-18T14:00:00+05:30,118.0,4,4,100.0,False
12236173,2026-02-18T15:00:00+05:30,112.0,4,4,100.0,False
12236173,2026-02-18T16:00:00+05:30,112.0,4,4,100.0,False
12236173,2026-02-18T17:00:00+05:30,102.0,4,4,100.0,False
12236173,2026-02-18T18:00:00+05:30,94.5,4,4,100.0,False
12236173,2026-02-18T19:00:00+05:30,83.8,4,4,100.0,False
12236173,2026-02-18T20:00:00+05:30,100.0,4,4,100.0,False
12236173,2026-02-19T16:00:00+05:30,80.7,3,4,75.0,False
12236173,2026-02-19T17:00:00+05:30,65.5,4,4,100.0,False
12236173,2026-02-19T18:00:00+05:30,72.8,4,4,100.0,False
12236173,2026-02-19T19:00:00+05:30,92.0,4,4,100.0,False
12236173,2026-02-19T20:00:00+05:30,130.0,4,4,100.0,False
12236173,2026-02-19T21:00:00+05:30,87.0,4,4,100.0,False
12236173,2026-02-19T22:00:00+05:30,81.6,4,4,100.0,False
12236173,2026-02-20T01:00:00+05:30,134.0,4,4,100.0,False
12236173,2026-02-20T02:00:00+05:30,97.7,4,4,100.0,False
12236173,2026-02-20T03:00:00+05:30,78.4,4,4,100.0,False
12236173,2026-02-20T04:00:00+05:30,79.3,3,4,75.0,False
12236173,2026-02-20T05:00:00+05:30,35.3,4,4,100.0,False
12236173,2026-02-20T06:00:00+05:30,15.9,3,4,75.0,False
12236173,2026-02-20T07:00:00+05:30,9.31,3,4,75.0,False
12236173,2026-02-20T08:00:00+05:30,4.93,4,4,100.0,False
12236173,2026-02-20T09:00:00+05:30,3.0,3,4,75.0,False
12236173,2026-02-20T10:00:00+05:30,1.86,3,4,75.0,False
12236173,2026-02-20T11:00:00+05:30,12.7,4,4,100.0,False
12236173,2026-02-20T12:00:00+05:30,28.1,4,4,100.0,False
12236173,2026-02-20T13:00:00+05:30,56.7,3,4,75.0,False
12236173,2026-02-20T15:00:00+05:30,46.6,4,4,100.0,False
12236173,2026-02-20T16:00:00+05:30,68.7,4,4,100.0,False
12236173,2026-02-20T17:00:00+05:30,61.7,4,4,100.0,False
12236173,2026-02-21T11:00:00+05:30,80.1,4,4,100.0,False
12236173,2026-02-21T13:00:00+05:30,57.4,3,4,75.0,False
12236173,2026-02-21T14:00:00+05:30,41.6,4,4,100.0,False
12236173,2026-02-21T17:00:00+05:30,24.5,3,4,75.0,False
12236173,2026-02-21T18:00:00+05:30,80.2,4,4,100.0,False
12236173,2026-02-21T19:00:00+05:30,58.0,4,4,100.0,False
12236173,2026-02-21T20:00:00+05:30,45.8,4,4,100.0,False
12236173,2026-02-21T21:00:00+05:30,47.6,4,4,100.0,False
12236173,2026-02-21T22:00:00+05:30,36.3,4,4,100.0,False
12236173,2026-02-22T02:00:00+05:30,47.4,4,4,100.0,False
12236173,2026-02-22T03:00:00+05:30,40.2,4,4,100.0,False
12236173,2026-02-22T04:00:00+05:30,33.9,4,4,100.0,False
12236173,2026-02-22T05:00:00+05:30,32.3,4,4,100.0,False
12236173,2026-02-22T06:00:00+05:30,37.1,4,4,100.0,False
12236173,2026-02-23T11:00:00+05:30,32.3,4,4,100.0,False
12236173,2026-02-23T12:00:00+05:30,16.4,4,4,100.0,False
12236173,2026-02-23T13:00:00+05:30,8.52,4,4,100.0,False
12236173,2026-02-23T15:00:00+05:30,36.6,4,4,100.0,False
12236173,2026-02-23T16:00:00+05:30,21.3,4,4,100.0,False
12236173,2026-02-23T17:00:00+05:30,39.6,3,4,75.0,False
12236173,2026-02-23T18:00:00+05:30,48.0,4,4,100.0,False
12236173,2026-02-23T21:00:00+05:30,65.7,4,4,100.0,False
12236173,2026-02-23T22:00:00+05:30,74.0,4,4,100.0,False
12236173,2026-02-24T01:00:00+05:30,55.2,4,4,100.0,False
12236173,2026-02-24T02:00:00+05:30,70.9,4,4,100.0,False
12236173,2026-02-24T03:00:00+05:30,56.9,4,4,100.0,False
12236173,2026-02-24T04:00:00+05:30,60.6,4,4,100.0,False
12236173,2026-02-24T05:00:00+05:30,56.3,4,4,100.0,False
12236173,2026-02-24T06:00:00+05:30,48.8,4,4,100.0,False
12236173,2026-02-24T07:00:00+05:30,76.0,4,4,100.0,False
12236173,2026-02-24T08:00:00+05:30,93.4,4,4,100.0,False
12236173,2026-02-24T09:00:00+05:30,69.6,3,4,75.0,False
12236173,2026-02-24T10:00:00+05:30,45.1,4,4,100.0,False
12236173,2026-02-24T11:00:00+05:30,54.9,4,4,100.0,False
12236173,2026-02-24T12:00:00+05:30,63.7,4,4,100.0,False
12236173,2026-02-24T13:00:00+05:30,25.9,4,4,100.0,False
12236173,2026-02-24T14:00:00+05:30,13.6,3,4,75.0,False
12236173,2026-02-24T18:00:00+05:30,35.8,4,4,100.0,False
12236173,2026-02-24T19:00:00+05:30,41.7,4,4,100.0,False
12236173,2026-02-24T20:00:00+05:30,51.5,4,4,100.0,False
12236173,2026-02-24T21:00:00+05:30,49.9,4,4,100.0,False
12236173,2026-02-24T22:00:00+05:30,46.4,4,4,100.0,False
12236173,2026-02-25T01:00:00+05:30,58.0,4,4,100.0,False
12236173,2026-02-25T02:00:00+05:30,58.0,4,4,100.0,False
12236173,2026-02-25T03:00:00+05:30,46.1,3,4,75.0,False
12236173,2026-02-25T04:00:00+05:30,40.2,4,4,100.0,False
12236173,2026-02-25T05:00:00+05:30,39.7,4,4,100.0,False
12236173,2026-02-25T06:00:00+05:30,36.3,4,4,100.0,False
12236173,2026-02-25T07:00:00+05:30,43.3,4,4,100.0,False
12236173,2026-02-25T08:00:00+05:30,65.9,3,4,75.0,False
12236173,2026-02-25T09:00:00+05:30,48.9,4,4,100.0,False
12236173,2026-02-25T10:00:00+05:30,36.4,4,4,100.0,False
12236173,2026-02-25T11:00:00+05:30,45.6,4,4,100.0,False
12236173,2026-02-25T12:00:00+05:30,41.5,4,4,100.0,False
12236173,2026-02-25T13:00:00+05:30,25.7,4,4,100.0,False
12236173,2026-02-25T14:00:00+05:30,16.5,3,4,75.0,False
12236173,2026-02-25T15:00:00+05:30,24.9,4,4,100.0,False
12236173,2026-02-25T16:00:00+05:30,39.7,3,4,75.0,False
12236173,2026-02-25T17:00:00+05:30,33.2,4,4,100.0,False
12236173,2026-02-25T18:00:00+05:30,48.4,4,4,100.0,False
12236173,2026-02-25T19:00:00+05:30,46.9,4,4,100.0,False
12236173,2026-02-25T20:00:00+05:30,49.0,4,4,100.0,False
12236173,2026-02-25T21:00:00+05:30,55.3,4,4,100.0,False
12236173,2026-02-25T22:00:00+05:30,51.0,4,4,100.0,False
12236173,2026-02-26T01:00:00+05:30,47.4,4,4,100.0,False
12236173,2026-02-26T02:00:00+05:30,39.0,4,4,100.0,False
12236173,2026-02-26T03:00:00+05:30,41.4,4,4,100.0,False
12236173,2026-02-26T04:00:00+05:30,46.3,4,4,100.0,False
12236173,2026-02-26T05:00:00+05:30,41.9,4,4,100.0,False
12236173,2026-02-26T06:00:00+05:30,32.5,4,4,100.0,False
12236173,2026-02-26T07:00:00+05:30,56.8,4,4,100.0,False
12236173,2026-02-26T08:00:00+05:30,54.0,4,4,100.0,False
12236173,2026-02-26T09:00:00+05:30,35.0,4,4,100.0,False
12236173,2026-02-26T10:00:00+05:30,32.6,4,4,100.0,False
12236173,2026-02-26T11:00:00+05:30,39.0,4,4,100.0,False
12236173,2026-02-26T12:00:00+05:30,21.4,4,4,100.0,False
12236173,2026-02-26T13:00:00+05:30,33.1,4,4,100.0,False
12236173,2026-02-26T14:00:00+05:30,48.5,4,4,100.0,False
12236173,2026-02-26T15:00:00+05:30,52.0,4,4,100.0,False
12236173,2026-02-26T16:00:00+05:30,69.4,4,4,100.0,False
12236173,2026-02-26T17:00:00+05:30,70.1,4,4,100.0,False
12236173,2026-02-26T18:00:00+05:30,79.9,3,4,75.0,False
12236173,2026-02-26T19:00:00+05:30,94.6,4,4,100.0,False
12236173,2026-02-26T20:00:00+05:30,107.0,4,4,100.0,False
12236173,2026-02-26T21:00:00+05:30,121.0,4,4,100.0,False
12236173,2026-02-26T22:00:00+05:30,120.0,4,4,100.0,False
12236173,2026-02-27T01:00:00+05:30,84.3,4,4,100.0,False
12236173,2026-02-27T02:00:00+05:30,93.8,4,4,100.0,False
12236173,2026-02-27T03:00:00+05:30,71.6,4,4,100.0,False
12236173,2026-02-27T04:00:00+05:30,45.9,4,4,100.0,False
12236173,2026-02-27T05:00:00+05:30,65.7,4,4,100.0,False
12236173,2026-02-27T06:00:00+05:30,64.0,4,4,100.0,False
12236173,2026-02-27T07:00:00+05:30,61.6,4,4,100.0,False
12236173,2026-02-27T08:00:00+05:30,60.1,4,4,100.0,False
12236173,2026-02-27T09:00:00+05:30,35.4,4,4,100.0,False
12236173,2026-02-27T10:00:00+05:30,49.8,4,4,100.0,False
12236173,2026-02-27T11:00:00+05:30,99.5,4,4,100.0,False
12236173,2026-02-27T12:00:00+05:30,56.1,4,4,100.0,False
12236173,2026-02-27T13:00:00+05:30,67.7,4,4,100.0,False
12236173,2026-02-27T14:00:00+05:30,208.0,3,4,75.0,False
12236173,2026-02-27T15:00:00+05:30,146.0,4,4,100.0,False
12236173,2026-02-27T16:00:00+05:30,209.0,4,4,100.0,False
12236173,2026-02-27T17:00:00+05:30,179.0,4,4,100.0,False
12236173,2026-02-27T18:00:00+05:30,153.0,4,4,100.0,False
12236173,2026-02-27T19:00:00+05:30,134.0,4,4,100.0,False
12236173,2026-02-27T20:00:00+05:30,137.0,4,4,100.0,False
12236173,2026-02-27T21:00:00+05:30,127.0,4,4,100.0,False
12236173,2026-02-27T22:00:00+05:30,131.0,4,4,100.0,False
12236173,2026-02-28T01:00:00+05:30,29.3,4,4,100.0,False
12236173,2026-02-28T02:00:00+05:30,30.6,3,4,75.0,False
12236173,2026-02-28T03:00:00+05:30,30.0,4,4,100.0,False
12236173,2026-02-28T04:00:00+05:30,28.7,4,4,100.0,False
12236173,2026-02-28T05:00:00+05:30,30.2,4,4,100.0,False
12236173,2026-02-28T06:00:00+05:30,29.9,4,4,100.0,False
12236173,2026-02-28T07:00:00+05:30,28.5,4,4,100.0,False
12236173,2026-02-28T08:00:00+05:30,33.7,4,4,100.0,False
12236173,2026-02-28T09:00:00+05:30,30.6,4,4,100.0,False
12236173,2026-02-28T10:00:00+05:30,30.9,4,4,100.0,False
12236173,2026-02-28T11:00:00+05:30,30.2,4,4,100.0,False
12236173,2026-02-28T12:00:00+05:30,31.4,4,4,100.0,False
12236173,2026-02-28T13:00:00+05:30,30.8,4,4,100.0,False
12236173,2026-02-28T14:00:00+05:30,30.3,4,4,100.0,False
12236173,2026-02-28T15:00:00+05:30,29.3,4,4,100.0,False
12236173,2026-02-28T16:00:00+05:30,30.7,3,4,75.0,False
12236173,2026-02-28T17:00:00+05:30,29.4,4,4,100.0,False
12236173,2026-02-28T18:00:00+05:30,29.5,4,4,100.0,False
12236173,2026-02-28T19:00:00+05:30,30.7,4,4,100.0,False
12236173,2026-02-28T20:00:00+05:30,30.6,4,4,100.0,False
12236173,2026-02-28T21:00:00+05:30,30.0,4,4,100.0,False
12236173,2026-02-28T22:00:00+05:30,32.3,4,4,100.0,False
12236173,2026-03-01T02:00:00+05:30,30.3,4,4,100.0,False
12236173,2026-03-01T03:00:00+05:30,30.3,4,4,100.0,False
12236173,2026-03-01T04:00:00+05:30,29.5,4,4,100.0,False
12236173,2026-03-01T05:00:00+05:30,30.4,4,4,100.0,False
12236173,2026-03-01T06:00:00+05:30,30.8,4,4,100.0,False
12236173,2026-03-01T07:00:00+05:30,30.4,4,4,100.0,False
12236173,2026-03-01T08:00:00+05:30,31.0,4,4,100.0,False
12236173,2026-03-01T09:00:00+05:30,31.8,3,4,75.0,False
12236173,2026-03-01T10:00:00+05:30,31.7,4,4,100.0,False
12236173,2026-03-01T11:00:00+05:30,30.5,4,4,100.0,False
12236173,2026-03-01T12:00:00+05:30,29.8,4,4,100.0,False
12236173,2026-03-01T13:00:00+05:30,31.6,4,4,100.0,False
12236173,2026-03-01T14:00:00+05:30,30.7,3,4,75.0,False
12236173,2026-03-01T15:00:00+05:30,31.2,4,4,100.0,False
12236173,2026-03-01T16:00:00+05:30,30.0,3,4,75.0,False
12236173,2026-03-01T17:00:00+05:30,28.8,4,4,100.0,False
12236173,2026-03-01T18:00:00+05:30,29.4,4,4,100.0,False
12236173,2026-03-01T19:00:00+05:30,29.7,4,4,100.0,False
12236173,2026-03-01T20:00:00+05:30,30.8,4,4,100.0,False
12236173,2026-03-01T21:00:00+05:30,27.7,4,4,100.0,False
12236173,2026-03-01T22:00:00+05:30,21.6,4,4,100.0,False
12236173,2026-03-02T02:00:00+05:30,22.2,4,4,100.0,False
12236173,2026-03-02T03:00:00+05:30,22.9,4,4,100.0,False
12236173,2026-03-02T04:00:00+05:30,23.0,4,4,100.0,False
12236173,2026-03-02T05:00:00+05:30,22.9,4,4,100.0,False
12236173,2026-03-02T06:00:00+05:30,22.5,4,4,100.0,False
12236173,2026-03-02T07:00:00+05:30,23.1,4,4,100.0,False
12236173,2026-03-02T08:00:00+05:30,22.8,4,4,100.0,False
12236173,2026-03-02T09:00:00+05:30,22.2,3,4,75.0,False
12236173,2026-03-02T10:00:00+05:30,11.4,4,4,100.0,False
12236173,2026-03-02T11:00:00+05:30,26.4,3,4,75.0,False
12236173,2026-03-02T12:00:00+05:30,39.2,3,4,75.0,False
12236173,2026-03-02T13:00:00+05:30,40.5,3,4,75.0,False
12236173,2026-03-02T14:00:00+05:30,38.6,3,4,75.0,False
12236173,2026-03-02T17:00:00+05:30,99.5,3,4,75.0,False
12236173,2026-03-02T18:00:00+05:30,59.6,3,4,75.0,False
12236173,2026-03-02T22:00:00+05:30,66.9,3,4,75.0,False
12236173,2026-03-02T23:00:00+05:30,54.6,3,4,75.0,False
12236173,2026-03-03T00:00:00+05:30,74.2,3,4,75.0,False
12236173,2026-03-03T01:00:00+05:30,78.9,3,4,75.0,False
12236173,2026-03-03T02:00:00+05:30,57.4,3,4,75.0,False
12236173,2026-03-03T04:00:00+05:30,57.2,4,4,100.0,False
12236173,2026-03-03T05:00:00+05:30,67.5,3,4,75.0,False
12236173,2026-03-03T06:00:00+05:30,58.9,4,4,100.0,False
12236173,2026-03-03T07:00:00+05:30,70.8,4,4,100.0,False
12236173,2026-03-03T08:00:00+05:30,54.2,4,4,100.0,False
12236173,2026-03-03T09:00:00+05:30,52.8,3,4,75.0,False
12236173,2026-03-03T10:00:00+05:30,57.2,4,4,100.0,False
12236173,2026-03-03T11:00:00+05:30,77.6,3,4,75.0,False
12236173,2026-03-03T12:00:00+05:30,66.7,4,4,100.0,False
12236173,2026-03-03T13:00:00+05:30,51.8,3,4,75.0,False
12236173,2026-03-03T14:00:00+05:30,67.1,4,4,100.0,False
12236173,2026-03-03T15:00:00+05:30,49.4,3,4,75.0,False
12236173,2026-03-03T16:00:00+05:30,42.4,3,4,75.0,False
12236173,2026-03-03T17:00:00+05:30,58.3,4,4,100.0,False
12236173,2026-03-03T18:00:00+05:30,43.4,4,4,100.0,False
12236173,2026-03-03T20:00:00+05:30,52.2,4,4,100.0,False
12236173,2026-03-03T21:00:00+05:30,39.7,4,4,100.0,False
12236173,2026-03-03T22:00:00+05:30,64.2,4,4,100.0,False
12236173,2026-03-04T00:00:00+05:30,57.0,4,4,100.0,False
12236173,2026-03-04T01:00:00+05:30,54.3,4,4,100.0,False
12236173,2026-03-04T02:00:00+05:30,51.3,4,4,100.0,False
12236173,2026-03-04T03:00:00+05:30,36.5,4,4,100.0,False
12236173,2026-03-04T04:00:00+05:30,48.8,4,4,100.0,False
12236173,2026-03-04T05:00:00+05:30,60.4,4,4,100.0,False
12236173,2026-03-04T06:00:00+05:30,45.1,4,4,100.0,False
12236173,2026-03-04T07:00:00+05:30,48.6,4,4,100.0,False
12236173,2026-03-04T08:00:00+05:30,40.5,4,4,100.0,False
12236173,2026-03-04T09:00:00+05:30,44.3,4,4,100.0,False
12236173,2026-03-04T10:00:00+05:30,56.7,4,4,100.0,False
12236173,2026-03-04T11:00:00+05:30,50.8,4,4,100.0,False
12236173,2026-03-04T12:00:00+05:30,46.3,4,4,100.0,False
12236173,2026-03-04T13:00:00+05:30,33.3,4,4,100.0,False
12236173,2026-03-04T14:00:00+05:30,41.8,4,4,100.0,False
12236173,2026-03-04T15:00:00+05:30,47.2,4,4,100.0,False
12236173,2026-03-04T16:00:00+05:30,44.2,4,4,100.0,False
12236173,2026-03-04T17:00:00+05:30,37.9,3,4,75.0,False
12236173,2026-03-04T18:00:00+05:30,32.4,4,4,100.0,False
12236173,2026-03-04T19:00:00+05:30,33.9,4,4,100.0,False
12236173,2026-03-04T20:00:00+05:30,26.5,4,4,100.0,False
12236173,2026-03-04T21:00:00+05:30,50.1,4,4,100.0,False
12236173,2026-03-04T22:00:00+05:30,61.6,4,4,100.0,False
12236173,2026-03-04T23:00:00+05:30,61.1,3,4,75.0,False
12236173,2026-03-05T00:00:00+05:30,50.1,4,4,100.0,False
12236173,2026-03-05T01:00:00+05:30,50.8,3,4,75.0,False
12236173,2026-03-05T02:00:00+05:30,40.7,4,4,100.0,False
12236173,2026-03-05T03:00:00+05:30,57.1,4,4,100.0,False
12236173,2026-03-05T04:00:00+05:30,38.6,3,4,75.0,False
12236173,2026-03-05T05:00:00+05:30,50.2,4,4,100.0,False
12236173,2026-03-05T06:00:00+05:30,37.6,4,4,100.0,False
12236173,2026-03-05T07:00:00+05:30,36.5,4,4,100.0,False
12236173,2026-03-05T08:00:00+05:30,34.4,3,4,75.0,False
12236173,2026-03-05T09:00:00+05:30,47.2,4,4,100.0,False
12236173,2026-03-05T12:00:00+05:30,28.6,3,4,75.0,False
12236173,2026-03-05T13:00:00+05:30,36.0,4,4,100.0,False
12236173,2026-03-05T14:00:00+05:30,51.6,4,4,100.0,False
12236173,2026-03-05T15:00:00+05:30,63.4,4,4,100.0,False
12236173,2026-03-05T16:00:00+05:30,78.1,3,4,75.0,False
12236173,2026-03-05T17:00:00+05:30,60.9,4,4,100.0,False
12236173,2026-03-05T18:00:00+05:30,51.1,4,4,100.0,False
12236173,2026-03-05T19:00:00+05:30,45.3,4,4,100.0,False
12236173,2026-03-05T20:00:00+05:30,44.3,4,4,100.0,False
12236173,2026-03-05T22:00:00+05:30,50.0,4,4,100.0,False
12236173,2026-03-05T23:00:00+05:30,41.9,3,4,75.0,False
12236173,2026-03-06T00:00:00+05:30,35.1,4,4,100.0,False
12236173,2026-03-06T01:00:00+05:30,37.0,4,4,100.0,False
12236173,2026-03-06T02:00:00+05:30,25.8,4,4,100.0,False
12236173,2026-03-06T03:00:00+05:30,27.2,4,4,100.0,False
12236173,2026-03-06T04:00:00+05:30,42.8,4,4,100.0,False
12236173,2026-03-06T05:00:00+05:30,25.0,4,4,100.0,False
12236173,2026-03-06T06:00:00+05:30,39.0,4,4,100.0,False
12236173,2026-03-06T07:00:00+05:30,41.2,4,4,100.0,False
12236173,2026-03-06T08:00:00+05:30,31.5,4,4,100.0,False
12236173,2026-03-06T09:00:00+05:30,21.6,4,4,100.0,False
12236173,2026-03-06T10:00:00+05:30,18.6,4,4,100.0,False
12236173,2026-03-06T11:00:00+05:30,31.1,4,4,100.0,False
12236173,2026-03-06T12:00:00+05:30,40.6,4,4,100.0,False
12236173,2026-03-06T13:00:00+05:30,51.1,4,4,100.0,False
12236173,2026-03-06T14:00:00+05:30,44.5,4,4,100.0,False
12236173,2026-03-06T15:00:00+05:30,37.3,4,4,100.0,False
12236173,2026-03-06T16:00:00+05:30,33.3,4,4,100.0,False
12236173,2026-03-06T17:00:00+05:30,22.0,3,4,75.0,False
12236173,2026-03-06T18:00:00+05:30,21.3,3,4,75.0,False
12236173,2026-03-06T19:00:00+05:30,23.9,4,4,100.0,False
12236173,2026-03-06T20:00:00+05:30,21.0,4,4,100.0,False
12236173,2026-03-06T21:00:00+05:30,23.3,4,4,100.0,False
12236173,2026-03-06T22:00:00+05:30,21.4,4,4,100.0,False
12236173,2026-03-06T23:00:00+05:30,35.2,3,4,75.0,False
12236173,2026-03-07T00:00:00+05:30,53.6,4,4,100.0,False
12236173,2026-03-07T02:00:00+05:30,29.5,4,4,100.0,False
12236173,2026-03-07T03:00:00+05:30,26.7,4,4,100.0,False
12236173,2026-03-07T04:00:00+05:30,25.1,4,4,100.0,False
12236173,2026-03-07T05:00:00+05:30,22.7,4,4,100.0,False
12236173,2026-03-07T06:00:00+05:30,19.9,4,4,100.0,False
12236173,2026-03-07T07:00:00+05:30,29.4,4,4,100.0,False
12236173,2026-03-07T08:00:00+05:30,22.2,4,4,100.0,False
12236173,2026-03-07T09:00:00+05:30,20.5,4,4,100.0,False
12236173,2026-03-07T10:00:00+05:30,21.4,4,4,100.0,False
12236173,2026-03-07T11:00:00+05:30,22.3,4,4,100.0,False
12236173,2026-03-07T12:00:00+05:30,28.1,4,4,100.0,False
12236173,2026-03-07T13:00:00+05:30,38.4,3,4,75.0,False
12236173,2026-03-07T19:00:00+05:30,40.4,4,4,100.0,False
12236173,2026-03-07T20:00:00+05:30,37.2,4,4,100.0,False
12236173,2026-03-07T21:00:00+05:30,32.2,4,4,100.0,False
12236173,2026-03-07T22:00:00+05:30,30.1,4,4,100.0,False
12236173,2026-03-07T23:00:00+05:30,30.4,3,4,75.0,False
12236173,2026-03-08T00:00:00+05:30,40.4,4,4,100.0,False
12236173,2026-03-08T01:00:00+05:30,38.6,4,4,100.0,False
12236173,2026-03-08T02:00:00+05:30,28.5,4,4,100.0,False
12236173,2026-03-08T03:00:00+05:30,36.0,4,4,100.0,False
12236173,2026-03-08T04:00:00+05:30,46.6,4,4,100.0,False
12236173,2026-03-08T05:00:00+05:30,35.2,4,4,100.0,False
12236173,2026-03-08T06:00:00+05:30,34.8,4,4,100.0,False
12236173,2026-03-08T07:00:00+05:30,26.8,4,4,100.0,False
12236173,2026-03-08T08:00:00+05:30,19.6,4,4,100.0,False
12236173,2026-03-08T09:00:00+05:30,18.0,4,4,100.0,False
12236173,2026-03-08T10:00:00+05:30,26.0,4,4,100.0,False
12236173,2026-03-08T11:00:00+05:30,19.7,4,4,100.0,False
12236173,2026-03-08T12:00:00+05:30,26.0,4,4,100.0,False
12236173,2026-03-08T13:00:00+05:30,42.6,4,4,100.0,False
12236173,2026-03-08T14:00:00+05:30,47.7,4,4,100.0,False
12236173,2026-03-08T15:00:00+05:30,35.5,4,4,100.0,False
12236173,2026-03-08T16:00:00+05:30,36.0,4,4,100.0,False
12236173,2026-03-08T17:00:00+05:30,24.1,4,4,100.0,False
12236173,2026-03-08T18:00:00+05:30,33.7,4,4,100.0,False
12236173,2026-03-08T19:00:00+05:30,25.8,4,4,100.0,False
12236173,2026-03-08T20:00:00+05:30,23.1,4,4,100.0,False
12236173,2026-03-08T21:00:00+05:30,30.9,4,4,100.0,False
12236173,2026-03-08T22:00:00+05:30,32.6,4,4,100.0,False
12236173,2026-03-08T23:00:00+05:30,24.9,3,4,75.0,False
12236173,2026-03-09T00:00:00+05:30,24.6,4,4,100.0,False
12236173,2026-03-09T01:00:00+05:30,61.7,4,4,100.0,False
12236173,2026-03-09T02:00:00+05:30,41.6,4,4,100.0,False
12236173,2026-03-09T03:00:00+05:30,27.0,4,4,100.0,False
12236173,2026-03-09T04:00:00+05:30,29.9,4,4,100.0,False
12236173,2026-03-09T05:00:00+05:30,26.0,4,4,100.0,False
12236173,2026-03-09T06:00:00+05:30,33.0,4,4,100.0,False
12236173,2026-03-09T07:00:00+05:30,26.5,4,4,100.0,False
12236173,2026-03-09T08:00:00+05:30,25.0,3,4,75.0,False
12236173,2026-03-09T11:00:00+05:30,48.5,4,4,100.0,False
12236173,2026-03-09T12:00:00+05:30,61.9,4,4,100.0,False
12236173,2026-03-09T13:00:00+05:30,57.4,4,4,100.0,False
12236173,2026-03-09T14:00:00+05:30,73.2,3,4,75.0,False
12236173,2026-03-09T15:00:00+05:30,89.8,4,4,100.0,False
12236173,2026-03-09T16:00:00+05:30,54.3,3,4,75.0,False
12236173,2026-03-09T17:00:00+05:30,35.7,4,4,100.0,False
12236173,2026-03-09T18:00:00+05:30,29.0,4,4,100.0,False
12236173,2026-03-09T19:00:00+05:30,24.8,4,4,100.0,False
12236173,2026-03-09T20:00:00+05:30,18.8,4,4,100.0,False
12236173,2026-03-09T21:00:00+05:30,17.5,4,4,100.0,False
12236173,2026-03-09T22:00:00+05:30,16.9,4,4,100.0,False
12236173,2026-03-10T13:00:00+05:30,23.5,4,4,100.0,False
12236173,2026-03-10T14:00:00+05:30,41.0,4,4,100.0,False
12236173,2026-03-10T15:00:00+05:30,30.6,3,4,75.0,False
12236173,2026-03-10T16:00:00+05:30,27.2,4,4,100.0,False
12236173,2026-03-10T17:00:00+05:30,30.9,4,4,100.0,False
12236173,2026-03-10T18:00:00+05:30,29.4,4,4,100.0,False
12236173,2026-03-10T19:00:00+05:30,24.7,4,4,100.0,False
12236173,2026-03-10T20:00:00+05:30,19.4,4,4,100.0,False
12236173,2026-03-10T21:00:00+05:30,20.7,4,4,100.0,False
12236173,2026-03-10T22:00:00+05:30,19.1,4,4,100.0,False
12236173,2026-03-11T01:00:00+05:30,20.0,4,4,100.0,False
12236173,2026-03-11T02:00:00+05:30,28.3,4,4,100.0,False
12236173,2026-03-11T03:00:00+05:30,23.9,4,4,100.0,False
12236173,2026-03-11T04:00:00+05:30,22.5,4,4,100.0,False
12236173,2026-03-11T05:00:00+05:30,26.2,4,4,100.0,False
12236173,2026-03-11T06:00:00+05:30,24.0,4,4,100.0,False
12236173,2026-03-11T07:00:00+05:30,26.3,4,4,100.0,False
12236173,2026-03-11T08:00:00+05:30,26.9,4,4,100.0,False
12236173,2026-03-11T09:00:00+05:30,24.4,4,4,100.0,False
12236173,2026-03-11T10:00:00+05:30,23.7,3,4,75.0,False
12236173,2026-03-11T11:00:00+05:30,20.0,4,4,100.0,False
12236173,2026-03-11T12:00:00+05:30,27.0,4,4,100.0,False
12236173,2026-03-11T13:00:00+05:30,47.0,3,4,75.0,False
12236173,2026-03-11T14:00:00+05:30,49.1,4,4,100.0,False
12236173,2026-03-11T15:00:00+05:30,41.9,4,4,100.0,False
12236173,2026-03-11T16:00:00+05:30,29.5,4,4,100.0,False
12236173,2026-03-11T17:00:00+05:30,23.0,3,4,75.0,False
12236173,2026-03-11T18:00:00+05:30,21.2,4,4,100.0,False
12236173,2026-03-11T19:00:00+05:30,21.5,4,4,100.0,False
12236173,2026-03-11T20:00:00+05:30,22.1,4,4,100.0,False
12236173,2026-03-11T21:00:00+05:30,21.0,4,4,100.0,False
12236173,2026-03-11T22:00:00+05:30,22.1,4,4,100.0,False
12236173,2026-03-12T02:00:00+05:30,22.8,4,4,100.0,False
12236173,2026-03-12T03:00:00+05:30,19.8,3,4,75.0,False
12236173,2026-03-12T04:00:00+05:30,41.1,4,4,100.0,False
12236173,2026-03-12T05:00:00+05:30,26.4,4,4,100.0,False
12236173,2026-03-12T06:00:00+05:30,24.5,4,4,100.0,False
12236173,2026-03-12T07:00:00+05:30,20.1,4,4,100.0,False
12236173,2026-03-12T08:00:00+05:30,16.7,4,4,100.0,False
12236173,2026-03-12T09:00:00+05:30,18.2,4,4,100.0,False
12236173,2026-03-12T10:00:00+05:30,17.3,4,4,100.0,False
12236173,2026-03-12T13:00:00+05:30,31.0,4,4,100.0,False
12236173,2026-03-12T14:00:00+05:30,37.1,3,4,75.0,False
12236173,2026-03-12T15:00:00+05:30,9.46,3,4,75.0,False
12236173,2026-03-12T18:00:00+05:30,33.9,4,4,100.0,False
12236173,2026-03-12T19:00:00+05:30,33.0,4,4,100.0,False
12236173,2026-03-12T20:00:00+05:30,22.4,4,4,100.0,False
12236173,2026-03-12T21:00:00+05:30,17.7,4,4,100.0,False
12236173,2026-03-12T22:00:00+05:30,18.1,4,4,100.0,False
12236173,2026-03-13T01:00:00+05:30,18.5,4,4,100.0,False
12236173,2026-03-13T02:00:00+05:30,23.7,4,4,100.0,False
12236173,2026-03-13T03:00:00+05:30,19.2,4,4,100.0,False
12236173,2026-03-13T04:00:00+05:30,51.2,4,4,100.0,False
12236173,2026-03-13T05:00:00+05:30,62.0,4,4,100.0,False
12236173,2026-03-13T06:00:00+05:30,49.2,4,4,100.0,False
12236173,2026-03-13T07:00:00+05:30,35.8,4,4,100.0,False
12236173,2026-03-13T08:00:00+05:30,27.4,4,4,100.0,False
12236173,2026-03-13T09:00:00+05:30,27.0,3,4,75.0,False
12236173,2026-03-13T13:00:00+05:30,22.5,4,4,100.0,False
12236173,2026-03-13T15:00:00+05:30,20.8,4,4,100.0,False
12236173,2026-03-13T16:00:00+05:30,22.0,4,4,100.0,False
12236173,2026-03-13T17:00:00+05:30,19.9,4,4,100.0,False
12236173,2026-03-13T18:00:00+05:30,18.6,4,4,100.0,False
12236173,2026-03-13T19:00:00+05:30,17.6,4,4,100.0,False
12236173,2026-03-13T20:00:00+05:30,18.9,4,4,100.0,False
12236173,2026-03-13T21:00:00+05:30,16.7,4,4,100.0,False
12236173,2026-03-13T22:00:00+05:30,16.2,4,4,100.0,False
12236173,2026-03-14T01:00:00+05:30,15.7,4,4,100.0,False
12236173,2026-03-14T02:00:00+05:30,18.8,4,4,100.0,False
12236173,2026-03-14T03:00:00+05:30,18.7,4,4,100.0,False
12236173,2026-03-14T04:00:00+05:30,16.2,4,4,100.0,False
12236173,2026-03-14T05:00:00+05:30,17.9,4,4,100.0,False
12236173,2026-03-14T06:00:00+05:30,17.8,4,4,100.0,False
12236173,2026-03-14T07:00:00+05:30,15.3,4,4,100.0,False
12236173,2026-03-14T08:00:00+05:30,18.8,4,4,100.0,False
12236173,2026-03-14T09:00:00+05:30,19.8,4,4,100.0,False
12236173,2026-03-14T10:00:00+05:30,21.5,4,4,100.0,False
12236173,2026-03-14T11:00:00+05:30,27.6,4,4,100.0,False
12236173,2026-03-14T12:00:00+05:30,46.0,4,4,100.0,False
12236173,2026-03-14T13:00:00+05:30,39.2,4,4,100.0,False
12236173,2026-03-14T14:00:00+05:30,30.5,4,4,100.0,False
12236173,2026-03-14T15:00:00+05:30,33.2,4,4,100.0,False
12236173,2026-03-14T16:00:00+05:30,29.1,4,4,100.0,False
12236173,2026-03-14T17:00:00+05:30,27.5,4,4,100.0,False
12236173,2026-03-14T18:00:00+05:30,28.1,4,4,100.0,False
12236173,2026-03-14T19:00:00+05:30,26.5,3,4,75.0,False
12236173,2026-03-14T20:00:00+05:30,20.8,4,4,100.0,False
12236173,2026-03-14T21:00:00+05:30,17.1,4,4,100.0,False
12236173,2026-03-14T22:00:00+05:30,19.0,4,4,100.0,False
12236173,2026-03-15T01:00:00+05:30,21.9,4,4,100.0,False
12236173,2026-03-15T02:00:00+05:30,19.8,4,4,100.0,False
12236173,2026-03-15T03:00:00+05:30,23.4,4,4,100.0,False
12236173,2026-03-15T04:00:00+05:30,35.0,4,4,100.0,False
12236173,2026-03-15T05:00:00+05:30,23.0,4,4,100.0,False
12236173,2026-03-15T06:00:00+05:30,20.2,4,4,100.0,False
12236173,2026-03-15T07:00:00+05:30,29.5,3,4,75.0,False
12236173,2026-03-15T08:00:00+05:30,20.0,4,4,100.0,False
12236173,2026-03-15T09:00:00+05:30,18.8,4,4,100.0,False
12236173,2026-03-15T10:00:00+05:30,18.7,4,4,100.0,False
12236173,2026-03-15T11:00:00+05:30,15.0,4,4,100.0,False
12236173,2026-03-15T12:00:00+05:30,18.8,4,4,100.0,False
12236173,2026-03-15T13:00:00+05:30,19.1,4,4,100.0,False
12236173,2026-03-15T14:00:00+05:30,17.5,4,4,100.0,False
12236173,2026-03-15T15:00:00+05:30,17.0,4,4,100.0,False
12236173,2026-03-15T16:00:00+05:30,14.7,4,4,100.0,False
12236173,2026-03-15T17:00:00+05:30,13.7,4,4,100.0,False
12236173,2026-03-15T18:00:00+05:30,13.5,4,4,100.0,False
12236173,2026-03-15T19:00:00+05:30,10.4,4,4,100.0,False
12236173,2026-03-15T20:00:00+05:30,27.9,4,4,100.0,False
12236173,2026-03-15T21:00:00+05:30,29.8,4,4,100.0,False
12236173,2026-03-15T22:00:00+05:30,27.8,4,4,100.0,False
12236173,2026-03-16T01:00:00+05:30,41.9,3,4,75.0,False
12236173,2026-03-16T02:00:00+05:30,28.8,3,4,75.0,False
12236173,2026-03-16T03:00:00+05:30,21.5,4,4,100.0,False
12236173,2026-03-16T04:00:00+05:30,31.0,4,4,100.0,False
12236173,2026-03-16T05:00:00+05:30,28.7,4,4,100.0,False
12236173,2026-03-16T06:00:00+05:30,20.3,4,4,100.0,False
12236173,2026-03-16T07:00:00+05:30,12.5,4,4,100.0,False
12236173,2026-03-16T08:00:00+05:30,8.69,4,4,100.0,False
12236173,2026-03-16T09:00:00+05:30,7.13,4,4,100.0,False
12236173,2026-03-16T10:00:00+05:30,7.47,4,4,100.0,False
12236173,2026-03-16T11:00:00+05:30,17.5,4,4,100.0,False
12236173,2026-03-16T12:00:00+05:30,34.6,3,4,75.0,False
12236173,2026-03-16T13:00:00+05:30,23.6,4,4,100.0,False
12236173,2026-03-16T14:00:00+05:30,21.1,4,4,100.0,False
12236173,2026-03-16T15:00:00+05:30,43.4,4,4,100.0,False
12236173,2026-03-16T16:00:00+05:30,27.9,4,4,100.0,False
12236173,2026-03-16T17:00:00+05:30,35.0,3,4,75.0,False
12236173,2026-03-16T18:00:00+05:30,28.0,4,4,100.0,False
12236173,2026-03-16T19:00:00+05:30,22.9,4,4,100.0,False
12236173,2026-03-16T20:00:00+05:30,24.7,4,4,100.0,False
12236173,2026-03-16T21:00:00+05:30,23.4,4,4,100.0,False
12236173,2026-03-16T22:00:00+05:30,21.0,4,4,100.0,False
12236173,2026-03-17T01:00:00+05:30,48.5,4,4,100.0,False
12236173,2026-03-17T02:00:00+05:30,32.7,4,4,100.0,False
12236173,2026-03-17T03:00:00+05:30,23.8,3,4,75.0,False
12236173,2026-03-17T04:00:00+05:30,29.6,4,4,100.0,False
12236173,2026-03-17T05:00:00+05:30,25.2,4,4,100.0,False
12236173,2026-03-17T06:00:00+05:30,17.8,4,4,100.0,False
12236173,2026-03-17T07:00:00+05:30,12.3,4,4,100.0,False
12236173,2026-03-17T08:00:00+05:30,10.8,4,4,100.0,False
12236173,2026-03-17T09:00:00+05:30,13.2,4,4,100.0,False
12236173,2026-03-17T10:00:00+05:30,13.9,4,4,100.0,False
12236173,2026-03-17T11:00:00+05:30,16.0,4,4,100.0,False
12236173,2026-03-17T12:00:00+05:30,23.9,3,4,75.0,False
12236173,2026-03-17T13:00:00+05:30,31.6,4,4,100.0,False
12236173,2026-03-17T14:00:00+05:30,45.8,4,4,100.0,False
12236173,2026-03-17T15:00:00+05:30,29.7,4,4,100.0,False
12236173,2026-03-17T16:00:00+05:30,29.6,4,4,100.0,False
12236173,2026-03-17T17:00:00+05:30,23.9,4,4,100.0,False
12236173,2026-03-17T18:00:00+05:30,29.7,4,4,100.0,False
12236173,2026-03-17T19:00:00+05:30,26.4,4,4,100.0,False
12236173,2026-03-17T20:00:00+05:30,20.4,4,4,100.0,False
12236173,2026-03-17T21:00:00+05:30,18.1,4,4,100.0,False
12236173,2026-03-17T22:00:00+05:30,18.1,4,4,100.0,False
12236173,2026-03-18T01:00:00+05:30,32.0,4,4,100.0,False
12236173,2026-03-18T02:00:00+05:30,28.8,4,4,100.0,False
12236173,2026-03-18T03:00:00+05:30,32.9,4,4,100.0,False
12236173,2026-03-18T04:00:00+05:30,28.1,4,4,100.0,False
12236173,2026-03-18T05:00:00+05:30,28.3,4,4,100.0,False
12236173,2026-03-18T06:00:00+05:30,20.8,4,4,100.0,False
12236173,2026-03-18T07:00:00+05:30,30.0,4,4,100.0,False
12236173,2026-03-18T08:00:00+05:30,21.0,4,4,100.0,False
12236173,2026-03-18T09:00:00+05:30,46.7,4,4,100.0,False
12236173,2026-03-18T10:00:00+05:30,52.7,4,4,100.0,False
12236173,2026-03-18T11:00:00+05:30,47.9,4,4,100.0,False
12236173,2026-03-18T12:00:00+05:30,49.7,3,4,75.0,False
12236173,2026-03-18T13:00:00+05:30,40.2,4,4,100.0,False
12236173,2026-03-18T14:00:00+05:30,32.1,4,4,100.0,False
12236173,2026-03-18T15:00:00+05:30,45.5,4,4,100.0,False
12236173,2026-03-18T16:00:00+05:30,25.7,4,4,100.0,False
12236173,2026-03-18T17:00:00+05:30,27.8,4,4,100.0,False
12236173,2026-03-18T18:00:00+05:30,28.8,4,4,100.0,False
12236173,2026-03-18T19:00:00+05:30,23.8,4,4,100.0,False
12236173,2026-03-18T20:00:00+05:30,20.4,4,4,100.0,False
12236173,2026-03-18T21:00:00+05:30,20.3,4,4,100.0,False
12236173,2026-03-18T22:00:00+05:30,17.6,4,4,100.0,False
12236173,2026-03-19T01:00:00+05:30,39.7,4,4,100.0,False
12236173,2026-03-19T02:00:00+05:30,33.3,4,4,100.0,False
12236173,2026-03-19T03:00:00+05:30,36.4,4,4,100.0,False
12236173,2026-03-19T04:00:00+05:30,31.6,4,4,100.0,False
12236173,2026-03-19T05:00:00+05:30,24.4,4,4,100.0,False
12236173,2026-03-19T06:00:00+05:30,20.2,4,4,100.0,False
12236173,2026-03-19T07:00:00+05:30,21.4,4,4,100.0,False
12236173,2026-03-19T08:00:00+05:30,20.8,4,4,100.0,False
12236173,2026-03-19T09:00:00+05:30,27.4,4,4,100.0,False
12236173,2026-03-19T10:00:00+05:30,31.8,4,4,100.0,False
12236173,2026-03-19T11:00:00+05:30,23.6,4,4,100.0,False
12236173,2026-03-19T12:00:00+05:30,28.1,4,4,100.0,False
12236173,2026-03-19T13:00:00+05:30,41.3,4,4,100.0,False
12236173,2026-03-19T14:00:00+05:30,45.6,4,4,100.0,False
12236173,2026-03-19T15:00:00+05:30,40.4,4,4,100.0,False
12236173,2026-03-19T16:00:00+05:30,46.7,4,4,100.0,False
12236173,2026-03-19T17:00:00+05:30,38.3,4,4,100.0,False
12236173,2026-03-19T18:00:00+05:30,26.3,4,4,100.0,False
12236173,2026-03-19T19:00:00+05:30,21.0,4,4,100.0,False
12236173,2026-03-19T20:00:00+05:30,17.7,4,4,100.0,False
12236173,2026-03-19T21:00:00+05:30,14.8,4,4,100.0,False
12236173,2026-03-19T22:00:00+05:30,15.6,4,4,100.0,False
12236173,2026-03-20T01:00:00+05:30,18.5,3,4,75.0,False
12236173,2026-03-20T02:00:00+05:30,14.9,3,4,75.0,False
12236173,2026-03-20T03:00:00+05:30,20.2,4,4,100.0,False
12236173,2026-03-20T04:00:00+05:30,26.9,4,4,100.0,False
12236173,2026-03-20T05:00:00+05:30,31.1,4,4,100.0,False
12236173,2026-03-20T06:00:00+05:30,25.0,4,4,100.0,False
12236173,2026-03-20T07:00:00+05:30,21.5,4,4,100.0,False
12236173,2026-03-20T08:00:00+05:30,34.3,4,4,100.0,False
12236173,2026-03-20T09:00:00+05:30,80.6,4,4,100.0,False
12236173,2026-03-20T10:00:00+05:30,51.4,4,4,100.0,False
12236173,2026-03-20T11:00:00+05:30,53.4,4,4,100.0,False
12236173,2026-03-20T12:00:00+05:30,36.0,4,4,100.0,False
12236173,2026-03-20T13:00:00+05:30,48.3,3,4,75.0,False
12236173,2026-03-20T14:00:00+05:30,42.9,4,4,100.0,False
12236173,2026-03-20T15:00:00+05:30,30.3,4,4,100.0,False
12236173,2026-03-20T16:00:00+05:30,24.2,4,4,100.0,False
12236173,2026-03-20T17:00:00+05:30,21.5,4,4,100.0,False
12236173,2026-03-21T11:00:00+05:30,37.3,3,4,75.0,False
12236173,2026-03-21T12:00:00+05:30,37.9,4,4,100.0,False
12236173,2026-03-21T13:00:00+05:30,30.8,4,4,100.0,False
12236173,2026-03-21T14:00:00+05:30,39.4,4,4,100.0,False
12236173,2026-03-21T15:00:00+05:30,35.2,3,4,75.0,False
12236173,2026-03-21T16:00:00+05:30,23.8,4,4,100.0,False
12236173,2026-03-21T17:00:00+05:30,20.1,4,4,100.0,False
12236173,2026-03-21T18:00:00+05:30,21.0,4,4,100.0,False
12236173,2026-03-21T19:00:00+05:30,20.2,4,4,100.0,False
12236173,2026-03-21T20:00:00+05:30,20.2,3,4,75.0,False
12236173,2026-03-21T21:00:00+05:30,16.3,4,4,100.0,False
12236173,2026-03-21T22:00:00+05:30,18.6,3,4,75.0,False
12236173,2026-03-22T01:00:00+05:30,21.0,4,4,100.0,False
12236173,2026-03-22T02:00:00+05:30,20.8,4,4,100.0,False
12236173,2026-03-22T03:00:00+05:30,15.8,3,4,75.0,False
12236173,2026-03-22T04:00:00+05:30,16.8,4,4,100.0,False
12236173,2026-03-22T05:00:00+05:30,19.4,4,4,100.0,False
12236173,2026-03-22T06:00:00+05:30,19.9,4,4,100.0,False
12236173,2026-03-22T07:00:00+05:30,16.9,4,4,100.0,False
12236173,2026-03-22T08:00:00+05:30,13.0,4,4,100.0,False
12236173,2026-03-22T09:00:00+05:30,16.1,4,4,100.0,False
12236173,2026-03-22T10:00:00+05:30,19.1,4,4,100.0,False
12236173,2026-03-22T11:00:00+05:30,39.5,4,4,100.0,False
12236173,2026-03-22T12:00:00+05:30,57.1,3,4,75.0,False
12236173,2026-03-22T13:00:00+05:30,54.5,4,4,100.0,False
12236173,2026-03-22T14:00:00+05:30,38.3,3,4,75.0,False
12236173,2026-03-22T15:00:00+05:30,42.7,4,4,100.0,False
12236173,2026-03-22T16:00:00+05:30,37.2,4,4,100.0,False
12236173,2026-03-22T17:00:00+05:30,38.9,4,4,100.0,False
12236173,2026-03-22T18:00:00+05:30,29.2,4,4,100.0,False
12236173,2026-03-22T19:00:00+05:30,24.8,4,4,100.0,False
12236173,2026-03-22T20:00:00+05:30,18.1,4,4,100.0,False
12236173,2026-03-22T21:00:00+05:30,17.7,4,4,100.0,False
12236173,2026-03-22T22:00:00+05:30,14.0,4,4,100.0,False
12236173,2026-03-23T01:00:00+05:30,18.0,4,4,100.0,False
12236173,2026-03-23T02:00:00+05:30,18.1,4,4,100.0,False
12236173,2026-03-23T03:00:00+05:30,16.9,3,4,75.0,False
12236173,2026-03-23T04:00:00+05:30,26.5,4,4,100.0,False
12236173,2026-03-23T05:00:00+05:30,32.8,4,4,100.0,False
12236173,2026-03-23T06:00:00+05:30,31.9,4,4,100.0,False
12236173,2026-03-23T07:00:00+05:30,33.4,4,4,100.0,False
12236173,2026-03-23T08:00:00+05:30,29.6,4,4,100.0,False
12236173,2026-03-23T09:00:00+05:30,25.4,4,4,100.0,False
12236173,2026-03-23T10:00:00+05:30,21.6,4,4,100.0,False
12236173,2026-03-23T11:00:00+05:30,30.2,4,4,100.0,False
12236173,2026-03-23T12:00:00+05:30,41.6,3,4,75.0,False
12236173,2026-03-23T13:00:00+05:30,39.0,4,4,100.0,False
12236173,2026-03-23T15:00:00+05:30,30.0,3,4,75.0,False
12236173,2026-03-23T18:00:00+05:30,21.2,3,4,75.0,False
12236173,2026-03-23T19:00:00+05:30,14.9,4,4,100.0,False
12236173,2026-03-23T20:00:00+05:30,20.9,4,4,100.0,False
12236173,2026-03-23T21:00:00+05:30,14.9,4,4,100.0,False
12236173,2026-03-23T22:00:00+05:30,14.8,4,4,100.0,False
12236173,2026-03-24T01:00:00+05:30,15.1,4,4,100.0,False
12236173,2026-03-24T02:00:00+05:30,23.1,4,4,100.0,False
12236173,2026-03-24T03:00:00+05:30,27.5,4,4,100.0,False
12236173,2026-03-24T04:00:00+05:30,22.5,4,4,100.0,False
12236173,2026-03-24T05:00:00+05:30,37.8,4,4,100.0,False
12236173,2026-03-24T06:00:00+05:30,28.0,4,4,100.0,False
12236173,2026-03-24T07:00:00+05:30,19.8,4,4,100.0,False
12236173,2026-03-24T08:00:00+05:30,20.6,4,4,100.0,False
12236173,2026-03-24T09:00:00+05:30,17.2,4,4,100.0,False
12236173,2026-03-24T10:00:00+05:30,19.1,4,4,100.0,False
12236173,2026-03-24T11:00:00+05:30,36.1,4,4,100.0,False
12236173,2026-03-24T12:00:00+05:30,60.6,4,4,100.0,False
12236173,2026-03-24T13:00:00+05:30,53.3,4,4,100.0,False
12236173,2026-03-24T14:00:00+05:30,53.8,4,4,100.0,False
12236173,2026-03-24T15:00:00+05:30,41.9,4,4,100.0,False
12236173,2026-03-24T16:00:00+05:30,39.5,3,4,75.0,False
12236173,2026-03-24T17:00:00+05:30,46.2,4,4,100.0,False
12236173,2026-03-24T18:00:00+05:30,33.1,4,4,100.0,False
12236173,2026-03-24T21:00:00+05:30,17.0,4,4,100.0,False
12236173,2026-03-24T22:00:00+05:30,16.1,4,4,100.0,False
12236173,2026-03-25T01:00:00+05:30,23.0,3,4,75.0,False
12236173,2026-03-25T02:00:00+05:30,22.9,4,4,100.0,False
12236173,2026-03-25T03:00:00+05:30,22.2,4,4,100.0,False
12236173,2026-03-25T04:00:00+05:30,18.5,4,4,100.0,False
12236173,2026-03-25T05:00:00+05:30,57.2,4,4,100.0,False
12236173,2026-03-25T06:00:00+05:30,64.3,4,4,100.0,False
12236173,2026-03-25T07:00:00+05:30,39.6,4,4,100.0,False
12236173,2026-03-25T08:00:00+05:30,34.9,4,4,100.0,False
12236173,2026-03-25T09:00:00+05:30,31.9,4,4,100.0,False
12236173,2026-03-25T10:00:00+05:30,22.1,3,4,75.0,False
12236173,2026-03-25T13:00:00+05:30,27.0,3,4,75.0,False
12236173,2026-03-25T14:00:00+05:30,20.0,4,4,100.0,False
12236173,2026-03-25T15:00:00+05:30,20.8,3,4,75.0,False
12236173,2026-03-25T16:00:00+05:30,16.9,4,4,100.0,False
12236173,2026-03-25T17:00:00+05:30,17.9,4,4,100.0,False
12236173,2026-03-25T18:00:00+05:30,19.3,4,4,100.0,False
12236173,2026-03-25T19:00:00+05:30,17.0,4,4,100.0,False
12236173,2026-03-25T20:00:00+05:30,14.7,4,4,100.0,False
12236173,2026-03-25T21:00:00+05:30,15.1,4,4,100.0,False
12236173,2026-03-25T22:00:00+05:30,14.5,4,4,100.0,False
12236173,2026-03-26T02:00:00+05:30,31.6,3,4,75.0,False
12236173,2026-03-26T03:00:00+05:30,28.2,4,4,100.0,False
12236173,2026-03-26T04:00:00+05:30,42.5,4,4,100.0,False
12236173,2026-03-26T05:00:00+05:30,37.8,4,4,100.0,False
12236173,2026-03-26T06:00:00+05:30,25.6,4,4,100.0,False
12236173,2026-03-26T07:00:00+05:30,20.5,4,4,100.0,False
12236173,2026-03-26T08:00:00+05:30,16.1,4,4,100.0,False
12236173,2026-03-26T09:00:00+05:30,14.6,4,4,100.0,False
12236173,2026-03-26T10:00:00+05:30,10.0,3,4,75.0,False
12236173,2026-03-26T11:00:00+05:30,26.0,4,4,100.0,False
12236173,2026-03-26T13:00:00+05:30,22.4,4,4,100.0,False
12236173,2026-03-26T14:00:00+05:30,70.9,4,4,100.0,False
12236173,2026-03-26T15:00:00+05:30,30.1,4,4,100.0,False
12236173,2026-03-26T16:00:00+05:30,23.5,3,4,75.0,False
12236173,2026-03-26T17:00:00+05:30,19.5,3,4,75.0,False
12236173,2026-03-26T18:00:00+05:30,18.8,3,4,75.0,False
12236173,2026-03-26T19:00:00+05:30,16.3,3,4,75.0,False
12236173,2026-03-26T20:00:00+05:30,17.5,4,4,100.0,False
12236173,2026-03-26T21:00:00+05:30,16.4,4,4,100.0,False
12236173,2026-03-26T22:00:00+05:30,11.0,4,4,100.0,False
12236173,2026-03-27T01:00:00+05:30,16.4,4,4,100.0,False
12236173,2026-03-27T02:00:00+05:30,18.9,4,4,100.0,False
12236173,2026-03-27T03:00:00+05:30,22.4,4,4,100.0,False
12236173,2026-03-27T04:00:00+05:30,21.0,3,4,75.0,False
12236173,2026-03-27T05:00:00+05:30,21.1,3,4,75.0,False
12236173,2026-03-27T06:00:00+05:30,19.0,4,4,100.0,False
12236173,2026-03-27T07:00:00+05:30,17.2,4,4,100.0,False
12236173,2026-03-27T08:00:00+05:30,12.9,4,4,100.0,False
12236173,2026-03-27T09:00:00+05:30,12.6,4,4,100.0,False
12236173,2026-03-27T10:00:00+05:30,13.3,4,4,100.0,False
12236173,2026-03-27T11:00:00+05:30,12.8,4,4,100.0,False
12236173,2026-03-27T12:00:00+05:30,10.3,4,4,100.0,False
12236173,2026-03-27T13:00:00+05:30,10.6,4,4,100.0,False
12236173,2026-03-27T14:00:00+05:30,15.4,4,4,100.0,False
12236173,2026-03-27T15:00:00+05:30,14.2,4,4,100.0,False
12236173,2026-03-27T16:00:00+05:30,17.1,4,4,100.0,False
12236173,2026-03-27T17:00:00+05:30,19.1,4,4,100.0,False
12236173,2026-03-27T18:00:00+05:30,17.1,4,4,100.0,False
12236173,2026-03-27T19:00:00+05:30,17.2,4,4,100.0,False
12236173,2026-03-27T20:00:00+05:30,15.1,4,4,100.0,False
12236173,2026-03-27T21:00:00+05:30,11.3,4,4,100.0,False
12236173,2026-03-27T22:00:00+05:30,8.89,4,4,100.0,False
12236173,2026-03-28T01:00:00+05:30,18.6,4,4,100.0,False
12236173,2026-03-28T02:00:00+05:30,20.7,4,4,100.0,False
12236173,2026-03-28T03:00:00+05:30,21.7,3,4,75.0,False
12236173,2026-03-28T04:00:00+05:30,19.7,4,4,100.0,False
12236173,2026-03-28T05:00:00+05:30,15.6,4,4,100.0,False
12236173,2026-03-28T06:00:00+05:30,13.3,4,4,100.0,False
12236173,2026-03-28T07:00:00+05:30,21.2,4,4,100.0,False
12236173,2026-03-28T08:00:00+05:30,56.3,3,4,75.0,False
12236173,2026-03-28T09:00:00+05:30,51.6,4,4,100.0,False
12236173,2026-03-28T10:00:00+05:30,34.2,4,4,100.0,False
12236173,2026-03-28T11:00:00+05:30,26.2,4,4,100.0,False
12236173,2026-03-28T12:00:00+05:30,22.9,4,4,100.0,False
12236173,2026-03-28T13:00:00+05:30,19.4,4,4,100.0,False
12236173,2026-03-28T14:00:00+05:30,18.5,4,4,100.0,False
12236173,2026-03-28T15:00:00+05:30,18.1,4,4,100.0,False
12236173,2026-03-28T16:00:00+05:30,18.8,3,4,75.0,False
12236173,2026-03-30T11:00:00+05:30,16.5,3,4,75.0,False
12236173,2026-03-30T12:00:00+05:30,45.2,4,4,100.0,False
12236173,2026-03-30T13:00:00+05:30,35.5,4,4,100.0,False
12236173,2026-03-30T14:00:00+05:30,49.5,4,4,100.0,False
12236173,2026-03-30T15:00:00+05:30,60.2,4,4,100.0,False
12236173,2026-03-30T16:00:00+05:30,37.3,4,4,100.0,False
12236173,2026-03-30T17:00:00+05:30,29.0,4,4,100.0,False
12236173,2026-03-30T18:00:00+05:30,22.0,4,4,100.0,False
12236173,2026-03-30T19:00:00+05:30,18.9,4,4,100.0,False
12236173,2026-03-30T20:00:00+05:30,15.4,4,4,100.0,False
12236173,2026-03-30T21:00:00+05:30,13.8,4,4,100.0,False
12236173,2026-03-30T22:00:00+05:30,13.8,4,4,100.0,False
12236173,2026-03-31T01:00:00+05:30,16.2,4,4,100.0,False
12236173,2026-03-31T02:00:00+05:30,15.4,4,4,100.0,False
12236173,2026-03-31T03:00:00+05:30,14.1,4,4,100.0,False
12236173,2026-03-31T04:00:00+05:30,15.6,4,4,100.0,False
12236173,2026-03-31T05:00:00+05:30,17.4,4,4,100.0,False
12236173,2026-03-31T06:00:00+05:30,18.3,4,4,100.0,False
12236173,2026-03-31T07:00:00+05:30,16.1,4,4,100.0,False
12236173,2026-03-31T08:00:00+05:30,19.0,4,4,100.0,False
12236173,2026-03-31T09:00:00+05:30,20.5,4,4,100.0,False
12236173,2026-03-31T10:00:00+05:30,18.5,4,4,100.0,False
12236173,2026-03-31T12:00:00+05:30,35.1,3,4,75.0,False
12236173,2026-03-31T13:00:00+05:30,24.8,4,4,100.0,False
12236173,2026-03-31T14:00:00+05:30,23.2,4,4,100.0,False
12236173,2026-03-31T15:00:00+05:30,23.6,4,4,100.0,False
12236173,2026-03-31T16:00:00+05:30,22.5,4,4,100.0,False
12236173,2026-03-31T17:00:00+05:30,28.9,4,4,100.0,False
12236173,2026-03-31T18:00:00+05:30,30.5,4,4,100.0,False
