sensor_id,datetime,pm25,observed_count,expected_count,percent_coverage,has_flags
12236173,2025-02-19T02:00:00+05:30,29.2,4,4,100.0,False
12236173,2025-02-19T03:00:00+05:30,31.3,3,4,75.0,False
12236173,2025-02-19T04:00:00+05:30,30.5,4,4,100.0,False
12236173,2025-02-19T05:00:00+05:30,30.3,4,4,100.0,False
12236173,2025-02-19T06:00:00+05:30,30.5,4,4,100.0,False
12236173,2025-02-19T07:00:00+05:30,30.2,4,4,100.0,False
12236173,2025-02-19T08:00:00+05:30,29.9,4,4,100.0,False
12236173,2025-02-19T09:00:00+05:30,28.8,4,4,100.0,False
12236173,2025-02-19T10:00:00+05:30,30.2,4,4,100.0,False
12236173,2025-02-19T11:00:00+05:30,25.4,4,4,100.0,False
12236173,2025-02-19T12:00:00+05:30,25.6,4,4,100.0,False
12236173,2025-02-19T13:00:00+05:30,23.7,4,4,100.0,False
12236173,2025-02-19T14:00:00+05:30,24.9,4,4,100.0,False
12236173,2025-02-19T15:00:00+05:30,24.3,3,4,75.0,False
12236173,2025-02-19T16:00:00+05:30,26.6,4,4,100.0,False
12236173,2025-02-19T17:00:00+05:30,25.7,4,4,100.0,False
12236173,2025-02-19T18:00:00+05:30,26.3,4,4,100.0,False
12236173,2025-02-19T19:00:00+05:30,25.9,4,4,100.0,False
12236173,2025-02-19T20:00:00+05:30,26.0,4,4,100.0,False
12236173,2025-02-19T21:00:00+05:30,25.8,4,4,100.0,False
12236173,2025-02-19T22:00:00+05:30,25.0,4,4,100.0,False
12236173,2025-02-20T01:00:00+05:30,26.1,4,4,100.0,False
12236173,2025-02-20T02:00:00+05:30,26.4,4,4,100.0,False
12236173,2025-02-20T03:00:00+05:30,25.5,4,4,100.0,False
12236173,2025-02-20T04:00:00+05:30,25.3,3,4,75.0,False
12236173,2025-02-20T05:00:00+05:30,24.1,4,4,100.0,False
12236173,2025-02-20T06:00:00+05:30,25.9,4,4,100.0,False
12236173,2025-02-20T07:00:00+05:30,24.8,4,4,100.0,False
12236173,2025-02-20T08:00:00+05:30,24.6,4,4,100.0,False
12236173,2025-02-20T09:00:00+05:30,19.3,3,4,75.0,False
12236173,2025-02-20T10:00:00+05:30,26.3,4,4,100.0,False
12236173,2025-02-20T11:00:00+05:30,25.4,4,4,100.0,False
12236173,2025-02-20T12:00:00+05:30,24.9,4,4,100.0,False
12236173,2025-02-20T13:00:00+05:30,24.9,4,4,100.0,False
12236173,2025-02-20T14:00:00+05:30,25.2,4,4,100.0,False
12236173,2025-02-20T15:00:00+05:30,24.9,4,4,100.0,False
12236173,2025-02-20T16:00:00+05:30,25.5,4,4,100.0,False
12236173,2025-02-20T17:00:00+05:30,24.5,4,4,100.0,False
12236173,2025-02-20T18:00:00+05:30,26.8,4,4,100.0,False
12236173,2025-02-20T19:00:00+05:30,24.5,4,4,100.0,False
12236173,2025-02-20T20:00:00+05:30,26.0,4,4,100.0,False
12236173,2025-02-20T21:00:00+05:30,24.9,4,4,100.0,False
12236173,2025-02-20T22:00:00+05:30,26.1,4,4,100.0,False
12236173,2025-02-21T01:00:00+05:30,25.3,4,4,100.0,False
12236173,2025-02-21T02:00:00+05:30,25.4,4,4,100.0,False
12236173,2025-02-21T03:00:00+05:30,26.7,4,4,100.0,False
12236173,2025-02-21T04:00:00+05:30,24.5,4,4,100.0,False
12236173,2025-02-21T05:00:00+05:30,27.4,4,4,100.0,False
12236173,2025-02-21T06:00:00+05:30,25.2,4,4,100.0,False
12236173,2025-02-21T07:00:00+05:30,24.9,4,4,100.0,False
12236173,2025-02-21T08:00:00+05:30,25.8,4,4,100.0,False
12236173,2025-02-21T09:00:00+05:30,24.9,4,4,100.0,False
12236173,2025-02-21T11:00:00+05:30,27.1,4,4,100.0,False
12236173,2025-02-21T12:00:00+05:30,26.9,4,4,100.0,False
12236173,2025-02-21T13:00:00+05:30,27.0,4,4,100.0,False
12236173,2025-02-21T14:00:00+05:30,28.5,4,4,100.0,False
12236173,2025-02-21T15:00:00+05:30,27.3,4,4,100.0,False
12236173,2025-02-21T16:00:00+05:30,27.6,4,4,100.0,False
12236173,2025-02-21T17:00:00+05:30,27.7,3,4,75.0,False
12236173,2025-02-21T18:00:00+05:30,28.1,4,4,100.0,False
12236173,2025-02-21T19:00:00+05:30,26.5,4,4,100.0,False
12236173,2025-02-21T20:00:00+05:30,29.1,4,4,100.0,False
12236173,2025-02-21T21:00:00+05:30,29.1,4,4,100.0,False
12236173,2025-02-21T22:00:00+05:30,26.2,3,4,75.0,False
12236173,2025-02-22T01:00:00+05:30,28.5,4,4,100.0,False
12236173,2025-02-22T02:00:00+05:30,26.5,4,4,100.0,False
12236173,2025-02-22T03:00:00+05:30,28.0,4,4,100.0,False
12236173,2025-02-22T04:00:00+05:30,28.5,4,4,100.0,False
12236173,2025-02-22T05:00:00+05:30,27.8,4,4,100.0,False
12236173,2025-02-22T06:00:00+05:30,29.4,4,4,100.0,False
12236173,2025-02-22T07:00:00+05:30,28.2,4,4,100.0,False
12236173,2025-02-22T08:00:00+05:30,28.1,4,4,100.0,False
12236173,2025-02-22T09:00:00+05:30,27.4,4,4,100.0,False
12236173,2025-02-22T10:00:00+05:30,27.8,4,4,100.0,False
12236173,2025-02-22T11:00:00+05:30,28.4,4,4,100.0,False
12236173,2025-02-22T12:00:00+05:30,26.6,4,4,100.0,False
12236173,2025-02-22T13:00:00+05:30,27.4,4,4,100.0,False
12236173,2025-02-22T14:00:00+05:30,30.1,3,4,75.0,False
12236173,2025-02-22T15:00:00+05:30,28.8,4,4,100.0,False
12236173,2025-02-22T16:00:00+05:30,29.1,4,4,100.0,False
12236173,2025-02-22T17:00:00+05:30,27.4,4,4,100.0,False
12236173,2025-02-22T18:00:00+05:30,27.8,4,4,100.0,False
12236173,2025-02-22T19:00:00+05:30,28.5,4,4,100.0,False
12236173,2025-02-22T20:00:00+05:30,27.8,4,4,100.0,False
12236173,2025-02-22T21:00:00+05:30,28.5,4,4,100.0,False
12236173,2025-02-22T22:00:00+05:30,28.4,4,4,100.0,False
12236173,2025-02-23T01:00:00+05:30,27.9,4,4,100.0,False
12236173,2025-02-23T02:00:00+05:30,29.3,4,4,100.0,False
12236173,2025-02-23T03:00:00+05:30,28.0,4,4,100.0,False
12236173,2025-02-23T04:00:00+05:30,28.1,4,4,100.0,False
12236173,2025-02-23T05:00:00+05:30,28.3,4,4,100.0,False
12236173,2025-02-23T06:00:00+05:30,27.6,4,4,100.0,False
12236173,2025-02-23T07:00:00+05:30,26.3,4,4,100.0,False
12236173,2025-02-23T08:00:00+05:30,28.9,4,4,100.0,False
12236173,2025-02-23T09:00:00+05:30,28.0,4,4,100.0,False
12236173,2025-02-23T10:00:00+05:30,26.5,3,4,75.0,False
12236173,2025-02-23T11:00:00+05:30,27.9,4,4,100.0,False
12236173,2025-02-23T12:00:00+05:30,27.7,4,4,100.0,False
12236173,2025-02-23T13:00:00+05:30,29.1,4,4,100.0,False
12236173,2025-02-23T14:00:00+05:30,27.8,4,4,100.0,False
12236173,2025-02-23T15:00:00+05:30,30.7,4,4,100.0,False
12236173,2025-02-23T16:00:00+05:30,29.5,4,4,100.0,False
12236173,2025-02-23T17:00:00+05:30,28.1,4,4,100.0,False
12236173,2025-02-23T18:00:00+05:30,25.7,4,4,100.0,False
12236173,2025-02-23T19:00:00+05:30,27.3,4,4,100.0,False
12236173,2025-02-23T20:00:00+05:30,28.9,3,4,75.0,False
12236173,2025-02-23T21:00:00+05:30,28.7,4,4,100.0,False
12236173,2025-02-23T22:00:00+05:30,26.6,4,4,100.0,False
12236173,2025-02-24T01:00:00+05:30,27.9,4,4,100.0,False
12236173,2025-02-24T02:00:00+05:30,27.2,4,4,100.0,False
12236173,2025-02-24T03:00:00+05:30,27.6,4,4,100.0,False
12236173,2025-02-24T04:00:00+05:30,28.8,4,4,100.0,False
12236173,2025-02-24T05:00:00+05:30,27.6,3,4,75.0,False
12236173,2025-02-24T06:00:00+05:30,29.3,4,4,100.0,False
12236173,2025-02-24T07:00:00+05:30,26.6,4,4,100.0,False
12236173,2025-02-24T08:00:00+05:30,28.3,4,4,100.0,False
12236173,2025-02-24T09:00:00+05:30,28.7,4,4,100.0,False
12236173,2025-02-24T10:00:00+05:30,30.1,4,4,100.0,False
12236173,2025-02-24T11:00:00+05:30,30.3,4,4,100.0,False
12236173,2025-02-24T12:00:00+05:30,32.3,4,4,100.0,False
12236173,2025-02-24T13:00:00+05:30,29.8,4,4,100.0,False
12236173,2025-02-24T14:00:00+05:30,29.3,4,4,100.0,False
12236173,2025-02-24T15:00:00+05:30,32.0,4,4,100.0,False
12236173,2025-02-24T16:00:00+05:30,32.1,4,4,100.0,False
12236173,2025-02-24T17:00:00+05:30,30.4,3,4,75.0,False
12236173,2025-02-24T18:00:00+05:30,31.4,4,4,100.0,False
12236173,2025-02-24T19:00:00+05:30,27.8,4,4,100.0,False
12236173,2025-02-24T20:00:00+05:30,29.4,4,4,100.0,False
12236173,2025-02-24T21:00:00+05:30,31.1,4,4,100.0,False
12236173,2025-02-24T22:00:00+05:30,30.8,4,4,100.0,False
12236173,2025-02-25T01:00:00+05:30,30.5,4,4,100.0,False
12236173,2025-02-25T02:00:00+05:30,29.2,4,4,100.0,False
12236173,2025-02-25T03:00:00+05:30,30.7,4,4,100.0,False
12236173,2025-02-25T04:00:00+05:30,29.9,4,4,100.0,False
12236173,2025-02-25T05:00:00+05:30,28.2,4,4,100.0,False
12236173,2025-02-25T06:00:00+05:30,30.0,4,4,100.0,False
12236173,2025-02-25T07:00:00+05:30,28.9,3,4,75.0,False
12236173,2025-02-25T08:00:00+05:30,29.9,4,4,100.0,False
12236173,2025-02-25T09:00:00+05:30,30.2,4,4,100.0,False
12236173,2025-02-25T10:00:00+05:30,28.9,4,4,100.0,False
12236173,2025-02-25T11:00:00+05:30,29.3,4,4,100.0,False
12236173,2025-02-25T12:00:00+05:30,29.5,4,4,100.0,False
12236173,2025-02-25T13:00:00+05:30,30.3,4,4,100.0,False
12236173,2025-02-25T14:00:00+05:30,28.8,4,4,100.0,False
12236173,2025-02-25T15:00:00+05:30,31.6,4,4,100.0,False
12236173,2025-02-25T16:00:00+05:30,30.0,4,4,100.0,False
12236173,2025-02-25T17:00:00+05:30,31.8,4,4,100.0,False
12236173,2025-02-25T18:00:00+05:30,31.5,4,4,100.0,False
12236173,2025-02-25T19:00:00+05:30,30.0,4,4,100.0,False
12236173,2025-02-25T20:00:00+05:30,31.0,4,4,100.0,False
12236173,2025-02-25T21:00:00+05:30,29.7,4,4,100.0,False
12236173,2025-02-25T22:00:00+05:30,31.2,4,4,100.0,False
12236173,2025-02-26T01:00:00+05:30,29.8,4,4,100.0,False
12236173,2025-02-26T02:00:00+05:30,31.5,4,4,100.0,False
12236173,2025-02-26T03:00:00+05:30,30.2,4,4,100.0,False
12236173,2025-02-26T04:00:00+05:30,30.1,4,4,100.0,False
12236173,2025-02-26T05:00:00+05:30,29.4,4,4,100.0,False
12236173,2025-02-26T06:00:00+05:30,29.8,4,4,100.0,False
12236173,2025-02-26T07:00:00+05:30,29.4,4,4,100.0,False
12236173,2025-02-26T08:00:00+05:30,31.4,4,4,100.0,False
12236173,2025-02-26T09:00:00+05:30,30.2,4,4,100.0,False
12236173,2025-02-26T10:00:00+05:30,30.4,4,4,100.0,False
12236173,2025-02-26T11:00:00+05:30,32.2,4,4,100.0,False
12236173,2025-02-26T12:00:00+05:30,29.9,4,4,100.0,False
12236173,2025-02-26T13:00:00+05:30,29.6,4,4,100.0,False
12236173,2025-02-26T14:00:00+05:30,30.4,4,4,100.0,False
12236173,2025-02-26T15:00:00+05:30,29.7,3,4,75.0,False
12236173,2025-02-26T16:00:00+05:30,29.5,3,4,75.0,False
12236173,2025-02-26T17:00:00+05:30,29.6,4,4,100.0,False
12236173,2025-02-26T18:00:00+05:30,31.7,4,4,100.0,False
12236173,2025-02-26T19:00:00+05:30,30.1,4,4,100.0,False
12236173,2025-02-26T20:00:00+05:30,29.6,4,4,100.0,False
12236173,2025-02-26T21:00:00+05:30,30.3,4,4,100.0,False
12236173,2025-02-26T22:00:00+05:30,30.4,4,4,100.0,False
12236173,2025-02-27T01:00:00+05:30,30.0,4,4,100.0,False
12236173,2025-02-27T02:00:00+05:30,29.8,4,4,100.0,False
12236173,2025-02-27T03:00:00+05:30,31.7,4,4,100.0,False
12236173,2025-02-27T04:00:00+05:30,30.6,4,4,100.0,False
12236173,2025-02-27T05:00:00+05:30,31.1,4,4,100.0,False
12236173,2025-02-27T06:00:00+05:30,30.6,4,4,100.0,False
12236173,2025-02-27T07:00:00+05:30,29.9,4,4,100.0,False
12236173,2025-02-27T08:00:00+05:30,29.3,4,4,100.0,False
12236173,2025-02-27T09:00:00+05:30,27.2,4,4,100.0,False
12236173,2025-02-27T10:00:00+05:30,24.0,4,4,100.0,False
12236173,2025-02-27T11:00:00+05:30,23.7,4,4,100.0,False
12236173,2025-02-27T12:00:00+05:30,22.3,4,4,100.0,False
12236173,2025-02-27T13:00:00+05:30,24.1,4,4,100.0,False
12236173,2025-02-27T14:00:00+05:30,23.0,4,4,100.0,False
12236173,2025-02-27T15:00:00+05:30,22.6,4,4,100.0,False
12236173,2025-02-27T16:00:00+05:30,24.0,4,4,100.0,False
12236173,2025-02-27T17:00:00+05:30,23.6,4,4,100.0,False
12236173,2025-02-27T18:00:00+05:30,24.9,4,4,100.0,False
12236173,2025-02-27T19:00:00+05:30,23.6,4,4,100.0,False
12236173,2025-02-27T20:00:00+05:30,24.0,4,4,100.0,False
12236173,2025-02-28T01:00:00+05:30,23.0,4,4,100.0,False
12236173,2025-02-28T02:00:00+05:30,23.2,4,4,100.0,False
12236173,2025-02-28T03:00:00+05:30,23.9,4,4,100.0,False
12236173,2025-02-28T04:00:00+05:30,23.8,4,4,100.0,False
12236173,2025-02-28T05:00:00+05:30,24.1,4,4,100.0,False
12236173,2025-02-28T06:00:00+05:30,22.5,4,4,100.0,False
12236173,2025-02-28T07:00:00+05:30,23.9,4,4,100.0,False
12236173,2025-02-28T08:00:00+05:30,23.6,4,4,100.0,False
12236173,2025-02-28T09:00:00+05:30,23.9,4,4,100.0,False
12236173,2025-02-28T10:00:00+05:30,23.2,4,4,100.0,False
12236173,2025-02-28T11:00:00+05:30,23.9,4,4,100.0,False
12236173,2025-02-28T12:00:00+05:30,23.2,4,4,100.0,False
12236173,2025-02-28T13:00:00+05:30,24.5,4,4,100.0,False
12236173,2025-02-28T14:00:00+05:30,23.8,4,4,100.0,False
12236173,2025-02-28T15:00:00+05:30,24.5,4,4,100.0,False
12236173,2025-02-28T16:00:00+05:30,24.1,4,4,100.0,False
12236173,2025-02-28T17:00:00+05:30,23.5,4,4,100.0,False
12236173,2025-02-28T18:00:00+05:30,23.1,4,4,100.0,False
12236173,2025-02-28T19:00:00+05:30,23.0,4,4,100.0,False
12236173,2025-02-28T20:00:00+05:30,22.0,4,4,100.0,False
12236173,2025-02-28T21:00:00+05:30,23.9,4,4,100.0,False
12236173,2025-02-28T22:00:00+05:30,23.3,4,4,100.0,False
12236173,2025-03-01T01:00:00+05:30,23.5,4,4,100.0,False
12236173,2025-03-01T02:00:00+05:30,22.6,4,4,100.0,False
12236173,2025-03-01T03:00:00+05:30,22.4,4,4,100.0,False
12236173,2025-03-01T04:00:00+05:30,23.9,4,4,100.0,False
12236173,2025-03-01T05:00:00+05:30,24.6,4,4,100.0,False
12236173,2025-03-01T06:00:00+05:30,22.4,4,4,100.0,False
12236173,2025-03-01T09:00:00+05:30,23.4,4,4,100.0,False
12236173,2025-03-01T10:00:00+05:30,23.4,4,4,100.0,False
12236173,2025-03-01T11:00:00+05:30,22.7,4,4,100.0,False
12236173,2025-03-01T12:00:00+05:30,27.2,4,4,100.0,False
12236173,2025-03-01T13:00:00+05:30,27.4,4,4,100.0,False
12236173,2025-03-01T14:00:00+05:30,27.4,4,4,100.0,False
12236173,2025-03-01T15:00:00+05:30,26.8,4,4,100.0,False
12236173,2025-03-01T16:00:00+05:30,28.9,4,4,100.0,False
12236173,2025-03-01T17:00:00+05:30,26.4,4,4,100.0,False
12236173,2025-03-01T18:00:00+05:30,27.8,3,4,75.0,False
12236173,2025-03-01T19:00:00+05:30,27.6,4,4,100.0,False
12236173,2025-03-01T20:00:00+05:30,28.6,4,4,100.0,False
12236173,2025-03-01T21:00:00+05:30,27.6,4,4,100.0,False
12236173,2025-03-01T22:00:00+05:30,28.1,4,4,100.0,False
12236173,2025-03-02T01:00:00+05:30,27.2,4,4,100.0,False
12236173,2025-03-02T02:00:00+05:30,28.7,4,4,100.0,False
12236173,2025-03-02T03:00:00+05:30,26.6,4,4,100.0,False
12236173,2025-03-02T04:00:00+05:30,28.2,4,4,100.0,False
12236173,2025-03-02T05:00:00+05:30,27.0,4,4,100.0,False
12236173,2025-03-02T06:00:00+05:30,28.5,4,4,100.0,False
12236173,2025-03-02T07:00:00+05:30,26.3,4,4,100.0,False
12236173,2025-03-02T08:00:00+05:30,28.0,4,4,100.0,False
12236173,2025-03-02T09:00:00+05:30,26.4,4,4,100.0,False
12236173,2025-03-02T10:00:00+05:30,26.1,4,4,100.0,False
12236173,2025-03-02T11:00:00+05:30,26.2,4,4,100.0,False
12236173,2025-03-02T12:00:00+05:30,25.8,4,4,100.0,False
12236173,2025-03-02T13:00:00+05:30,26.1,4,4,100.0,False
12236173,2025-03-02T14:00:00+05:30,26.4,4,4,100.0,False
12236173,2025-03-02T15:00:00+05:30,28.1,4,4,100.0,False
12236173,2025-03-02T16:00:00+05:30,28.0,3,4,75.0,False
12236173,2025-03-02T20:00:00+05:30,26.9,4,4,100.0,False
12236173,2025-03-02T21:00:00+05:30,27.1,3,4,75.0,False
12236173,2025-03-02T22:00:00+05:30,29.1,4,4,100.0,False
12236173,2025-03-03T01:00:00+05:30,27.0,4,4,100.0,False
12236173,2025-03-03T02:00:00+05:30,26.3,4,4,100.0,False
12236173,2025-03-03T03:00:00+05:30,26.6,3,4,75.0,False
12236173,2025-03-03T04:00:00+05:30,28.1,4,4,100.0,False
12236173,2025-03-03T05:00:00+05:30,26.9,4,4,100.0,False
12236173,2025-03-03T06:00:00+05:30,25.7,4,4,100.0,False
12236173,2025-03-03T07:00:00+05:30,26.9,4,4,100.0,False
12236173,2025-03-03T08:00:00+05:30,27.2,4,4,100.0,False
12236173,2025-03-03T09:00:00+05:30,26.9,4,4,100.0,False
12236173,2025-03-03T10:00:00+05:30,26.9,3,4,75.0,False
12236173,2025-03-03T12:00:00+05:30,22.7,3,4,75.0,False
12236173,2025-03-03T13:00:00+05:30,22.0,3,4,75.0,False
12236173,2025-03-03T16:00:00+05:30,23.5,3,4,75.0,False
12236173,2025-03-03T17:00:00+05:30,22.2,3,4,75.0,False
12236173,2025-03-03T18:00:00+05:30,23.3,4,4,100.0,False
12236173,2025-03-03T19:00:00+05:30,22.1,4,4,100.0,False
12236173,2025-03-03T20:00:00+05:30,23.1,4,4,100.0,False
12236173,2025-03-03T21:00:00+05:30,23.1,4,4,100.0,False
12236173,2025-03-03T22:00:00+05:30,22.5,4,4,100.0,False
12236173,2025-03-04T01:00:00+05:30,23.6,3,4,75.0,False
12236173,2025-03-04T02:00:00+05:30,22.5,4,4,100.0,False
12236173,2025-03-04T03:00:00+05:30,22.4,4,4,100.0,False
12236173,2025-03-04T04:00:00+05:30,24.0,4,4,100.0,False
12236173,2025-03-04T05:00:00+05:30,22.6,4,4,100.0,False
12236173,2025-03-04T06:00:00+05:30,21.9,4,4,100.0,False
12236173,2025-03-04T07:00:00+05:30,24.1,4,4,100.0,False
12236173,2025-03-04T08:00:00+05:30,20.8,4,4,100.0,False
12236173,2025-03-04T09:00:00+05:30,22.7,3,4,75.0,False
12236173,2025-03-04T10:00:00+05:30,21.3,4,4,100.0,False
12236173,2025-03-04T11:00:00+05:30,22.4,4,4,100.0,False
12236173,2025-03-04T12:00:00+05:30,21.5,3,4,75.0,False
12236173,2025-03-04T13:00:00+05:30,21.9,4,4,100.0,False
12236173,2025-03-04T14:00:00+05:30,22.3,4,4,100.0,False
12236173,2025-03-04T15:00:00+05:30,21.8,4,4,100.0,False
12236173,2025-03-04T16:00:00+05:30,22.4,4,4,100.0,False
12236173,2025-03-04T17:00:00+05:30,22.1,4,4,100.0,False
12236173,2025-03-04T18:00:00+05:30,21.0,4,4,100.0,False
12236173,2025-03-04T19:00:00+05:30,22.4,4,4,100.0,False
12236173,2025-03-04T20:00:00+05:30,22.7,4,4,100.0,False
12236173,2025-03-04T21:00:00+05:30,22.1,4,4,100.0,False
12236173,2025-03-04T22:00:00+05:30,22.1,4,4,100.0,False
12236173,2025-03-05T01:00:00+05:30,23.1,3,4,75.0,False
12236173,2025-03-05T02:00:00+05:30,23.2,4,4,100.0,False
12236173,2025-03-05T03:00:00+05:30,23.5,4,4,100.0,False
12236173,2025-03-05T04:00:00+05:30,22.9,4,4,100.0,False
12236173,2025-03-05T05:00:00+05:30,21.1,4,4,100.0,False
12236173,2025-03-05T06:00:00+05:30,23.3,4,4,100.0,False
12236173,2025-03-05T07:00:00+05:30,22.4,4,4,100.0,False
12236173,2025-03-05T08:00:00+05:30,21.9,4,4,100.0,False
12236173,2025-03-05T09:00:00+05:30,23.4,4,4,100.0,False
12236173,2025-03-05T10:00:00+05:30,24.1,4,4,100.0,False
12236173,2025-03-05T11:00:00+05:30,26.2,4,4,100.0,False
12236173,2025-03-05T12:00:00+05:30,25.2,4,4,100.0,False
12236173,2025-03-05T13:00:00+05:30,22.6,3,4,75.0,False
12236173,2025-03-05T14:00:00+05:30,25.5,4,4,100.0,False
12236173,2025-03-05T15:00:00+05:30,25.0,4,4,100.0,False
12236173,2025-03-05T16:00:00+05:30,25.3,4,4,100.0,False
12236173,2025-03-05T17:00:00+05:30,26.3,3,4,75.0,False
12236173,2025-03-05T18:00:00+05:30,25.1,4,4,100.0,False
12236173,2025-03-05T21:00:00+05:30,25.1,4,4,100.0,False
12236173,2025-03-05T22:00:00+05:30,25.7,4,4,100.0,False
12236173,2025-03-06T01:00:00+05:30,25.8,4,4,100.0,False
12236173,2025-03-06T02:00:00+05:30,25.2,4,4,100.0,False
12236173,2025-03-06T03:00:00+05:30,25.8,4,4,100.0,False
12236173,2025-03-06T04:00:00+05:30,25.2,4,4,100.0,False
12236173,2025-03-06T05:00:00+05:30,26.5,4,4,100.0,False
12236173,2025-03-06T06:00:00+05:30,25.0,4,4,100.0,False
12236173,2025-03-06T07:00:00+05:30,26.0,4,4,100.0,False
12236173,2025-03-06T08:00:00+05:30,25.6,4,4,100.0,False
12236173,2025-03-06T09:00:00+05:30,24.7,3,4,75.0,False
12236173,2025-03-06T10:00:00+05:30,25.6,4,4,100.0,False
12236173,2025-03-06T11:00:00+05:30,26.9,3,4,75.0,False
12236173,2025-03-06T13:00:00+05:30,26.1,4,4,100.0,False
12236173,2025-03-06T14:00:00+05:30,24.4,4,4,100.0,False
12236173,2025-03-06T15:00:00+05:30,19.6,4,4,100.0,False
12236173,2025-03-06T16:00:00+05:30,26.1,4,4,100.0,False
12236173,2025-03-06T17:00:00+05:30,25.3,4,4,100.0,False
12236173,2025-03-06T18:00:00+05:30,25.7,4,4,100.0,False
12236173,2025-03-06T19:00:00+05:30,27.1,4,4,100.0,False
12236173,2025-03-06T20:00:00+05:30,24.7,4,4,100.0,False
12236173,2025-03-06T21:00:00+05:30,24.9,4,4,100.0,False
12236173,2025-03-06T22:00:00+05:30,25.6,4,4,100.0,False
12236173,2025-03-07T01:00:00+05:30,25.7,4,4,100.0,False
12236173,2025-03-07T02:00:00+05:30,24.4,4,4,100.0,False
12236173,2025-03-07T03:00:00+05:30,24.9,4,4,100.0,False
12236173,2025-03-07T04:00:00+05:30,26.5,4,4,100.0,False
12236173,2025-03-07T05:00:00+05:30,25.1,4,4,100.0,False
12236173,2025-03-07T06:00:00+05:30,26.6,4,4,100.0,False
12236173,2025-03-07T07:00:00+05:30,25.5,4,4,100.0,False
12236173,2025-03-07T08:00:00+05:30,25.3,4,4,100.0,False
12236173,2025-03-07T09:00:00+05:30,25.1,4,4,100.0,False
12236173,2025-03-07T10:00:00+05:30,25.9,4,4,100.0,False
12236173,2025-03-07T11:00:00+05:30,26.6,4,4,100.0,False
12236173,2025-03-07T12:00:00+05:30,27.9,4,4,100.0,False
12236173,2025-03-07T13:00:00+05:30,28.0,4,4,100.0,False
12236173,2025-03-07T14:00:00+05:30,27.0,3,4,75.0,False
12236173,2025-03-07T15:00:00+05:30,27.2,4,4,100.0,False
12236173,2025-03-07T16:00:00+05:30,26.5,4,4,100.0,False
12236173,2025-03-07T17:00:00+05:30,27.7,4,4,100.0,False
12236173,2025-03-07T18:00:00+05:30,28.6,4,4,100.0,False
12236173,2025-03-07T19:00:00+05:30,27.0,4,4,100.0,False
12236173,2025-03-07T20:00:00+05:30,27.4,4,4,100.0,False
12236173,2025-03-07T21:00:00+05:30,27.8,4,4,100.0,False
12236173,2025-03-07T22:00:00+05:30,28.0,4,4,100.0,False
12236173,2025-03-08T01:00:00+05:30,26.7,4,4,100.0,False
12236173,2025-03-08T02:00:00+05:30,27.5,4,4,100.0,False
12236173,2025-03-08T03:00:00+05:30,26.9,4,4,100.0,False
12236173,2025-03-08T04:00:00+05:30,26.0,4,4,100.0,False
12236173,2025-03-08T05:00:00+05:30,26.5,4,4,100.0,False
12236173,2025-03-08T06:00:00+05:30,27.6,4,4,100.0,False
12236173,2025-03-08T07:00:00+05:30,27.0,4,4,100.0,False
12236173,2025-03-08T08:00:00+05:30,26.6,4,4,100.0,False
12236173,2025-03-08T09:00:00+05:30,26.5,4,4,100.0,False
12236173,2025-03-08T10:00:00+05:30,28.0,4,4,100.0,False
12236173,2025-03-08T11:00:00+05:30,27.4,3,4,75.0,False
12236173,2025-03-08T12:00:00+05:30,26.2,4,4,100.0,False
12236173,2025-03-08T13:00:00+05:30,26.4,4,4,100.0,False
12236173,2025-03-08T14:00:00+05:30,27.9,4,4,100.0,False
12236173,2025-03-08T15:00:00+05:30,28.4,4,4,100.0,False
12236173,2025-03-08T16:00:00+05:30,29.3,4,4,100.0,False
12236173,2025-03-08T17:00:00+05:30,26.5,4,4,100.0,False
12236173,2025-03-08T18:00:00+05:30,26.6,4,4,100.0,False
12236173,2025-03-08T19:00:00+05:30,27.8,4,4,100.0,False
12236173,2025-03-08T20:00:00+05:30,27.9,3,4,75.0,False
12236173,2025-03-08T21:00:00+05:30,27.8,3,4,75.0,False
12236173,2025-03-08T22:00:00+05:30,29.1,4,4,100.0,False
12236173,2025-03-09T01:00:00+05:30,27.0,4,4,100.0,False
12236173,2025-03-09T02:00:00+05:30,28.1,4,4,100.0,False
12236173,2025-03-09T03:00:00+05:30,27.4,4,4,100.0,False
12236173,2025-03-09T04:00:00+05:30,27.4,4,4,100.0,False
12236173,2025-03-09T05:00:00+05:30,27.0,3,4,75.0,False
12236173,2025-03-09T06:00:00+05:30,28.0,4,4,100.0,False
12236173,2025-03-09T07:00:00+05:30,26.9,4,4,100.0,False
12236173,2025-03-09T08:00:00+05:30,27.7,4,4,100.0,False
12236173,2025-03-09T09:00:00+05:30,26.8,4,4,100.0,False
12236173,2025-03-09T10:00:00+05:30,28.6,4,4,100.0,False
12236173,2025-03-09T11:00:00+05:30,28.0,4,4,100.0,False
12236173,2025-03-09T12:00:00+05:30,26.4,4,4,100.0,False
12236173,2025-03-09T13:00:00+05:30,27.6,4,4,100.0,False
12236173,2025-03-09T14:00:00+05:30,27.3,4,4,100.0,False
12236173,2025-03-09T15:00:00+05:30,28.0,4,4,100.0,False
12236173,2025-03-09T16:00:00+05:30,26.6,4,4,100.0,False
12236173,2025-03-09T17:00:00+05:30,27.8,4,4,100.0,False
12236173,2025-03-09T18:00:00+05:30,27.9,4,4,100.0,False
12236173,2025-03-09T19:00:00+05:30,27.3,4,4,100.0,False
12236173,2025-03-09T20:00:00+05:30,29.1,4,4,100.0,False
12236173,2025-03-09T21:00:00+05:30,27.9,4,4,100.0,False
12236173,2025-03-09T22:00:00+05:30,27.7,4,4,100.0,False
12236173,2025-03-10T01:00:00+05:30,28.6,4,4,100.0,False
12236173,2025-03-10T02:00:00+05:30,27.2,4,4,100.0,False
12236173,2025-03-10T03:00:00+05:30,28.1,4,4,100.0,False
12236173,2025-03-10T04:00:00+05:30,27.7,4,4,100.0,False
12236173,2025-03-10T05:00:00+05:30,27.4,4,4,100.0,False
12236173,2025-03-10T06:00:00+05:30,27.8,4,4,100.0,False
12236173,2025-03-10T07:00:00+05:30,26.0,4,4,100.0,False
12236173,2025-03-10T08:00:00+05:30,28.7,4,4,100.0,False
12236173,2025-03-10T09:00:00+05:30,28.4,3,4,75.0,False
12236173,2025-03-10T10:00:00+05:30,27.8,4,4,100.0,False
12236173,2025-03-10T11:00:00+05:30,27.7,4,4,100.0,False
12236173,2025-03-10T12:00:00+05:30,27.1,4,4,100.0,False
12236173,2025-03-10T13:00:00+05:30,28.2,4,4,100.0,False
12236173,2025-03-10T14:00:00+05:30,27.0,4,4,100.0,False
12236173,2025-03-10T15:00:00+05:30,27.7,4,4,100.0,False
12236173,2025-03-10T16:00:00+05:30,27.2,4,4,100.0,False
12236173,2025-03-10T17:00:00+05:30,27.0,4,4,100.0,False
12236173,2025-03-10T18:00:00+05:30,28.7,4,4,100.0,False
12236173,2025-03-10T19:00:00+05:30,27.2,4,4,100.0,False
12236173,2025-03-10T20:00:00+05:30,28.5,4,4,100.0,False
12236173,2025-03-11T01:00:00+05:30,27.9,4,4,100.0,False
12236173,2025-03-11T02:00:00+05:30,29.0,4,4,100.0,False
12236173,2025-03-11T03:00:00+05:30,28.5,4,4,100.0,False
12236173,2025-03-11T04:00:00+05:30,26.8,4,4,100.0,False
12236173,2025-03-11T05:00:00+05:30,26.7,4,4,100.0,False
12236173,2025-03-11T06:00:00+05:30,26.8,4,4,100.0,False
12236173,2025-03-11T07:00:00+05:30,28.6,4,4,100.0,False
12236173,2025-03-11T08:00:00+05:30,27.4,4,4,100.0,False
12236173,2025-03-11T09:00:00+05:30,25.7,3,4,75.0,False
12236173,2025-03-11T10:00:00+05:30,23.2,4,4,100.0,False
12236173,2025-03-11T11:00:00+05:30,24.3,4,4,100.0,False
12236173,2025-03-11T12:00:00+05:30,23.8,3,4,75.0,False
12236173,2025-03-11T13:00:00+05:30,23.3,4,4,100.0,False
12236173,2025-03-11T14:00:00+05:30,24.7,4,4,100.0,False
12236173,2025-03-11T15:00:00+05:30,25.4,4,4,100.0,False
12236173,2025-03-11T16:00:00+05:30,24.4,4,4,100.0,False
12236173,2025-03-11T17:00:00+05:30,23.4,4,4,100.0,False
12236173,2025-03-11T18:00:00+05:30,24.8,4,4,100.0,False
12236173,2025-03-11T19:00:00+05:30,24.2,3,4,75.0,False
12236173,2025-03-11T20:00:00+05:30,25.6,4,4,100.0,False
12236173,2025-03-11T21:00:00+05:30,23.8,4,4,100.0,False
12236173,2025-03-11T22:00:00+05:30,24.0,4,4,100.0,False
12236173,2025-03-12T01:00:00+05:30,24.5,3,4,75.0,False
12236173,2025-03-12T02:00:00+05:30,17.0,3,4,75.0,False
12236173,2025-03-12T03:00:00+05:30,24.4,4,4,100.0,False
12236173,2025-03-12T04:00:00+05:30,24.3,4,4,100.0,False
12236173,2025-03-12T05:00:00+05:30,25.4,4,4,100.0,False
12236173,2025-03-12T06:00:00+05:30,22.7,4,4,100.0,False
12236173,2025-03-12T07:00:00+05:30,25.7,4,4,100.0,False
12236173,2025-03-12T08:00:00+05:30,24.8,4,4,100.0,False
12236173,2025-03-12T09:00:00+05:30,24.8,4,4,100.0,False
12236173,2025-03-12T10:00:00+05:30,24.0,4,4,100.0,False
12236173,2025-03-12T11:00:00+05:30,23.3,4,4,100.0,False
12236173,2025-03-12T12:00:00+05:30,25.6,4,4,100.0,False
12236173,2025-03-12T13:00:00+05:30,24.6,4,4,100.0,False
12236173,2025-03-12T14:00:00+05:30,23.8,4,4,100.0,False
12236173,2025-03-12T15:00:00+05:30,24.6,4,4,100.0,False
12236173,2025-03-12T16:00:00+05:30,24.3,4,4,100.0,False
12236173,2025-03-12T17:00:00+05:30,23.6,3,4,75.0,False
12236173,2025-03-12T18:00:00+05:30,24.9,4,4,100.0,False
12236173,2025-03-12T19:00:00+05:30,25.1,4,4,100.0,False
12236173,2025-03-12T20:00:00+05:30,24.1,4,4,100.0,False
12236173,2025-03-13T01:00:00+05:30,25.9,4,4,100.0,False
12236173,2025-03-13T02:00:00+05:30,24.8,4,4,100.0,False
12236173,2025-03-13T03:00:00+05:30,23.9,4,4,100.0,False
12236173,2025-03-13T04:00:00+05:30,24.3,4,4,100.0,False
12236173,2025-03-13T05:00:00+05:30,25.3,4,4,100.0,False
12236173,2025-03-13T06:00:00+05:30,22.7,4,4,100.0,False
12236173,2025-03-13T07:00:00+05:30,24.6,4,4,100.0,False
12236173,2025-03-13T08:00:00+05:30,23.8,4,4,100.0,False
12236173,2025-03-13T09:00:00+05:30,24.8,4,4,100.0,False
12236173,2025-03-13T10:00:00+05:30,26.1,4,4,100.0,False
12236173,2025-03-13T11:00:00+05:30,30.8,3,4,75.0,False
12236173,2025-03-13T13:00:00+05:30,29.4,4,4,100.0,False
12236173,2025-03-13T14:00:00+05:30,30.5,4,4,100.0,False
12236173,2025-03-13T15:00:00+05:30,30.3,3,4,75.0,False
12236173,2025-03-13T16:00:00+05:30,31.1,4,4,100.0,False
12236173,2025-03-13T17:00:00+05:30,31.4,4,4,100.0,False
12236173,2025-03-13T18:00:00+05:30,30.8,4,4,100.0,False
12236173,2025-03-13T19:00:00+05:30,31.3,4,4,100.0,False
12236173,2025-03-13T20:00:00+05:30,30.3,4,4,100.0,False
12236173,2025-03-13T21:00:00+05:30,30.4,4,4,100.0,False
12236173,2025-03-13T22:00:00+05:30,31.4,4,4,100.0,False
12236173,2025-03-14T01:00:00+05:30,31.1,4,4,100.0,False
12236173,2025-03-14T02:00:00+05:30,33.1,4,4,100.0,False
12236173,2025-03-14T03:00:00+05:30,33.0,4,4,100.0,False
12236173,2025-03-14T04:00:00+05:30,30.7,4,4,100.0,False
12236173,2025-03-14T05:00:00+05:30,31.3,4,4,100.0,False
12236173,2025-03-14T06:00:00+05:30,30.3,4,4,100.0,False
12236173,2025-03-14T07:00:00+05:30,31.1,4,4,100.0,False
12236173,2025-03-14T08:00:00+05:30,30.7,4,4,100.0,False
12236173,2025-03-14T09:00:00+05:30,31.1,4,4,100.0,False
12236173,2025-03-14T10:00:00+05:30,26.9,4,4,100.0,False
12236173,2025-03-14T11:00:00+05:30,25.9,4,4,100.0,False
12236173,2025-03-14T12:00:00+05:30,25.4,3,4,75.0,False
12236173,2025-03-14T13:00:00+05:30,26.5,4,4,100.0,False
12236173,2025-03-14T14:00:00+05:30,26.8,4,4,100.0,False
12236173,2025-03-14T15:00:00+05:30,25.7,4,4,100.0,False
12236173,2025-03-14T16:00:00+05:30,26.0,4,4,100.0,False
12236173,2025-03-14T17:00:00+05:30,26.6,4,4,100.0,False
12236173,2025-03-14T18:00:00+05:30,25.4,4,4,100.0,False
12236173,2025-03-14T19:00:00+05:30,25.0,4,4,100.0,False
12236173,2025-03-14T20:00:00+05:30,26.1,4,4,100.0,False
12236173,2025-03-14T21:00:00+05:30,26.3,4,4,100.0,False
12236173,2025-03-14T22:00:00+05:30,27.0,4,4,100.0,False
12236173,2025-03-15T01:00:00+05:30,27.5,4,4,100.0,False
12236173,2025-03-15T02:00:00+05:30,27.0,4,4,100.0,False
12236173,2025-03-15T03:00:00+05:30,26.5,4,4,100.0,False
12236173,2025-03-15T04:00:00+05:30,26.1,4,4,100.0,False
12236173,2025-03-15T05:00:00+05:30,25.1,4,4,100.0,False
12236173,2025-03-15T06:00:00+05:30,27.0,4,4,100.0,False
12236173,2025-03-15T07:00:00+05:30,27.5,4,4,100.0,False
12236173,2025-03-15T08:00:00+05:30,25.4,4,4,100.0,False
12236173,2025-03-15T09:00:00+05:30,26.9,4,4,100.0,False
12236173,2025-03-15T10:00:00+05:30,26.9,4,4,100.0,False
12236173,2025-03-15T11:00:00+05:30,27.8,4,4,100.0,False
12236173,2025-03-15T12:00:00+05:30,26.0,4,4,100.0,False
12236173,2025-03-15T13:00:00+05:30,26.0,4,4,100.0,False
12236173,2025-03-15T14:00:00+05:30,26.9,4,4,100.0,False
12236173,2025-03-15T15:00:00+05:30,27.8,4,4,100.0,False
12236173,2025-03-15T16:00:00+05:30,30.9,4,4,100.0,False
12236173,2025-03-15T17:00:00+05:30,27.0,4,4,100.0,False
12236173,2025-03-15T18:00:00+05:30,28.0,4,4,100.0,False
12236173,2025-03-15T19:00:00+05:30,28.4,4,4,100.0,False
12236173,2025-03-15T20:00:00+05:30,27.9,4,4,100.0,False
12236173,2025-03-15T21:00:00+05:30,29.1,4,4,100.0,False
12236173,2025-03-15T22:00:00+05:30,27.7,4,4,100.0,False
12236173,2025-03-16T01:00:00+05:30,27.9,4,4,100.0,False
12236173,2025-03-16T02:00:00+05:30,26.8,4,4,100.0,False
12236173,2025-03-16T03:00:00+05:30,29.0,4,4,100.0,False
12236173,2025-03-16T04:00:00+05:30,27.1,3,4,75.0,False
12236173,2025-03-16T05:00:00+05:30,27.1,4,4,100.0,False
12236173,2025-03-16T06:00:00+05:30,27.1,4,4,100.0,False
12236173,2025-03-16T07:00:00+05:30,27.7,4,4,100.0,False
12236173,2025-03-16T08:00:00+05:30,27.9,4,4,100.0,False
12236173,2025-03-16T09:00:00+05:30,29.0,4,4,100.0,False
12236173,2025-03-16T10:00:00+05:30,26.9,4,4,100.0,False
12236173,2025-03-16T11:00:00+05:30,27.7,4,4,100.0,False
12236173,2025-03-16T12:00:00+05:30,29.5,3,4,75.0,False
12236173,2025-03-16T13:00:00+05:30,27.8,4,4,100.0,False
12236173,2025-03-16T14:00:00+05:30,26.2,4,4,100.0,False
12236173,2025-03-16T15:00:00+05:30,27.9,4,4,100.0,False
12236173,2025-03-16T16:00:00+05:30,27.2,4,4,100.0,False
12236173,2025-03-16T17:00:00+05:30,26.1,4,4,100.0,False
12236173,2025-03-16T18:00:00+05:30,28.8,4,4,100.0,False
12236173,2025-03-16T19:00:00+05:30,29.0,4,4,100.0,False
12236173,2025-03-16T20:00:00+05:30,28.7,4,4,100.0,False
12236173,2025-03-16T21:00:00+05:30,28.0,4,4,100.0,False
12236173,2025-03-16T22:00:00+05:30,27.6,4,4,100.0,False
12236173,2025-03-17T01:00:00+05:30,28.4,4,4,100.0,False
12236173,2025-03-17T02:00:00+05:30,27.4,4,4,100.0,False
12236173,2025-03-17T03:00:00+05:30,29.3,4,4,100.0,False
12236173,2025-03-17T04:00:00+05:30,28.7,4,4,100.0,False
12236173,2025-03-17T09:00:00+05:30,30.3,4,4,100.0,False
12236173,2025-03-17T10:00:00+05:30,26.3,4,4,100.0,False
12236173,2025-03-17T11:00:00+05:30,25.1,3,4,75.0,False
12236173,2025-03-17T12:00:00+05:30,25.6,4,4,100.0,False
12236173,2025-03-17T13:00:00+05:30,25.2,4,4,100.0,False
12236173,2025-03-17T14:00:00+05:30,25.7,3,4,75.0,False
12236173,2025-03-17T15:00:00+05:30,26.3,4,4,100.0,False
12236173,2025-03-17T16:00:00+05:30,25.4,4,4,100.0,False
12236173,2025-03-17T18:00:00+05:30,25.2,4,4,100.0,False
12236173,2025-03-17T19:00:00+05:30,26.5,4,4,100.0,False
12236173,2025-03-17T20:00:00+05:30,25.3,4,4,100.0,False
12236173,2025-03-17T21:00:00+05:30,24.6,4,4,100.0,False
12236173,2025-03-17T22:00:00+05:30,25.6,4,4,100.0,False
12236173,2025-03-18T01:00:00+05:30,24.5,4,4,100.0,False
12236173,2025-03-18T02:00:00+05:30,26.6,4,4,100.0,False
12236173,2025-03-18T03:00:00+05:30,25.9,4,4,100.0,False
12236173,2025-03-18T04:00:00+05:30,26.2,4,4,100.0,False
12236173,2025-03-18T05:00:00+05:30,25.7,4,4,100.0,False
12236173,2025-03-18T06:00:00+05:30,23.9,4,4,100.0,False
12236173,2025-03-18T07:00:00+05:30,24.8,4,4,100.0,False
12236173,2025-03-18T08:00:00+05:30,25.0,4,4,100.0,False
12236173,2025-03-18T09:00:00+05:30,25.8,4,4,100.0,False
12236173,2025-03-18T10:00:00+05:30,23.7,4,4,100.0,False
12236173,2025-03-18T11:00:00+05:30,25.0,4,4,100.0,False
12236173,2025-03-18T12:00:00+05:30,26.2,4,4,100.0,False
12236173,2025-03-18T13:00:00+05:30,25.4,4,4,100.0,False
12236173,2025-03-18T14:00:00+05:30,24.8,4,4,100.0,False
12236173,2025-03-18T15:00:00+05:30,26.0,4,4,100.0,False
12236173,2025-03-18T16:00:00+05:30,24.7,4,4,100.0,False
12236173,2025-03-18T17:00:00+05:30,25.8,4,4,100.0,False
12236173,2025-03-18T18:00:00+05:30,24.4,4,4,100.0,False
12236173,2025-03-18T19:00:00+05:30,25.7,4,4,100.0,False
12236173,2025-03-18T20:00:00+05:30,24.6,4,4,100.0,False
12236173,2025-03-18T21:00:00+05:30,25.9,4,4,100.0,False
12236173,2025-03-18T22:00:00+05:30,24.9,4,4,100.0,False
12236173,2025-03-19T01:00:00+05:30,25.1,4,4,100.0,False
12236173,2025-03-19T02:00:00+05:30,24.7,4,4,100.0,False
12236173,2025-03-19T03:00:00+05:30,25.0,4,4,100.0,False
12236173,2025-03-19T04:00:00+05:30,26.2,4,4,100.0,False
12236173,2025-03-19T05:00:00+05:30,26.0,4,4,100.0,False
12236173,2025-03-19T06:00:00+05:30,24.5,4,4,100.0,False
12236173,2025-03-19T07:00:00+05:30,25.2,4,4,100.0,False
12236173,2025-03-19T08:00:00+05:30,25.5,4,4,100.0,False
12236173,2025-03-19T09:00:00+05:30,24.8,4,4,100.0,False
12236173,2025-03-19T10:00:00+05:30,26.7,3,4,75.0,False
12236173,2025-03-19T11:00:00+05:30,24.8,4,4,100.0,False
12236173,2025-03-19T12:00:00+05:30,25.6,4,4,100.0,False
12236173,2025-03-19T13:00:00+05:30,25.5,4,4,100.0,False
12236173,2025-03-19T14:00:00+05:30,24.5,4,4,100.0,False
12236173,2025-03-19T15:00:00+05:30,25.7,4,4,100.0,False
12236173,2025-03-19T16:00:00+05:30,25.9,4,4,100.0,False
12236173,2025-03-19T17:00:00+05:30,26.0,4,4,100.0,False
12236173,2025-03-19T18:00:00+05:30,26.7,4,4,100.0,False
12236173,2025-03-19T19:00:00+05:30,24.0,4,4,100.0,False
12236173,2025-03-19T20:00:00+05:30,23.3,4,4,100.0,False
12236173,2025-03-19T21:00:00+05:30,24.3,4,4,100.0,False
12236173,2025-03-19T22:00:00+05:30,25.3,4,4,100.0,False
12236173,2025-03-20T01:00:00+05:30,25.9,4,4,100.0,False
12236173,2025-03-20T02:00:00+05:30,26.0,4,4,100.0,False
12236173,2025-03-20T03:00:00+05:30,25.7,4,4,100.0,False
12236173,2025-03-20T04:00:00+05:30,25.6,4,4,100.0,False
12236173,2025-03-20T05:00:00+05:30,24.7,4,4,100.0,False
12236173,2025-03-20T06:00:00+05:30,26.0,4,4,100.0,False
12236173,2025-03-20T07:00:00+05:30,25.9,4,4,100.0,False
12236173,2025-03-20T08:00:00+05:30,25.8,4,4,100.0,False
12236173,2025-03-20T09:00:00+05:30,23.0,4,4,100.0,False
12236173,2025-03-20T10:00:00+05:30,22.0,4,4,100.0,False
12236173,2025-03-20T11:00:00+05:30,21.3,3,4,75.0,False
12236173,2025-03-20T13:00:00+05:30,21.4,4,4,100.0,False
12236173,2025-03-20T14:00:00+05:30,22.2,4,4,100.0,False
12236173,2025-03-20T15:00:00+05:30,22.5,4,4,100.0,False
12236173,2025-03-20T16:00:00+05:30,22.2,4,4,100.0,False
12236173,2025-03-20T17:00:00+05:30,22.0,4,4,100.0,False
12236173,2025-03-20T18:00:00+05:30,22.4,4,4,100.0,False
12236173,2025-03-20T19:00:00+05:30,21.6,3,4,75.0,False
12236173,2025-03-20T21:00:00+05:30,22.9,4,4,100.0,False
12236173,2025-03-20T22:00:00+05:30,22.1,4,4,100.0,False
12236173,2025-03-21T01:00:00+05:30,22.0,4,4,100.0,False
12236173,2025-03-21T02:00:00+05:30,21.7,4,4,100.0,False
12236173,2025-03-21T03:00:00+05:30,21.2,4,4,100.0,False
12236173,2025-03-21T04:00:00+05:30,22.7,4,4,100.0,False
12236173,2025-03-21T05:00:00+05:30,22.4,4,4,100.0,False
12236173,2025-03-21T06:00:00+05:30,22.7,4,4,100.0,False
12236173,2025-03-21T07:00:00+05:30,22.8,4,4,100.0,False
12236173,2025-03-21T08:00:00+05:30,22.3,4,4,100.0,False
12236173,2025-03-21T09:00:00+05:30,22.9,3,4,75.0,False
12236173,2025-03-21T10:00:00+05:30,25.7,4,4,100.0,False
12236173,2025-03-21T11:00:00+05:30,28.9,4,4,100.0,False
12236173,2025-03-21T12:00:00+05:30,20.1,4,4,100.0,False
12236173,2025-03-21T13:00:00+05:30,26.9,4,4,100.0,False
12236173,2025-03-21T14:00:00+05:30,27.0,4,4,100.0,False
12236173,2025-03-21T15:00:00+05:30,27.6,4,4,100.0,False
12236173,2025-03-21T16:00:00+05:30,26.8,4,4,100.0,False
12236173,2025-03-21T17:00:00+05:30,27.2,4,4,100.0,False
12236173,2025-03-21T18:00:00+05:30,29.0,4,4,100.0,False
12236173,2025-03-21T19:00:00+05:30,27.3,4,4,100.0,False
12236173,2025-03-21T20:00:00+05:30,29.0,4,4,100.0,False
12236173,2025-03-21T21:00:00+05:30,28.6,4,4,100.0,False
12236173,2025-03-21T22:00:00+05:30,27.1,4,4,100.0,False
12236173,2025-03-22T01:00:00+05:30,28.8,4,4,100.0,False
12236173,2025-03-22T02:00:00+05:30,28.2,4,4,100.0,False
12236173,2025-03-22T03:00:00+05:30,26.7,4,4,100.0,False
12236173,2025-03-22T04:00:00+05:30,28.4,4,4,100.0,False
12236173,2025-03-22T05:00:00+05:30,26.9,4,4,100.0,False
12236173,2025-03-22T06:00:00+05:30,26.5,4,4,100.0,False
12236173,2025-03-22T07:00:00+05:30,28.1,4,4,100.0,False
12236173,2025-03-22T08:00:00+05:30,27.7,3,4,75.0,False
12236173,2025-03-22T09:00:00+05:30,26.3,4,4,100.0,False
12236173,2025-03-22T10:00:00+05:30,26.2,3,4,75.0,False
12236173,2025-03-22T11:00:00+05:30,27.4,4,4,100.0,False
12236173,2025-03-22T12:00:00+05:30,27.7,3,4,75.0,False
12236173,2025-03-22T13:00:00+05:30,28.6,4,4,100.0,False
12236173,2025-03-22T14:00:00+05:30,27.2,4,4,100.0,False
12236173,2025-03-22T15:00:00+05:30,29.3,4,4,100.0,False
12236173,2025-03-22T16:00:00+05:30,27.8,3,4,75.0,False
12236173,2025-03-22T17:00:00+05:30,27.4,4,4,100.0,False
12236173,2025-03-22T18:00:00+05:30,28.5,4,4,100.0,False
12236173,2025-03-22T19:00:00+05:30,27.8,4,4,100.0,False
12236173,2025-03-22T20:00:00+05:30,27.9,4,4,100.0,False
12236173,2025-03-22T21:00:00+05:30,28.3,4,4,100.0,False
12236173,2025-03-22T22:00:00+05:30,27.4,4,4,100.0,False
12236173,2025-03-23T01:00:00+05:30,27.2,4,4,100.0,False
12236173,2025-03-23T02:00:00+05:30,27.1,4,4,100.0,False
12236173,2025-03-23T03:00:00+05:30,27.3,4,4,100.0,False
12236173,2025-03-23T04:00:00+05:30,28.7,4,4,100.0,False
12236173,2025-03-23T05:00:00+05:30,26.9,4,4,100.0,False
12236173,2025-03-23T06:00:00+05:30,27.5,4,4,100.0,False
12236173,2025-03-23T07:00:00+05:30,27.5,4,4,100.0,False
12236173,2025-03-23T08:00:00+05:30,27.0,4,4,100.0,False
12236173,2025-03-23T09:00:00+05:30,27.5,4,4,100.0,False
12236173,2025-03-23T10:00:00+05:30,26.1,4,4,100.0,False
12236173,2025-03-23T11:00:00+05:30,28.8,4,4,100.0,False
12236173,2025-03-23T12:00:00+05:30,27.5,4,4,100.0,False
12236173,2025-03-23T13:00:00+05:30,27.6,3,4,75.0,False
12236173,2025-03-23T14:00:00+05:30,26.5,4,4,100.0,False
12236173,2025-03-23T15:00:00+05:30,26.9,4,4,100.0,False
12236173,2025-03-23T16:00:00+05:30,28.8,4,4,100.0,False
12236173,2025-03-23T17:00:00+05:30,27.7,4,4,100.0,False
12236173,2025-03-23T18:00:00+05:30,26.8,4,4,100.0,False
12236173,2025-03-23T19:00:00+05:30,26.5,4,4,100.0,False
12236173,2025-03-23T20:00:00+05:30,28.5,4,4,100.0,False
12236173,2025-03-23T21:00:00+05:30,27.7,4,4,100.0,False
12236173,2025-03-23T22:00:00+05:30,28.3,3,4,75.0,False
12236173,2025-03-24T01:00:00+05:30,26.6,4,4,100.0,False
12236173,2025-03-24T02:00:00+05:30,26.9,4,4,100.0,False
12236173,2025-03-24T03:00:00+05:30,27.8,4,4,100.0,False
12236173,2025-03-24T04:00:00+05:30,27.6,4,4,100.0,False
12236173,2025-03-24T05:00:00+05:30,27.8,4,4,100.0,False
12236173,2025-03-24T06:00:00+05:30,25.6,4,4,100.0,False
12236173,2025-03-24T07:00:00+05:30,28.7,4,4,100.0,False
12236173,2025-03-24T08:00:00+05:30,27.2,4,4,100.0,False
12236173,2025-03-24T11:00:00+05:30,29.2,4,4,100.0,False
12236173,2025-03-24T12:00:00+05:30,29.9,4,4,100.0,False
12236173,2025-03-24T13:00:00+05:30,28.2,3,4,75.0,False
12236173,2025-03-24T14:00:00+05:30,32.2,4,4,100.0,False
12236173,2025-03-24T15:00:00+05:30,28.8,4,4,100.0,False
12236173,2025-03-24T16:00:00+05:30,28.9,4,4,100.0,False
12236173,2025-03-24T17:00:00+05:30,28.3,4,4,100.0,False
12236173,2025-03-24T18:00:00+05:30,29.5,4,4,100.0,False
12236173,2025-03-24T19:00:00+05:30,29.5,4,4,100.0,False
12236173,2025-03-24T20:00:00+05:30,29.8,4,4,100.0,False
12236173,2025-03-24T22:00:00+05:30,27.3,4,4,100.0,False
12236173,2025-03-25T03:00:00+05:30,29.7,4,4,100.0,False
12236173,2025-03-25T04:00:00+05:30,29.8,3,4,75.0,False
12236173,2025-03-25T05:00:00+05:30,29.5,4,4,100.0,False
12236173,2025-03-25T06:00:00+05:30,30.9,4,4,100.0,False
12236173,2025-03-25T07:00:00+05:30,30.0,4,4,100.0,False
12236173,2025-03-25T08:00:00+05:30,29.6,3,4,75.0,False
12236173,2025-03-25T09:00:00+05:30,30.1,4,4,100.0,False
12236173,2025-03-25T10:00:00+05:30,30.4,4,4,100.0,False
12236173,2025-03-25T11:00:00+05:30,31.0,4,4,100.0,False
12236173,2025-03-25T12:00:00+05:30,30.3,4,4,100.0,False
12236173,2025-03-25T13:00:00+05:30,32.2,4,4,100.0,False
12236173,2025-03-25T14:00:00+05:30,30.4,4,4,100.0,False
12236173,2025-03-25T15:00:00+05:30,31.0,4,4,100.0,False
12236173,2025-03-25T16:00:00+05:30,31.5,4,4,100.0,False
12236173,2025-03-25T17:00:00+05:30,32.6,4,4,100.0,False
12236173,2025-03-25T18:00:00+05:30,30.9,4,4,100.0,False
12236173,2025-03-25T19:00:00+05:30,30.1,4,4,100.0,False
12236173,2025-03-25T20:00:00+05:30,30.4,4,4,100.0,False
12236173,2025-03-25T21:00:00+05:30,30.7,4,4,100.0,False
12236173,2025-03-25T22:00:00+05:30,29.1,4,4,100.0,False
12236173,2025-03-26T01:00:00+05:30,32.8,4,4,100.0,False
12236173,2025-03-26T02:00:00+05:30,31.7,4,4,100.0,False
12236173,2025-03-26T03:00:00+05:30,30.7,4,4,100.0,False
12236173,2025-03-26T04:00:00+05:30,30.5,4,4,100.0,False
12236173,2025-03-26T05:00:00+05:30,32.0,4,4,100.0,False
12236173,2025-03-26T06:00:00+05:30,31.7,3,4,75.0,False
12236173,2025-03-26T07:00:00+05:30,32.0,4,4,100.0,False
12236173,2025-03-26T08:00:00+05:30,32.5,4,4,100.0,False
12236173,2025-03-26T09:00:00+05:30,30.4,4,4,100.0,False
12236173,2025-03-26T10:00:00+05:30,31.9,4,4,100.0,False
12236173,2025-03-26T11:00:00+05:30,31.0,4,4,100.0,False
12236173,2025-03-26T12:00:00+05:30,32.8,4,4,100.0,False
12236173,2025-03-26T13:00:00+05:30,31.8,4,4,100.0,False
12236173,2025-03-26T14:00:00+05:30,30.6,4,4,100.0,False
12236173,2025-03-26T15:00:00+05:30,28.9,4,4,100.0,False
12236173,2025-03-26T16:00:00+05:30,27.2,4,4,100.0,False
12236173,2025-03-26T17:00:00+05:30,29.3,4,4,100.0,False
12236173,2025-03-26T18:00:00+05:30,27.5,4,4,100.0,False
12236173,2025-03-26T19:00:00+05:30,29.2,4,4,100.0,False
12236173,2025-03-26T20:00:00+05:30,28.4,4,4,100.0,False
12236173,2025-03-26T21:00:00+05:30,27.3,4,4,100.0,False
12236173,2025-03-26T22:00:00+05:30,28.8,4,4,100.0,False
12236173,2025-03-27T01:00:00+05:30,28.4,4,4,100.0,False
12236173,2025-03-27T02:00:00+05:30,28.2,4,4,100.0,False
12236173,2025-03-27T03:00:00+05:30,27.3,4,4,100.0,False
12236173,2025-03-27T04:00:00+05:30,28.0,4,4,100.0,False
12236173,2025-03-27T07:00:00+05:30,27.5,4,4,100.0,False
12236173,2025-03-27T08:00:00+05:30,30.2,4,4,100.0,False
12236173,2025-03-27T09:00:00+05:30,28.5,4,4,100.0,False
12236173,2025-03-27T10:00:00+05:30,26.7,3,4,75.0,False
12236173,2025-03-27T11:00:00+05:30,25.5,3,4,75.0,False
12236173,2025-03-27T12:00:00+05:30,27.6,4,4,100.0,False
12236173,2025-03-27T13:00:00+05:30,27.0,4,4,100.0,False
12236173,2025-03-27T14:00:00+05:30,25.9,4,4,100.0,False
12236173,2025-03-27T15:00:00+05:30,25.7,3,4,75.0,False
12236173,2025-03-27T16:00:00+05:30,27.2,4,4,100.0,False
12236173,2025-03-27T17:00:00+05:30,26.9,3,4,75.0,False
12236173,2025-03-27T18:00:00+05:30,27.2,4,4,100.0,False
12236173,2025-03-27T19:00:00+05:30,25.8,4,4,100.0,False
12236173,2025-03-27T20:00:00+05:30,25.4,4,4,100.0,False
12236173,2025-03-27T21:00:00+05:30,26.2,4,4,100.0,False
12236173,2025-03-27T22:00:00+05:30,26.2,4,4,100.0,False
12236173,2025-03-28T01:00:00+05:30,26.4,4,4,100.0,False
12236173,2025-03-28T02:00:00+05:30,26.1,4,4,100.0,False
12236173,2025-03-28T03:00:00+05:30,26.0,4,4,100.0,False
12236173,2025-03-28T04:00:00+05:30,28.2,4,4,100.0,False
12236173,2025-03-28T05:00:00+05:30,26.9,4,4,100.0,False
12236173,2025-03-28T06:00:00+05:30,25.8,4,4,100.0,False
12236173,2025-03-28T07:00:00+05:30,26.0,4,4,100.0,False
12236173,2025-03-28T08:00:00+05:30,26.2,3,4,75.0,False
12236173,2025-03-28T09:00:00+05:30,27.1,4,4,100.0,False
12236173,2025-03-28T10:00:00+05:30,23.9,4,4,100.0,False
12236173,2025-03-28T11:00:00+05:30,25.9,4,4,100.0,False
12236173,2025-03-28T12:00:00+05:30,23.9,4,4,100.0,False
12236173,2025-03-28T13:00:00+05:30,24.5,4,4,100.0,False
12236173,2025-03-28T14:00:00+05:30,26.3,4,4,100.0,False
12236173,2025-03-28T15:00:00+05:30,26.8,4,4,100.0,False
12236173,2025-03-28T17:00:00+05:30,26.8,4,4,100.0,False
12236173,2025-03-28T18:00:00+05:30,25.4,4,4,100.0,False
12236173,2025-03-28T19:00:00+05:30,27.5,4,4,100.0,False
12236173,2025-03-28T20:00:00+05:30,26.0,4,4,100.0,False
12236173,2025-03-28T21:00:00+05:30,24.7,4,4,100.0,False
12236173,2025-03-28T22:00:00+05:30,27.5,4,4,100.0,False
12236173,2025-03-29T01:00:00+05:30,26.0,4,4,100.0,False
12236173,2025-03-29T02:00:00+05:30,24.9,4,4,100.0,False
12236173,2025-03-29T03:00:00+05:30,24.6,4,4,100.0,False
12236173,2025-03-29T04:00:00+05:30,25.7,4,4,100.0,False
12236173,2025-03-29T05:00:00+05:30,26.6,4,4,100.0,False
12236173,2025-03-29T06:00:00+05:30,25.5,4,4,100.0,False
12236173,2025-03-29T07:00:00+05:30,26.4,4,4,100.0,False
12236173,2025-03-29T08:00:00+05:30,24.7,4,4,100.0,False
12236173,2025-03-29T09:00:00+05:30,26.8,4,4,100.0,False
12236173,2025-03-29T10:00:00+05:30,25.2,4,4,100.0,False
12236173,2025-03-29T11:00:00+05:30,22.1,4,4,100.0,False
12236173,2025-03-29T12:00:00+05:30,21.5,3,4,75.0,False
12236173,2025-03-29T13:00:00+05:30,20.8,4,4,100.0,False
12236173,2025-03-29T14:00:00+05:30,22.2,4,4,100.0,False
12236173,2025-03-29T15:00:00+05:30,21.7,4,4,100.0,False
12236173,2025-03-29T16:00:00+05:30,22.1,4,4,100.0,False
12236173,2025-03-29T17:00:00+05:30,22.9,4,4,100.0,False
12236173,2025-03-29T18:00:00+05:30,21.2,4,4,100.0,False
12236173,2025-03-29T19:00:00+05:30,22.8,4,4,100.0,False
12236173,2025-03-29T20:00:00+05:30,22.0,4,4,100.0,False
12236173,2025-03-29T21:00:00+05:30,21.6,4,4,100.0,False
12236173,2025-03-29T22:00:00+05:30,22.4,4,4,100.0,False
12236173,2025-03-30T01:00:00+05:30,20.9,4,4,100.0,False
12236173,2025-03-30T02:00:00+05:30,22.4,4,4,100.0,False
12236173,2025-03-30T03:00:00+05:30,22.3,4,4,100.0,False
12236173,2025-03-30T04:00:00+05:30,21.6,4,4,100.0,False
12236173,2025-03-30T05:00:00+05:30,22.3,4,4,100.0,False
12236173,2025-03-30T06:00:00+05:30,22.4,4,4,100.0,False
12236173,2025-03-30T07:00:00+05:30,22.1,4,4,100.0,False
12236173,2025-03-30T08:00:00+05:30,22.7,4,4,100.0,False
12236173,2025-03-30T09:00:00+05:30,23.7,4,4,100.0,False
12236173,2025-03-30T10:00:00+05:30,23.6,4,4,100.0,False
12236173,2025-03-30T11:00:00+05:30,22.0,4,4,100.0,False
12236173,2025-03-30T12:00:00+05:30,16.8,4,4,100.0,False
12236173,2025-03-30T13:00:00+05:30,21.8,4,4,100.0,False
12236173,2025-03-30T14:00:00+05:30,24.1,4,4,100.0,False
12236173,2025-03-30T15:00:00+05:30,22.5,4,4,100.0,False
12236173,2025-03-30T16:00:00+05:30,22.9,4,4,100.0,False
12236173,2025-03-30T17:00:00+05:30,23.0,4,4,100.0,False
12236173,2025-03-30T18:00:00+05:30,22.4,4,4,100.0,False
12236173,2025-03-30T19:00:00+05:30,21.6,3,4,75.0,False
12236173,2025-03-30T20:00:00+05:30,22.8,4,4,100.0,False
12236173,2025-03-30T21:00:00+05:30,22.0,3,4,75.0,False
12236173,2025-03-30T22:00:00+05:30,22.4,4,4,100.0,False
12236173,2025-03-31T01:00:00+05:30,22.2,4,4,100.0,False
12236173,2025-03-31T02:00:00+05:30,22.6,4,4,100.0,False
12236173,2025-03-31T03:00:00+05:30,22.2,4,4,100.0,False
12236173,2025-03-31T04:00:00+05:30,22.1,4,4,100.0,False
12236173,2025-03-31T05:00:00+05:30,23.4,4,4,100.0,False
12236173,2025-03-31T06:00:00+05:30,22.7,4,4,100.0,False
12236173,2025-03-31T07:00:00+05:30,23.4,4,4,100.0,False
12236173,2025-03-31T08:00:00+05:30,22.6,4,4,100.0,False
12236173,2025-03-31T09:00:00+05:30,21.4,4,4,100.0,False
12236173,2025-03-31T10:00:00+05:30,23.6,4,4,100.0,False
12236173,2025-03-31T11:00:00+05:30,28.3,3,4,75.0,False
12236173,2025-03-31T12:00:00+05:30,27.3,4,4,100.0,False
12236173,2025-03-31T13:00:00+05:30,28.2,4,4,100.0,False
12236173,2025-03-31T14:00:00+05:30,29.8,3,4,75.0,False
12236173,2025-03-31T15:00:00+05:30,26.8,4,4,100.0,False
12236173,2025-03-31T16:00:00+05:30,26.5,4,4,100.0,False
12236173,2025-03-31T17:00:00+05:30,27.3,4,4,100.0,False
12236173,2025-03-31T18:00:00+05:30,27.3,3,4,75.0,False
12236173,2025-03-31T19:00:00+05:30,27.5,4,4,100.0,False
12236173,2025-03-31T20:00:00+05:30,27.2,4,4,100.0,False
12236173,2025-03-31T21:00:00+05:30,25.3,3,4,75.0,False
12236173,2025-03-31T22:00:00+05:30,27.4,4,4,100.0,False
12236173,2025-04-01T03:00:00+05:30,27.0,4,4,100.0,False
12236173,2025-04-01T04:00:00+05:30,27.0,4,4,100.0,False
12236173,2025-04-01T05:00:00+05:30,26.9,4,4,100.0,False
12236173,2025-04-01T06:00:00+05:30,29.0,4,4,100.0,False
12236173,2025-04-01T07:00:00+05:30,25.6,4,4,100.0,False
12236173,2025-04-01T08:00:00+05:30,25.7,4,4,100.0,False
12236173,2025-04-01T09:00:00+05:30,27.1,4,4,100.0,False
12236173,2025-04-01T10:00:00+05:30,27.8,4,4,100.0,False
12236173,2025-04-01T11:00:00+05:30,26.4,4,4,100.0,False
12236173,2025-04-01T12:00:00+05:30,28.0,4,4,100.0,False
12236173,2025-04-01T13:00:00+05:30,25.9,4,4,100.0,False
12236173,2025-04-01T14:00:00+05:30,27.6,4,4,100.0,False
12236173,2025-04-01T20:00:00+05:30,27.1,4,4,100.0,False
12236173,2025-04-01T21:00:00+05:30,28.0,4,4,100.0,False
12236173,2025-04-01T22:00:00+05:30,27.9,4,4,100.0,False
12236173,2025-04-02T01:00:00+05:30,29.0,3,4,75.0,False
12236173,2025-04-02T02:00:00+05:30,27.2,4,4,100.0,False
12236173,2025-04-02T03:00:00+05:30,26.8,4,4,100.0,False
12236173,2025-04-02T04:00:00+05:30,27.5,3,4,75.0,False
12236173,2025-04-02T05:00:00+05:30,26.5,4,4,100.0,False
12236173,2025-04-02T06:00:00+05:30,27.5,4,4,100.0,False
12236173,2025-04-02T07:00:00+05:30,26.0,4,4,100.0,False
12236173,2025-04-02T08:00:00+05:30,28.1,4,4,100.0,False
12236173,2025-04-02T09:00:00+05:30,27.3,4,4,100.0,False
12236173,2025-04-02T10:00:00+05:30,23.6,4,4,100.0,False
12236173,2025-04-02T11:00:00+05:30,16.7,4,4,100.0,False
12236173,2025-04-02T12:00:00+05:30,20.9,4,4,100.0,False
12236173,2025-04-02T13:00:00+05:30,21.7,4,4,100.0,False
12236173,2025-04-02T14:00:00+05:30,22.3,4,4,100.0,False
12236173,2025-04-02T15:00:00+05:30,21.2,4,4,100.0,False
12236173,2025-04-02T16:00:00+05:30,20.6,4,4,100.0,False
12236173,2025-04-02T17:00:00+05:30,20.1,4,4,100.0,False
12236173,2025-04-02T18:00:00+05:30,20.9,4,4,100.0,False
12236173,2025-04-02T19:00:00+05:30,21.2,4,4,100.0,False
12236173,2025-04-02T20:00:00+05:30,20.9,4,4,100.0,False
12236173,2025-04-02T21:00:00+05:30,21.9,4,4,100.0,False
12236173,2025-04-02T22:00:00+05:30,21.8,4,4,100.0,False
12236173,2025-04-03T01:00:00+05:30,21.2,4,4,100.0,False
12236173,2025-04-03T02:00:00+05:30,22.3,4,4,100.0,False
12236173,2025-04-03T03:00:00+05:30,20.3,4,4,100.0,False
12236173,2025-04-03T04:00:00+05:30,20.3,4,4,100.0,False
12236173,2025-04-03T05:00:00+05:30,19.9,4,4,100.0,False
12236173,2025-04-03T06:00:00+05:30,22.1,4,4,100.0,False
12236173,2025-04-03T07:00:00+05:30,21.0,4,4,100.0,False
12236173,2025-04-03T08:00:00+05:30,21.6,4,4,100.0,False
12236173,2025-04-03T09:00:00+05:30,20.7,4,4,100.0,False
12236173,2025-04-03T10:00:00+05:30,22.9,4,4,100.0,False
12236173,2025-04-03T11:00:00+05:30,22.0,4,4,100.0,False
12236173,2025-04-03T12:00:00+05:30,23.1,4,4,100.0,False
12236173,2025-04-03T13:00:00+05:30,23.1,3,4,75.0,False
12236173,2025-04-03T14:00:00+05:30,22.4,4,4,100.0,False
12236173,2025-04-03T15:00:00+05:30,22.7,4,4,100.0,False
12236173,2025-04-03T17:00:00+05:30,22.4,4,4,100.0,False
12236173,2025-04-03T18:00:00+05:30,24.3,4,4,100.0,False
12236173,2025-04-03T19:00:00+05:30,24.0,4,4,100.0,False
12236173,2025-04-03T20:00:00+05:30,23.3,4,4,100.0,False
12236173,2025-04-03T22:00:00+05:30,15.7,3,4,75.0,False
12236173,2025-04-04T01:00:00+05:30,23.5,4,4,100.0,False
12236173,2025-04-04T02:00:00+05:30,22.3,4,4,100.0,False
12236173,2025-04-04T03:00:00+05:30,22.3,4,4,100.0,False
12236173,2025-04-04T04:00:00+05:30,23.4,4,4,100.0,False
12236173,2025-04-04T05:00:00+05:30,23.0,4,4,100.0,False
12236173,2025-04-04T06:00:00+05:30,22.6,4,4,100.0,False
12236173,2025-04-04T07:00:00+05:30,23.0,4,4,100.0,False
12236173,2025-04-04T08:00:00+05:30,23.6,4,4,100.0,False
12236173,2025-04-04T09:00:00+05:30,22.8,4,4,100.0,False
12236173,2025-04-04T10:00:00+05:30,23.3,4,4,100.0,False
12236173,2025-04-04T11:00:00+05:30,24.2,4,4,100.0,False
12236173,2025-04-04T12:00:00+05:30,23.5,4,4,100.0,False
12236173,2025-04-04T13:00:00+05:30,24.2,4,4,100.0,False
12236173,2025-04-04T14:00:00+05:30,23.6,4,4,100.0,False
12236173,2025-04-04T15:00:00+05:30,23.5,4,4,100.0,False
12236173,2025-04-04T16:00:00+05:30,23.0,4,4,100.0,False
12236173,2025-04-04T17:00:00+05:30,23.3,4,4,100.0,False
12236173,2025-04-04T18:00:00+05:30,24.0,4,4,100.0,False
12236173,2025-04-04T19:00:00+05:30,22.4,4,4,100.0,False
12236173,2025-04-04T20:00:00+05:30,24.1,3,4,75.0,False
12236173,2025-04-04T21:00:00+05:30,23.7,3,4,75.0,False
12236173,2025-04-04T22:00:00+05:30,22.8,4,4,100.0,False
12236173,2025-04-05T01:00:00+05:30,23.0,4,4,100.0,False
12236173,2025-04-05T02:00:00+05:30,23.6,3,4,75.0,False
12236173,2025-04-05T03:00:00+05:30,22.9,4,4,100.0,False
12236173,2025-04-05T04:00:00+05:30,23.8,4,4,100.0,False
12236173,2025-04-05T05:00:00+05:30,24.3,4,4,100.0,False
12236173,2025-04-05T06:00:00+05:30,23.7,4,4,100.0,False
12236173,2025-04-05T07:00:00+05:30,24.0,4,4,100.0,False
12236173,2025-04-05T08:00:00+05:30,23.5,4,4,100.0,False
12236173,2025-04-05T09:00:00+05:30,23.9,4,4,100.0,False
12236173,2025-04-05T10:00:00+05:30,26.1,4,4,100.0,False
12236173,2025-04-05T11:00:00+05:30,25.6,4,4,100.0,False
12236173,2025-04-05T12:00:00+05:30,24.2,4,4,100.0,False
12236173,2025-04-05T13:00:00+05:30,26.3,4,4,100.0,False
12236173,2025-04-05T14:00:00+05:30,24.4,4,4,100.0,False
12236173,2025-04-05T15:00:00+05:30,25.4,4,4,100.0,False
12236173,2025-04-05T16:00:00+05:30,26.8,4,4,100.0,False
12236173,2025-04-05T17:00:00+05:30,25.9,4,4,100.0,False
12236173,2025-04-05T18:00:00+05:30,26.4,4,4,100.0,False
12236173,2025-04-05T19:00:00+05:30,26.0,4,4,100.0,False
12236173,2025-04-05T20:00:00+05:30,25.9,4,4,100.0,False
12236173,2025-04-05T21:00:00+05:30,25.1,4,4,100.0,False
12236173,2025-04-05T22:00:00+05:30,25.1,4,4,100.0,False
12236173,2025-04-06T01:00:00+05:30,26.7,4,4,100.0,False
12236173,2025-04-06T02:00:00+05:30,24.4,4,4,100.0,False
12236173,2025-04-06T03:00:00+05:30,24.8,4,4,100.0,False
12236173,2025-04-06T04:00:00+05:30,26.7,4,4,100.0,False
12236173,2025-04-06T05:00:00+05:30,25.9,4,4,100.0,False
12236173,2025-04-06T06:00:00+05:30,27.6,4,4,100.0,False
12236173,2025-04-06T07:00:00+05:30,26.0,4,4,100.0,False
12236173,2025-04-06T08:00:00+05:30,25.0,4,4,100.0,False
12236173,2025-04-06T09:00:00+05:30,24.8,4,4,100.0,False
12236173,2025-04-06T10:00:00+05:30,24.3,4,4,100.0,False
12236173,2025-04-06T11:00:00+05:30,24.9,4,4,100.0,False
12236173,2025-04-06T12:00:00+05:30,26.3,4,4,100.0,False
12236173,2025-04-06T13:00:00+05:30,24.7,4,4,100.0,False
12236173,2025-04-06T14:00:00+05:30,25.8,4,4,100.0,False
12236173,2025-04-06T15:00:00+05:30,24.9,4,4,100.0,False
12236173,2025-04-06T16:00:00+05:30,26.1,4,4,100.0,False
12236173,2025-04-06T17:00:00+05:30,25.3,4,4,100.0,False
12236173,2025-04-06T18:00:00+05:30,25.3,4,4,100.0,False
12236173,2025-04-06T19:00:00+05:30,24.1,4,4,100.0,False
12236173,2025-04-06T20:00:00+05:30,24.2,4,4,100.0,False
12236173,2025-04-06T21:00:00+05:30,26.0,4,4,100.0,False
12236173,2025-04-06T22:00:00+05:30,24.9,3,4,75.0,False
12236173,2025-04-07T01:00:00+05:30,24.6,3,4,75.0,False
12236173,2025-04-07T02:00:00+05:30,23.8,3,4,75.0,False
12236173,2025-04-07T03:00:00+05:30,26.1,4,4,100.0,False
12236173,2025-04-07T04:00:00+05:30,24.8,3,4,75.0,False
12236173,2025-04-07T05:00:00+05:30,25.6,3,4,75.0,False
12236173,2025-04-07T07:00:00+05:30,25.1,4,4,100.0,False
12236173,2025-04-07T08:00:00+05:30,26.3,4,4,100.0,False
12236173,2025-04-07T09:00:00+05:30,26.9,4,4,100.0,False
12236173,2025-04-07T10:00:00+05:30,30.1,4,4,100.0,False
12236173,2025-04-07T11:00:00+05:30,26.6,4,4,100.0,False
12236173,2025-04-07T12:00:00+05:30,28.4,4,4,100.0,False
12236173,2025-04-07T13:00:00+05:30,29.4,4,4,100.0,False
12236173,2025-04-07T14:00:00+05:30,28.5,4,4,100.0,False
12236173,2025-04-07T15:00:00+05:30,28.6,4,4,100.0,False
12236173,2025-04-07T16:00:00+05:30,28.5,3,4,75.0,False
12236173,2025-04-07T17:00:00+05:30,27.7,4,4,100.0,False
12236173,2025-04-07T18:00:00+05:30,27.5,3,4,75.0,False
12236173,2025-04-07T19:00:00+05:30,29.1,4,4,100.0,False
12236173,2025-04-07T20:00:00+05:30,29.1,4,4,100.0,False
12236173,2025-04-07T21:00:00+05:30,29.4,4,4,100.0,False
12236173,2025-04-07T22:00:00+05:30,28.1,4,4,100.0,False
12236173,2025-04-08T01:00:00+05:30,27.3,4,4,100.0,False
12236173,2025-04-08T02:00:00+05:30,30.7,4,4,100.0,False
12236173,2025-04-08T03:00:00+05:30,28.9,4,4,100.0,False
12236173,2025-04-08T04:00:00+05:30,28.1,4,4,100.0,False
12236173,2025-04-08T05:00:00+05:30,30.2,4,4,100.0,False
12236173,2025-04-08T06:00:00+05:30,27.3,4,4,100.0,False
12236173,2025-04-08T07:00:00+05:30,29.9,4,4,100.0,False
12236173,2025-04-08T08:00:00+05:30,29.0,4,4,100.0,False
12236173,2025-04-08T09:00:00+05:30,28.1,4,4,100.0,False
12236173,2025-04-08T10:00:00+05:30,28.3,4,4,100.0,False
12236173,2025-04-08T11:00:00+05:30,28.4,4,4,100.0,False
12236173,2025-04-08T12:00:00+05:30,27.7,3,4,75.0,False
12236173,2025-04-08T15:00:00+05:30,28.8,3,4,75.0,False
12236173,2025-04-08T16:00:00+05:30,28.3,4,4,100.0,False
12236173,2025-04-08T17:00:00+05:30,27.8,4,4,100.0,False
12236173,2025-04-08T18:00:00+05:30,29.5,4,4,100.0,False
12236173,2025-04-08T19:00:00+05:30,28.1,4,4,100.0,False
12236173,2025-04-08T20:00:00+05:30,29.4,4,4,100.0,False
12236173,2025-04-08T21:00:00+05:30,29.4,4,4,100.0,False
12236173,2025-04-08T22:00:00+05:30,27.4,4,4,100.0,False
12236173,2025-04-09T01:00:00+05:30,28.4,4,4,100.0,False
12236173,2025-04-09T02:00:00+05:30,28.1,3,4,75.0,False
12236173,2025-04-09T03:00:00+05:30,27.1,4,4,100.0,False
12236173,2025-04-09T04:00:00+05:30,28.6,4,4,100.0,False
12236173,2025-04-09T05:00:00+05:30,28.4,3,4,75.0,False
12236173,2025-04-11T20:00:00+05:30,25.7,3,4,75.0,False
12236173,2025-04-11T21:00:00+05:30,26.2,4,4,100.0,False
12236173,2025-04-11T22:00:00+05:30,25.5,4,4,100.0,False
12236173,2025-04-12T01:00:00+05:30,25.2,4,4,100.0,False
12236173,2025-04-12T02:00:00+05:30,25.7,4,4,100.0,False
12236173,2025-04-12T03:00:00+05:30,27.1,4,4,100.0,False
12236173,2025-04-12T04:00:00+05:30,27.4,4,4,100.0,False
12236173,2025-04-12T05:00:00+05:30,26.4,4,4,100.0,False
12236173,2025-04-12T06:00:00+05:30,27.7,3,4,75.0,False
12236173,2025-04-12T07:00:00+05:30,26.5,4,4,100.0,False
12236173,2025-04-12T08:00:00+05:30,28.3,4,4,100.0,False
12236173,2025-04-12T09:00:00+05:30,25.2,4,4,100.0,False
12236173,2025-04-12T10:00:00+05:30,26.7,4,4,100.0,False
12236173,2025-04-12T11:00:00+05:30,26.7,4,4,100.0,False
12236173,2025-04-12T12:00:00+05:30,26.5,4,4,100.0,False
12236173,2025-04-12T13:00:00+05:30,27.2,4,4,100.0,False
12236173,2025-04-12T14:00:00+05:30,24.7,4,4,100.0,False
12236173,2025-04-12T15:00:00+05:30,27.3,4,4,100.0,False
12236173,2025-04-12T16:00:00+05:30,25.7,4,4,100.0,False
12236173,2025-04-12T17:00:00+05:30,26.8,4,4,100.0,False
12236173,2025-04-12T18:00:00+05:30,27.2,4,4,100.0,False
12236173,2025-04-12T19:00:00+05:30,27.2,4,4,100.0,False
12236173,2025-04-12T20:00:00+05:30,26.3,4,4,100.0,False
12236173,2025-04-12T21:00:00+05:30,27.2,4,4,100.0,False
12236173,2025-04-12T22:00:00+05:30,26.0,3,4,75.0,False
12236173,2025-04-13T01:00:00+05:30,25.6,4,4,100.0,False
12236173,2025-04-13T02:00:00+05:30,26.2,4,4,100.0,False
12236173,2025-04-13T03:00:00+05:30,26.2,4,4,100.0,False
12236173,2025-04-13T04:00:00+05:30,25.2,4,4,100.0,False
12236173,2025-04-13T05:00:00+05:30,25.5,4,4,100.0,False
12236173,2025-04-13T06:00:00+05:30,26.9,4,4,100.0,False
12236173,2025-04-13T07:00:00+05:30,26.1,4,4,100.0,False
12236173,2025-04-13T08:00:00+05:30,26.9,4,4,100.0,False
12236173,2025-04-13T09:00:00+05:30,26.8,4,4,100.0,False
12236173,2025-04-13T10:00:00+05:30,26.6,4,4,100.0,False
12236173,2025-04-13T11:00:00+05:30,27.6,4,4,100.0,False
12236173,2025-04-13T12:00:00+05:30,26.0,4,4,100.0,False
12236173,2025-04-13T13:00:00+05:30,26.2,4,4,100.0,False
12236173,2025-04-13T14:00:00+05:30,26.4,4,4,100.0,False
12236173,2025-04-13T15:00:00+05:30,26.7,4,4,100.0,False
12236173,2025-04-13T16:00:00+05:30,26.3,4,4,100.0,False
12236173,2025-04-13T17:00:00+05:30,26.7,4,4,100.0,False
12236173,2025-04-13T18:00:00+05:30,25.7,4,4,100.0,False
12236173,2025-04-13T19:00:00+05:30,27.4,4,4,100.0,False
12236173,2025-04-13T20:00:00+05:30,26.7,4,4,100.0,False
12236173,2025-04-13T21:00:00+05:30,27.5,4,4,100.0,False
12236173,2025-04-13T22:00:00+05:30,26.3,4,4,100.0,False
12236173,2025-04-14T01:00:00+05:30,26.7,4,4,100.0,False
12236173,2025-04-14T02:00:00+05:30,25.9,4,4,100.0,False
12236173,2025-04-14T03:00:00+05:30,26.8,4,4,100.0,False
12236173,2025-04-14T04:00:00+05:30,26.1,4,4,100.0,False
12236173,2025-04-14T05:00:00+05:30,24.9,4,4,100.0,False
12236173,2025-04-14T06:00:00+05:30,27.4,4,4,100.0,False
12236173,2025-04-14T07:00:00+05:30,26.6,4,4,100.0,False
12236173,2025-04-14T08:00:00+05:30,27.2,4,4,100.0,False
12236173,2025-04-14T09:00:00+05:30,27.8,4,4,100.0,False
12236173,2025-04-14T10:00:00+05:30,26.5,4,4,100.0,False
12236173,2025-04-14T11:00:00+05:30,27.0,4,4,100.0,False
12236173,2025-04-14T12:00:00+05:30,27.9,3,4,75.0,False
12236173,2025-04-15T03:00:00+05:30,27.1,3,4,75.0,False
12236173,2025-04-15T04:00:00+05:30,25.7,4,4,100.0,False
12236173,2025-04-15T05:00:00+05:30,26.8,4,4,100.0,False
12236173,2025-04-15T06:00:00+05:30,27.9,4,4,100.0,False
12236173,2025-04-15T07:00:00+05:30,26.0,4,4,100.0,False
12236173,2025-04-15T08:00:00+05:30,27.7,4,4,100.0,False
12236173,2025-04-15T09:00:00+05:30,28.3,4,4,100.0,False
12236173,2025-04-15T10:00:00+05:30,27.4,4,4,100.0,False
12236173,2025-04-15T11:00:00+05:30,28.1,4,4,100.0,False
12236173,2025-04-15T12:00:00+05:30,28.1,4,4,100.0,False
12236173,2025-04-15T13:00:00+05:30,27.6,4,4,100.0,False
12236173,2025-04-15T14:00:00+05:30,26.8,4,4,100.0,False
12236173,2025-04-15T15:00:00+05:30,28.5,4,4,100.0,False
12236173,2025-04-15T16:00:00+05:30,27.6,4,4,100.0,False
12236173,2025-04-15T17:00:00+05:30,30.0,4,4,100.0,False
12236173,2025-04-16T09:00:00+05:30,27.5,4,4,100.0,False
12236173,2025-04-16T10:00:00+05:30,27.6,4,4,100.0,False
12236173,2025-04-16T11:00:00+05:30,26.9,4,4,100.0,False
12236173,2025-04-16T12:00:00+05:30,28.1,4,4,100.0,False
12236173,2025-04-16T13:00:00+05:30,29.2,4,4,100.0,False
12236173,2025-04-16T14:00:00+05:30,29.5,4,4,100.0,False
12236173,2025-04-16T15:00:00+05:30,29.0,3,4,75.0,False
12236173,2025-04-16T17:00:00+05:30,29.5,4,4,100.0,False
12236173,2025-04-16T18:00:00+05:30,29.5,4,4,100.0,False
12236173,2025-04-16T19:00:00+05:30,27.6,4,4,100.0,False
12236173,2025-04-17T01:00:00+05:30,29.1,4,4,100.0,False
12236173,2025-04-17T02:00:00+05:30,27.5,4,4,100.0,False
12236173,2025-04-17T03:00:00+05:30,26.8,4,4,100.0,False
12236173,2025-04-17T04:00:00+05:30,28.4,4,4,100.0,False
12236173,2025-04-17T05:00:00+05:30,28.2,4,4,100.0,False
12236173,2025-04-17T06:00:00+05:30,29.2,4,4,100.0,False
12236173,2025-04-17T07:00:00+05:30,28.3,4,4,100.0,False
12236173,2025-04-17T08:00:00+05:30,30.0,4,4,100.0,False
12236173,2025-04-17T09:00:00+05:30,28.1,4,4,100.0,False
12236173,2025-04-17T10:00:00+05:30,26.9,4,4,100.0,False
12236173,2025-04-17T13:00:00+05:30,27.8,4,4,100.0,False
12236173,2025-04-17T14:00:00+05:30,27.1,4,4,100.0,False
12236173,2025-04-17T15:00:00+05:30,27.1,4,4,100.0,False
12236173,2025-04-17T16:00:00+05:30,27.3,4,4,100.0,False
12236173,2025-04-17T17:00:00+05:30,26.0,4,4,100.0,False
12236173,2025-04-17T18:00:00+05:30,26.9,4,4,100.0,False
12236173,2025-04-17T19:00:00+05:30,26.6,4,4,100.0,False
12236173,2025-04-17T20:00:00+05:30,26.1,4,4,100.0,False
12236173,2025-04-17T21:00:00+05:30,26.1,4,4,100.0,False
12236173,2025-04-17T22:00:00+05:30,26.8,4,4,100.0,False
12236173,2025-04-18T01:00:00+05:30,26.7,4,4,100.0,False
12236173,2025-04-18T02:00:00+05:30,26.2,4,4,100.0,False
12236173,2025-04-18T03:00:00+05:30,25.8,3,4,75.0,False
12236173,2025-04-18T04:00:00+05:30,26.8,4,4,100.0,False
12236173,2025-04-18T05:00:00+05:30,27.2,4,4,100.0,False
12236173,2025-04-18T06:00:00+05:30,26.4,4,4,100.0,False
12236173,2025-04-18T07:00:00+05:30,27.0,4,4,100.0,False
12236173,2025-04-18T08:00:00+05:30,25.6,4,4,100.0,False
12236173,2025-04-18T09:00:00+05:30,25.8,4,4,100.0,False
12236173,2025-04-18T10:00:00+05:30,26.0,4,4,100.0,False
12236173,2025-04-18T11:00:00+05:30,26.1,4,4,100.0,False
12236173,2025-04-18T12:00:00+05:30,25.7,4,4,100.0,False
12236173,2025-04-18T13:00:00+05:30,26.9,4,4,100.0,False
12236173,2025-04-18T14:00:00+05:30,17.6,4,4,100.0,False
12236173,2025-04-18T15:00:00+05:30,20.9,4,4,100.0,False
12236173,2025-04-18T16:00:00+05:30,25.6,4,4,100.0,False
12236173,2025-04-18T17:00:00+05:30,26.5,4,4,100.0,False
12236173,2025-04-18T18:00:00+05:30,26.9,4,4,100.0,False
12236173,2025-04-18T19:00:00+05:30,25.8,4,4,100.0,False
12236173,2025-04-18T20:00:00+05:30,26.7,4,4,100.0,False
12236173,2025-04-18T21:00:00+05:30,25.9,4,4,100.0,False
12236173,2025-04-18T22:00:00+05:30,26.0,4,4,100.0,False
12236173,2025-04-19T01:00:00+05:30,26.4,4,4,100.0,False
12236173,2025-04-19T02:00:00+05:30,28.0,4,4,100.0,False
12236173,2025-04-19T03:00:00+05:30,25.2,4,4,100.0,False
12236173,2025-04-19T04:00:00+05:30,26.9,4,4,100.0,False
12236173,2025-04-19T05:00:00+05:30,26.7,4,4,100.0,False
12236173,2025-04-19T06:00:00+05:30,27.7,4,4,100.0,False
12236173,2025-04-19T07:00:00+05:30,27.4,4,4,100.0,False
12236173,2025-04-19T08:00:00+05:30,26.4,4,4,100.0,False
12236173,2025-04-19T09:00:00+05:30,27.1,4,4,100.0,False
12236173,2025-04-19T10:00:00+05:30,23.0,4,4,100.0,False
12236173,2025-04-19T11:00:00+05:30,23.8,4,4,100.0,False
12236173,2025-04-19T12:00:00+05:30,23.8,4,4,100.0,False
12236173,2025-04-19T13:00:00+05:30,23.9,4,4,100.0,False
12236173,2025-04-19T14:00:00+05:30,23.6,4,4,100.0,False
12236173,2025-04-19T17:00:00+05:30,23.8,4,4,100.0,False
12236173,2025-04-19T18:00:00+05:30,25.1,4,4,100.0,False
12236173,2025-04-19T19:00:00+05:30,22.7,4,4,100.0,False
12236173,2025-04-19T20:00:00+05:30,23.1,4,4,100.0,False
12236173,2025-04-19T21:00:00+05:30,23.9,3,4,75.0,False
12236173,2025-04-19T22:00:00+05:30,23.2,4,4,100.0,False
12236173,2025-04-20T01:00:00+05:30,23.5,4,4,100.0,False
12236173,2025-04-20T02:00:00+05:30,22.9,4,4,100.0,False
12236173,2025-04-20T03:00:00+05:30,22.5,4,4,100.0,False
12236173,2025-04-20T04:00:00+05:30,24.5,4,4,100.0,False
12236173,2025-04-20T05:00:00+05:30,23.4,4,4,100.0,False
12236173,2025-04-20T06:00:00+05:30,22.7,4,4,100.0,False
12236173,2025-04-20T07:00:00+05:30,24.0,4,4,100.0,False
12236173,2025-04-20T08:00:00+05:30,23.8,3,4,75.0,False
12236173,2025-04-20T09:00:00+05:30,24.3,4,4,100.0,False
12236173,2025-04-20T10:00:00+05:30,23.7,4,4,100.0,False
12236173,2025-04-20T11:00:00+05:30,23.7,4,4,100.0,False
12236173,2025-04-20T12:00:00+05:30,23.5,4,4,100.0,False
12236173,2025-04-20T13:00:00+05:30,22.2,4,4,100.0,False
12236173,2025-04-20T14:00:00+05:30,23.3,4,4,100.0,False
12236173,2025-04-20T15:00:00+05:30,22.9,4,4,100.0,False
12236173,2025-04-20T16:00:00+05:30,23.8,4,4,100.0,False
12236173,2025-04-20T17:00:00+05:30,23.7,4,4,100.0,False
12236173,2025-04-20T18:00:00+05:30,22.4,4,4,100.0,False
12236173,2025-04-20T19:00:00+05:30,24.4,4,4,100.0,False
12236173,2025-04-20T20:00:00+05:30,23.5,4,4,100.0,False
12236173,2025-04-20T21:00:00+05:30,24.5,4,4,100.0,False
12236173,2025-04-20T22:00:00+05:30,23.0,4,4,100.0,False
12236173,2025-04-21T01:00:00+05:30,23.2,4,4,100.0,False
12236173,2025-04-21T02:00:00+05:30,24.2,4,4,100.0,False
12236173,2025-04-21T03:00:00+05:30,23.5,4,4,100.0,False
12236173,2025-04-21T04:00:00+05:30,23.7,4,4,100.0,False
12236173,2025-04-21T05:00:00+05:30,24.9,4,4,100.0,False
12236173,2025-04-21T06:00:00+05:30,24.6,3,4,75.0,False
12236173,2025-04-21T07:00:00+05:30,23.5,4,4,100.0,False
12236173,2025-04-21T08:00:00+05:30,23.1,4,4,100.0,False
12236173,2025-04-21T09:00:00+05:30,23.4,4,4,100.0,False
12236173,2025-04-21T10:00:00+05:30,29.4,4,4,100.0,False
12236173,2025-04-21T12:00:00+05:30,27.3,4,4,100.0,False
12236173,2025-04-21T13:00:00+05:30,27.8,4,4,100.0,False
12236173,2025-04-21T14:00:00+05:30,28.5,4,4,100.0,False
12236173,2025-04-21T15:00:00+05:30,29.8,3,4,75.0,False
12236173,2025-04-21T16:00:00+05:30,28.7,4,4,100.0,False
12236173,2025-04-21T17:00:00+05:30,27.4,4,4,100.0,False
12236173,2025-04-21T18:00:00+05:30,29.0,4,4,100.0,False
12236173,2025-04-21T19:00:00+05:30,27.4,4,4,100.0,False
12236173,2025-04-21T20:00:00+05:30,29.6,4,4,100.0,False
12236173,2025-04-21T21:00:00+05:30,27.8,4,4,100.0,False
12236173,2025-04-21T22:00:00+05:30,27.3,4,4,100.0,False
12236173,2025-04-22T01:00:00+05:30,28.8,4,4,100.0,False
12236173,2025-04-22T02:00:00+05:30,29.6,4,4,100.0,False
12236173,2025-04-22T03:00:00+05:30,28.8,4,4,100.0,False
12236173,2025-04-22T04:00:00+05:30,29.4,4,4,100.0,False
12236173,2025-04-22T05:00:00+05:30,29.1,4,4,100.0,False
12236173,2025-04-22T06:00:00+05:30,29.0,4,4,100.0,False
12236173,2025-04-22T07:00:00+05:30,28.7,4,4,100.0,False
12236173,2025-04-22T08:00:00+05:30,27.6,4,4,100.0,False
12236173,2025-04-22T09:00:00+05:30,27.4,4,4,100.0,False
12236173,2025-04-22T10:00:00+05:30,32.7,3,4,75.0,False
12236173,2025-04-22T11:00:00+05:30,28.9,4,4,100.0,False
12236173,2025-04-22T12:00:00+05:30,31.3,4,4,100.0,False
12236173,2025-04-22T13:00:00+05:30,31.5,4,4,100.0,False
12236173,2025-04-22T14:00:00+05:30,31.0,3,4,75.0,False
12236173,2025-04-22T15:00:00+05:30,30.8,4,4,100.0,False
12236173,2025-04-22T16:00:00+05:30,31.5,4,4,100.0,False
12236173,2025-04-22T17:00:00+05:30,30.3,4,4,100.0,False
12236173,2025-04-22T18:00:00+05:30,30.5,4,4,100.0,False
12236173,2025-04-22T19:00:00+05:30,32.0,4,4,100.0,False
12236173,2025-04-22T20:00:00+05:30,30.4,4,4,100.0,False
12236173,2025-04-22T21:00:00+05:30,31.0,4,4,100.0,False
12236173,2025-04-22T22:00:00+05:30,32.1,4,4,100.0,False
12236173,2025-04-23T01:00:00+05:30,32.5,4,4,100.0,False
12236173,2025-04-23T02:00:00+05:30,31.3,4,4,100.0,False
12236173,2025-04-23T03:00:00+05:30,31.0,3,4,75.0,False
12236173,2025-04-23T05:00:00+05:30,30.1,4,4,100.0,False
12236173,2025-04-23T06:00:00+05:30,31.5,4,4,100.0,False
12236173,2025-04-23T07:00:00+05:30,30.8,4,4,100.0,False
12236173,2025-04-23T08:00:00+05:30,29.6,4,4,100.0,False
12236173,2025-04-23T09:00:00+05:30,30.9,4,4,100.0,False
12236173,2025-04-23T10:00:00+05:30,31.0,4,4,100.0,False
12236173,2025-04-23T11:00:00+05:30,31.7,4,4,100.0,False
12236173,2025-04-23T12:00:00+05:30,30.5,4,4,100.0,False
12236173,2025-04-23T13:00:00+05:30,31.0,4,4,100.0,False
12236173,2025-04-23T14:00:00+05:30,30.7,4,4,100.0,False
12236173,2025-04-23T15:00:00+05:30,33.2,4,4,100.0,False
12236173,2025-04-23T16:00:00+05:30,31.6,3,4,75.0,False
12236173,2025-04-23T17:00:00+05:30,31.1,4,4,100.0,False
12236173,2025-04-23T18:00:00+05:30,31.0,4,4,100.0,False
12236173,2025-04-23T19:00:00+05:30,30.5,4,4,100.0,False
12236173,2025-04-23T20:00:00+05:30,32.5,4,4,100.0,False
12236173,2025-04-23T21:00:00+05:30,32.2,4,4,100.0,False
12236173,2025-04-23T22:00:00+05:30,30.1,4,4,100.0,False
12236173,2025-04-24T01:00:00+05:30,31.8,4,4,100.0,False
12236173,2025-04-24T02:00:00+05:30,29.8,4,4,100.0,False
12236173,2025-04-24T03:00:00+05:30,30.6,4,4,100.0,False
12236173,2025-04-24T04:00:00+05:30,31.1,4,4,100.0,False
12236173,2025-04-24T05:00:00+05:30,31.3,4,4,100.0,False
12236173,2025-04-24T06:00:00+05:30,32.3,4,4,100.0,False
12236173,2025-04-24T07:00:00+05:30,31.9,4,4,100.0,False
12236173,2025-04-24T08:00:00+05:30,32.7,4,4,100.0,False
12236173,2025-04-24T09:00:00+05:30,30.3,4,4,100.0,False
12236173,2025-04-24T10:00:00+05:30,31.1,4,4,100.0,False
12236173,2025-04-24T11:00:00+05:30,30.2,4,4,100.0,False
12236173,2025-04-24T12:00:00+05:30,25.6,4,4,100.0,False
12236173,2025-04-24T13:00:00+05:30,27.5,4,4,100.0,False
12236173,2025-04-24T14:00:00+05:30,27.4,4,4,100.0,False
12236173,2025-04-24T15:00:00+05:30,27.9,3,4,75.0,False
12236173,2025-04-24T17:00:00+05:30,29.5,3,4,75.0,False
12236173,2025-04-24T18:00:00+05:30,26.1,4,4,100.0,False
12236173,2025-04-24T19:00:00+05:30,25.5,4,4,100.0,False
12236173,2025-04-24T20:00:00+05:30,27.0,4,4,100.0,False
12236173,2025-04-24T21:00:00+05:30,25.8,4,4,100.0,False
12236173,2025-04-24T22:00:00+05:30,27.1,4,4,100.0,False
12236173,2025-04-25T01:00:00+05:30,27.1,4,4,100.0,False
12236173,2025-04-25T02:00:00+05:30,27.7,4,4,100.0,False
12236173,2025-04-25T03:00:00+05:30,27.9,4,4,100.0,False
12236173,2025-04-25T04:00:00+05:30,26.9,4,4,100.0,False
12236173,2025-04-25T05:00:00+05:30,27.5,4,4,100.0,False
12236173,2025-04-25T06:00:00+05:30,26.0,4,4,100.0,False
12236173,2025-04-25T07:00:00+05:30,27.1,4,4,100.0,False
12236173,2025-04-25T08:00:00+05:30,26.5,4,4,100.0,False
12236173,2025-04-25T09:00:00+05:30,27.7,4,4,100.0,False
12236173,2025-04-25T10:00:00+05:30,26.5,4,4,100.0,False
12236173,2025-04-25T11:00:00+05:30,28.3,4,4,100.0,False
12236173,2025-04-25T12:00:00+05:30,28.3,4,4,100.0,False
12236173,2025-04-25T13:00:00+05:30,28.2,4,4,100.0,False
12236173,2025-04-25T14:00:00+05:30,24.1,3,4,75.0,False
12236173,2025-04-25T15:00:00+05:30,25.7,4,4,100.0,False
12236173,2025-04-25T16:00:00+05:30,22.4,4,4,100.0,False
12236173,2025-04-25T17:00:00+05:30,23.4,4,4,100.0,False
12236173,2025-04-25T18:00:00+05:30,23.1,4,4,100.0,False
12236173,2025-04-25T19:00:00+05:30,24.1,4,4,100.0,False
12236173,2025-04-25T20:00:00+05:30,23.8,4,4,100.0,False
12236173,2025-04-25T21:00:00+05:30,25.1,4,4,100.0,False
12236173,2025-04-25T22:00:00+05:30,24.3,4,4,100.0,False
12236173,2025-04-26T01:00:00+05:30,25.3,4,4,100.0,False
12236173,2025-04-26T02:00:00+05:30,24.8,4,4,100.0,False
12236173,2025-04-26T03:00:00+05:30,23.8,4,4,100.0,False
12236173,2025-04-26T04:00:00+05:30,23.3,4,4,100.0,False
12236173,2025-04-26T05:00:00+05:30,24.0,4,4,100.0,False
12236173,2025-04-26T06:00:00+05:30,23.9,4,4,100.0,False
12236173,2025-04-26T07:00:00+05:30,24.6,4,4,100.0,False
12236173,2025-04-26T08:00:00+05:30,24.2,4,4,100.0,False
12236173,2025-04-26T10:00:00+05:30,25.9,4,4,100.0,False
12236173,2025-04-26T11:00:00+05:30,23.7,4,4,100.0,False
12236173,2025-04-26T12:00:00+05:30,23.8,4,4,100.0,False
12236173,2025-04-26T13:00:00+05:30,24.6,4,4,100.0,False
12236173,2025-04-26T14:00:00+05:30,23.7,4,4,100.0,False
12236173,2025-04-26T15:00:00+05:30,26.2,4,4,100.0,False
12236173,2025-04-26T16:00:00+05:30,23.2,4,4,100.0,False
12236173,2025-04-26T17:00:00+05:30,25.1,4,4,100.0,False
12236173,2025-04-26T18:00:00+05:30,27.1,4,4,100.0,False
12236173,2025-04-26T19:00:00+05:30,24.5,4,4,100.0,False
12236173,2025-04-26T20:00:00+05:30,24.9,4,4,100.0,False
12236173,2025-04-26T21:00:00+05:30,24.4,4,4,100.0,False
12236173,2025-04-26T22:00:00+05:30,24.9,3,4,75.0,False
12236173,2025-04-27T01:00:00+05:30,24.8,4,4,100.0,False
12236173,2025-04-27T02:00:00+05:30,25.7,4,4,100.0,False
12236173,2025-04-27T03:00:00+05:30,25.0,3,4,75.0,False
12236173,2025-04-27T04:00:00+05:30,23.8,4,4,100.0,False
12236173,2025-04-27T05:00:00+05:30,23.3,4,4,100.0,False
12236173,2025-04-27T06:00:00+05:30,23.7,4,4,100.0,False
12236173,2025-04-27T07:00:00+05:30,24.2,4,4,100.0,False
12236173,2025-04-27T08:00:00+05:30,24.4,4,4,100.0,False
12236173,2025-04-27T09:00:00+05:30,24.9,4,4,100.0,False
12236173,2025-04-27T10:00:00+05:30,23.7,4,4,100.0,False
12236173,2025-04-27T11:00:00+05:30,22.6,4,4,100.0,False
12236173,2025-04-27T12:00:00+05:30,25.0,4,4,100.0,False
12236173,2025-04-27T13:00:00+05:30,24.5,4,4,100.0,False
12236173,2025-04-27T14:00:00+05:30,23.6,4,4,100.0,False
12236173,2025-04-27T15:00:00+05:30,24.9,4,4,100.0,False
12236173,2025-04-27T16:00:00+05:30,25.2,4,4,100.0,False
12236173,2025-04-27T17:00:00+05:30,24.4,4,4,100.0,False
12236173,2025-04-27T18:00:00+05:30,24.4,4,4,100.0,False
12236173,2025-04-27T19:00:00+05:30,24.6,4,4,100.0,False
12236173,2025-04-27T20:00:00+05:30,23.0,4,4,100.0,False
12236173,2025-04-27T21:00:00+05:30,23.7,4,4,100.0,False
12236173,2025-04-27T22:00:00+05:30,25.1,4,4,100.0,False
12236173,2025-04-28T01:00:00+05:30,24.4,4,4,100.0,False
12236173,2025-04-28T02:00:00+05:30,23.8,4,4,100.0,False
12236173,2025-04-28T03:00:00+05:30,24.2,4,4,100.0,False
12236173,2025-04-28T04:00:00+05:30,25.1,4,4,100.0,False
12236173,2025-04-28T05:00:00+05:30,24.4,4,4,100.0,False
12236173,2025-04-28T06:00:00+05:30,25.1,3,4,75.0,False
12236173,2025-04-28T07:00:00+05:30,25.3,4,4,100.0,False
12236173,2025-04-28T08:00:00+05:30,24.2,4,4,100.0,False
12236173,2025-04-28T09:00:00+05:30,23.9,4,4,100.0,False
12236173,2025-04-28T10:00:00+05:30,22.6,4,4,100.0,False
12236173,2025-04-28T11:00:00+05:30,22.4,4,4,100.0,False
12236173,2025-04-28T12:00:00+05:30,23.0,4,4,100.0,False
12236173,2025-04-28T13:00:00+05:30,22.4,4,4,100.0,False
12236173,2025-04-28T14:00:00+05:30,22.5,4,4,100.0,False
12236173,2025-04-28T15:00:00+05:30,22.4,4,4,100.0,False
12236173,2025-04-28T16:00:00+05:30,23.1,4,4,100.0,False
12236173,2025-04-28T17:00:00+05:30,21.4,4,4,100.0,False
12236173,2025-04-28T18:00:00+05:30,21.8,4,4,100.0,False
12236173,2025-04-28T19:00:00+05:30,22.6,4,4,100.0,False
12236173,2025-04-28T20:00:00+05:30,21.2,4,4,100.0,False
12236173,2025-04-28T21:00:00+05:30,21.8,4,4,100.0,False
12236173,2025-04-28T22:00:00+05:30,22.6,4,4,100.0,False
12236173,2025-04-29T01:00:00+05:30,23.4,4,4,100.0,False
12236173,2025-04-29T02:00:00+05:30,22.2,4,4,100.0,False
12236173,2025-04-29T03:00:00+05:30,23.3,4,4,100.0,False
12236173,2025-04-29T04:00:00+05:30,22.3,4,4,100.0,False
12236173,2025-04-29T05:00:00+05:30,21.2,4,4,100.0,False
12236173,2025-04-29T06:00:00+05:30,21.8,4,4,100.0,False
12236173,2025-04-29T07:00:00+05:30,23.1,3,4,75.0,False
12236173,2025-04-29T08:00:00+05:30,22.0,4,4,100.0,False
12236173,2025-04-29T09:00:00+05:30,22.6,4,4,100.0,False
12236173,2025-04-29T10:00:00+05:30,25.3,4,4,100.0,False
12236173,2025-04-29T11:00:00+05:30,26.5,4,4,100.0,False
12236173,2025-04-29T12:00:00+05:30,25.5,4,4,100.0,False
12236173,2025-04-29T13:00:00+05:30,27.2,4,4,100.0,False
12236173,2025-04-29T14:00:00+05:30,27.0,4,4,100.0,False
12236173,2025-04-29T15:00:00+05:30,26.6,4,4,100.0,False
12236173,2025-04-29T16:00:00+05:30,26.9,4,4,100.0,False
12236173,2025-04-29T17:00:00+05:30,26.2,3,4,75.0,False
12236173,2025-04-29T18:00:00+05:30,26.6,4,4,100.0,False
12236173,2025-04-30T01:00:00+05:30,25.4,4,4,100.0,False
12236173,2025-04-30T02:00:00+05:30,26.9,4,4,100.0,False
12236173,2025-04-30T03:00:00+05:30,26.5,4,4,100.0,False
12236173,2025-04-30T04:00:00+05:30,26.5,4,4,100.0,False
12236173,2025-04-30T05:00:00+05:30,27.3,3,4,75.0,False
12236173,2025-04-30T06:00:00+05:30,27.3,4,4,100.0,False
12236173,2025-04-30T07:00:00+05:30,25.5,4,4,100.0,False
12236173,2025-04-30T08:00:00+05:30,27.0,4,4,100.0,False
12236173,2025-04-30T09:00:00+05:30,28.3,4,4,100.0,False
12236173,2025-04-30T10:00:00+05:30,26.6,3,4,75.0,False
12236173,2025-04-30T11:00:00+05:30,26.2,4,4,100.0,False
12236173,2025-04-30T12:00:00+05:30,27.0,3,4,75.0,False
12236173,2025-04-30T13:00:00+05:30,26.9,4,4,100.0,False
12236173,2025-04-30T14:00:00+05:30,26.1,4,4,100.0,False
12236173,2025-04-30T15:00:00+05:30,25.1,4,4,100.0,False
12236173,2025-04-30T16:00:00+05:30,25.5,4,4,100.0,False
12236173,2025-04-30T17:00:00+05:30,27.6,4,4,100.0,False
12236173,2025-04-30T18:00:00+05:30,26.0,4,4,100.0,False
12236173,2025-04-30T19:00:00+05:30,25.9,4,4,100.0,False
12236173,2025-04-30T20:00:00+05:30,26.0,4,4,100.0,False
12236173,2025-04-30T21:00:00+05:30,26.0,4,4,100.0,False
12236173,2025-04-30T22:00:00+05:30,26.4,4,4,100.0,False
12236173,2025-05-01T01:00:00+05:30,24.8,4,4,100.0,False
12236173,2025-05-01T02:00:00+05:30,26.7,4,4,100.0,False
12236173,2025-05-01T03:00:00+05:30,27.0,4,4,100.0,False
12236173,2025-05-01T04:00:00+05:30,26.4,4,4,100.0,False
12236173,2025-05-01T05:00:00+05:30,26.9,4,4,100.0,False
12236173,2025-05-01T06:00:00+05:30,25.7,4,4,100.0,False
12236173,2025-05-01T07:00:00+05:30,26.5,4,4,100.0,False
12236173,2025-05-01T08:00:00+05:30,26.8,4,4,100.0,False
12236173,2025-05-01T09:00:00+05:30,27.7,4,4,100.0,False
12236173,2025-05-01T10:00:00+05:30,27.1,4,4,100.0,False
12236173,2025-05-01T11:00:00+05:30,26.9,4,4,100.0,False
12236173,2025-05-01T12:00:00+05:30,26.8,4,4,100.0,False
12236173,2025-05-01T13:00:00+05:30,26.3,4,4,100.0,False
12236173,2025-05-01T14:00:00+05:30,26.3,4,4,100.0,False
12236173,2025-05-01T15:00:00+05:30,24.5,4,4,100.0,False
12236173,2025-05-01T16:00:00+05:30,26.3,4,4,100.0,False
12236173,2025-05-01T17:00:00+05:30,26.2,4,4,100.0,False
12236173,2025-05-01T18:00:00+05:30,25.7,3,4,75.0,False
12236173,2025-05-01T19:00:00+05:30,27.1,4,4,100.0,False
12236173,2025-05-01T20:00:00+05:30,25.6,4,4,100.0,False
12236173,2025-05-01T21:00:00+05:30,26.1,4,4,100.0,False
12236173,2025-05-01T22:00:00+05:30,27.9,4,4,100.0,False
12236173,2025-05-02T01:00:00+05:30,26.3,4,4,100.0,False
12236173,2025-05-02T02:00:00+05:30,25.6,4,4,100.0,False
12236173,2025-05-02T03:00:00+05:30,27.3,4,4,100.0,False
12236173,2025-05-02T04:00:00+05:30,25.6,4,4,100.0,False
12236173,2025-05-02T05:00:00+05:30,24.5,4,4,100.0,False
12236173,2025-05-02T06:00:00+05:30,27.9,4,4,100.0,False
12236173,2025-05-02T07:00:00+05:30,27.0,4,4,100.0,False
12236173,2025-05-02T08:00:00+05:30,25.8,3,4,75.0,False
12236173,2025-05-02T10:00:00+05:30,25.0,4,4,100.0,False
12236173,2025-05-02T11:00:00+05:30,28.7,4,4,100.0,False
12236173,2025-05-02T12:00:00+05:30,30.6,4,4,100.0,False
12236173,2025-05-02T13:00:00+05:30,30.3,4,4,100.0,False
12236173,2025-05-02T14:00:00+05:30,29.9,4,4,100.0,False
12236173,2025-05-02T15:00:00+05:30,29.7,4,4,100.0,False
12236173,2025-05-02T16:00:00+05:30,29.7,4,4,100.0,False
12236173,2025-05-02T17:00:00+05:30,30.8,4,4,100.0,False
12236173,2025-05-02T18:00:00+05:30,30.4,3,4,75.0,False
12236173,2025-05-02T19:00:00+05:30,30.4,4,4,100.0,False
12236173,2025-05-02T20:00:00+05:30,31.0,4,4,100.0,False
12236173,2025-05-02T21:00:00+05:30,29.5,4,4,100.0,False
12236173,2025-05-02T22:00:00+05:30,30.7,4,4,100.0,False
12236173,2025-05-03T01:00:00+05:30,29.6,4,4,100.0,False
12236173,2025-05-03T02:00:00+05:30,31.0,4,4,100.0,False
12236173,2025-05-03T03:00:00+05:30,29.5,3,4,75.0,False
12236173,2025-05-03T04:00:00+05:30,30.7,4,4,100.0,False
12236173,2025-05-03T05:00:00+05:30,32.0,4,4,100.0,False
12236173,2025-05-03T06:00:00+05:30,29.9,4,4,100.0,False
12236173,2025-05-03T07:00:00+05:30,30.1,4,4,100.0,False
12236173,2025-05-03T08:00:00+05:30,30.7,4,4,100.0,False
12236173,2025-05-03T09:00:00+05:30,29.6,4,4,100.0,False
12236173,2025-05-03T10:00:00+05:30,30.7,4,4,100.0,False
12236173,2025-05-03T11:00:00+05:30,29.3,4,4,100.0,False
12236173,2025-05-03T12:00:00+05:30,31.0,4,4,100.0,False
12236173,2025-05-03T13:00:00+05:30,27.6,4,4,100.0,False
12236173,2025-05-03T14:00:00+05:30,24.3,4,4,100.0,False
12236173,2025-05-03T15:00:00+05:30,23.5,4,4,100.0,False
12236173,2025-05-03T16:00:00+05:30,24.4,4,4,100.0,False
12236173,2025-05-03T17:00:00+05:30,24.2,4,4,100.0,False
12236173,2025-05-03T18:00:00+05:30,23.8,3,4,75.0,False
12236173,2025-05-03T19:00:00+05:30,24.2,4,4,100.0,False
12236173,2025-05-03T20:00:00+05:30,24.3,4,4,100.0,False
12236173,2025-05-03T21:00:00+05:30,23.4,3,4,75.0,False
12236173,2025-05-04T01:00:00+05:30,23.5,4,4,100.0,False
12236173,2025-05-04T02:00:00+05:30,23.6,4,4,100.0,False
12236173,2025-05-04T03:00:00+05:30,24.7,4,4,100.0,False
12236173,2025-05-04T04:00:00+05:30,23.8,4,4,100.0,False
12236173,2025-05-04T05:00:00+05:30,23.6,4,4,100.0,False
12236173,2025-05-04T06:00:00+05:30,24.6,4,4,100.0,False
12236173,2025-05-04T07:00:00+05:30,25.0,4,4,100.0,False
12236173,2025-05-04T08:00:00+05:30,24.3,4,4,100.0,False
12236173,2025-05-04T09:00:00+05:30,23.8,4,4,100.0,False
12236173,2025-05-04T10:00:00+05:30,23.1,4,4,100.0,False
12236173,2025-05-04T11:00:00+05:30,23.3,4,4,100.0,False
12236173,2025-05-04T12:00:00+05:30,23.2,4,4,100.0,False
12236173,2025-05-04T13:00:00+05:30,24.6,4,4,100.0,False
12236173,2025-05-04T14:00:00+05:30,25.4,4,4,100.0,False
12236173,2025-05-04T15:00:00+05:30,24.7,4,4,100.0,False
12236173,2025-05-04T16:00:00+05:30,24.3,4,4,100.0,False
12236173,2025-05-04T17:00:00+05:30,23.1,4,4,100.0,False
12236173,2025-05-04T18:00:00+05:30,24.1,4,4,100.0,False
12236173,2025-05-04T19:00:00+05:30,25.5,4,4,100.0,False
12236173,2025-05-04T20:00:00+05:30,24.7,4,4,100.0,False
12236173,2025-05-04T21:00:00+05:30,24.6,4,4,100.0,False
12236173,2025-05-04T22:00:00+05:30,24.5,4,4,100.0,False
12236173,2025-05-05T01:00:00+05:30,24.1,4,4,100.0,False
12236173,2025-05-05T02:00:00+05:30,24.2,4,4,100.0,False
12236173,2025-05-05T03:00:00+05:30,25.0,4,4,100.0,False
12236173,2025-05-05T04:00:00+05:30,23.3,4,4,100.0,False
12236173,2025-05-05T07:00:00+05:30,24.7,4,4,100.0,False
12236173,2025-05-05T08:00:00+05:30,25.7,4,4,100.0,False
12236173,2025-05-05T09:00:00+05:30,25.0,4,4,100.0,False
12236173,2025-05-05T10:00:00+05:30,26.4,3,4,75.0,False
12236173,2025-05-05T11:00:00+05:30,23.5,3,4,75.0,False
12236173,2025-05-05T12:00:00+05:30,24.7,3,4,75.0,False
12236173,2025-05-05T13:00:00+05:30,24.2,4,4,100.0,False
12236173,2025-05-05T14:00:00+05:30,24.7,3,4,75.0,False
12236173,2025-05-05T15:00:00+05:30,23.0,4,4,100.0,False
12236173,2025-05-05T16:00:00+05:30,21.8,4,4,100.0,False
12236173,2025-05-05T17:00:00+05:30,20.7,4,4,100.0,False
12236173,2025-05-05T18:00:00+05:30,20.5,3,4,75.0,False
12236173,2025-05-05T19:00:00+05:30,20.9,4,4,100.0,False
12236173,2025-05-05T20:00:00+05:30,20.2,4,4,100.0,False
12236173,2025-05-05T21:00:00+05:30,20.4,4,4,100.0,False
12236173,2025-05-05T22:00:00+05:30,20.8,4,4,100.0,False
12236173,2025-05-06T01:00:00+05:30,20.4,4,4,100.0,False
12236173,2025-05-06T02:00:00+05:30,20.4,4,4,100.0,False
12236173,2025-05-06T03:00:00+05:30,20.0,3,4,75.0,False
12236173,2025-05-06T04:00:00+05:30,21.2,4,4,100.0,False
12236173,2025-05-06T05:00:00+05:30,21.2,4,4,100.0,False
12236173,2025-05-06T06:00:00+05:30,21.3,4,4,100.0,False
12236173,2025-05-06T07:00:00+05:30,21.0,4,4,100.0,False
12236173,2025-05-06T08:00:00+05:30,20.8,4,4,100.0,False
12236173,2025-05-06T09:00:00+05:30,20.0,4,4,100.0,False
12236173,2025-05-06T10:00:00+05:30,20.0,3,4,75.0,False
12236173,2025-05-06T11:00:00+05:30,20.5,4,4,100.0,False
12236173,2025-05-06T12:00:00+05:30,22.0,4,4,100.0,False
12236173,2025-05-06T13:00:00+05:30,21.0,4,4,100.0,False
12236173,2025-05-06T14:00:00+05:30,21.1,4,4,100.0,False
12236173,2025-05-06T15:00:00+05:30,19.6,4,4,100.0,False
12236173,2025-05-06T16:00:00+05:30,21.4,4,4,100.0,False
12236173,2025-05-06T17:00:00+05:30,21.1,4,4,100.0,False
12236173,2025-05-06T18:00:00+05:30,20.6,4,4,100.0,False
12236173,2025-05-06T19:00:00+05:30,21.9,4,4,100.0,False
12236173,2025-05-06T20:00:00+05:30,19.5,4,4,100.0,False
12236173,2025-05-06T21:00:00+05:30,20.4,4,4,100.0,False
12236173,2025-05-06T22:00:00+05:30,20.9,4,4,100.0,False
12236173,2025-05-07T01:00:00+05:30,22.1,4,4,100.0,False
12236173,2025-05-07T02:00:00+05:30,20.2,4,4,100.0,False
12236173,2025-05-07T03:00:00+05:30,19.6,4,4,100.0,False
12236173,2025-05-07T04:00:00+05:30,19.9,4,4,100.0,False
12236173,2025-05-07T05:00:00+05:30,20.3,4,4,100.0,False
12236173,2025-05-07T06:00:00+05:30,21.8,4,4,100.0,False
12236173,2025-05-07T07:00:00+05:30,21.2,4,4,100.0,False
12236173,2025-05-07T08:00:00+05:30,20.4,4,4,100.0,False
12236173,2025-05-07T09:00:00+05:30,19.7,4,4,100.0,False
12236173,2025-05-07T10:00:00+05:30,6.93,3,4,75.0,False
12236173,2025-05-07T11:00:00+05:30,6.25,4,4,100.0,False
12236173,2025-05-07T12:00:00+05:30,25.3,4,4,100.0,False
12236173,2025-05-07T13:00:00+05:30,27.0,4,4,100.0,False
12236173,2025-05-07T14:00:00+05:30,25.3,4,4,100.0,False
12236173,2025-05-07T15:00:00+05:30,26.7,4,4,100.0,False
12236173,2025-05-07T16:00:00+05:30,28.7,3,4,75.0,False
12236173,2025-05-07T20:00:00+05:30,28.2,4,4,100.0,False
12236173,2025-05-07T21:00:00+05:30,26.3,3,4,75.0,False
12236173,2025-05-07T22:00:00+05:30,27.4,4,4,100.0,False
12236173,2025-05-08T01:00:00+05:30,27.6,4,4,100.0,False
12236173,2025-05-08T02:00:00+05:30,25.8,3,4,75.0,False
12236173,2025-05-08T05:00:00+05:30,26.8,3,4,75.0,False
12236173,2025-05-08T07:00:00+05:30,26.2,4,4,100.0,False
12236173,2025-05-08T08:00:00+05:30,25.1,4,4,100.0,False
12236173,2025-05-08T09:00:00+05:30,26.8,3,4,75.0,False
12236173,2025-05-08T10:00:00+05:30,25.1,4,4,100.0,False
12236173,2025-05-08T11:00:00+05:30,27.0,4,4,100.0,False
12236173,2025-05-08T12:00:00+05:30,25.3,4,4,100.0,False
12236173,2025-05-08T13:00:00+05:30,26.7,4,4,100.0,False
12236173,2025-05-08T14:00:00+05:30,24.1,4,4,100.0,False
12236173,2025-05-08T15:00:00+05:30,24.2,4,4,100.0,False
12236173,2025-05-08T16:00:00+05:30,23.3,4,4,100.0,False
12236173,2025-05-08T17:00:00+05:30,24.3,4,4,100.0,False
12236173,2025-05-08T18:00:00+05:30,22.9,4,4,100.0,False
12236173,2025-05-08T21:00:00+05:30,23.8,4,4,100.0,False
12236173,2025-05-08T22:00:00+05:30,23.9,4,4,100.0,False
12236173,2025-05-09T01:00:00+05:30,23.3,4,4,100.0,False
12236173,2025-05-09T02:00:00+05:30,23.8,4,4,100.0,False
12236173,2025-05-09T03:00:00+05:30,24.1,4,4,100.0,False
12236173,2025-05-09T04:00:00+05:30,22.1,4,4,100.0,False
12236173,2025-05-09T05:00:00+05:30,22.8,4,4,100.0,False
12236173,2025-05-09T06:00:00+05:30,24.7,4,4,100.0,False
12236173,2025-05-09T07:00:00+05:30,22.9,3,4,75.0,False
12236173,2025-05-09T08:00:00+05:30,23.4,4,4,100.0,False
12236173,2025-05-09T09:00:00+05:30,23.0,4,4,100.0,False
12236173,2025-05-09T10:00:00+05:30,23.1,4,4,100.0,False
12236173,2025-05-09T11:00:00+05:30,21.9,4,4,100.0,False
12236173,2025-05-09T12:00:00+05:30,23.7,4,4,100.0,False
12236173,2025-05-09T13:00:00+05:30,22.4,4,4,100.0,False
12236173,2025-05-09T14:00:00+05:30,26.3,4,4,100.0,False
12236173,2025-05-09T15:00:00+05:30,26.5,4,4,100.0,False
12236173,2025-05-09T16:00:00+05:30,27.2,4,4,100.0,False
12236173,2025-05-09T17:00:00+05:30,26.0,4,4,100.0,False
12236173,2025-05-09T18:00:00+05:30,24.9,3,4,75.0,False
12236173,2025-05-09T19:00:00+05:30,25.1,4,4,100.0,False
12236173,2025-05-09T20:00:00+05:30,25.9,4,4,100.0,False
12236173,2025-05-09T21:00:00+05:30,25.5,4,4,100.0,False
12236173,2025-05-09T22:00:00+05:30,26.6,4,4,100.0,False
12236173,2025-05-10T01:00:00+05:30,26.8,4,4,100.0,False
12236173,2025-05-10T02:00:00+05:30,24.6,4,4,100.0,False
12236173,2025-05-10T03:00:00+05:30,25.3,4,4,100.0,False
12236173,2025-05-10T04:00:00+05:30,27.4,4,4,100.0,False
12236173,2025-05-10T05:00:00+05:30,27.0,4,4,100.0,False
12236173,2025-05-10T06:00:00+05:30,25.6,4,4,100.0,False
12236173,2025-05-10T07:00:00+05:30,25.1,4,4,100.0,False
12236173,2025-05-10T08:00:00+05:30,26.7,4,4,100.0,False
12236173,2025-05-10T09:00:00+05:30,26.3,4,4,100.0,False
12236173,2025-05-10T10:00:00+05:30,26.3,4,4,100.0,False
12236173,2025-05-10T11:00:00+05:30,28.4,4,4,100.0,False
12236173,2025-05-10T12:00:00+05:30,25.3,4,4,100.0,False
12236173,2025-05-10T13:00:00+05:30,26.9,4,4,100.0,False
12236173,2025-05-10T14:00:00+05:30,26.8,4,4,100.0,False
12236173,2025-05-10T15:00:00+05:30,26.6,4,4,100.0,False
12236173,2025-05-10T16:00:00+05:30,26.2,4,4,100.0,False
12236173,2025-05-10T17:00:00+05:30,26.2,4,4,100.0,False
12236173,2025-05-10T18:00:00+05:30,27.1,4,4,100.0,False
12236173,2025-05-10T19:00:00+05:30,26.8,4,4,100.0,False
12236173,2025-05-10T20:00:00+05:30,27.1,4,4,100.0,False
12236173,2025-05-10T21:00:00+05:30,26.3,4,4,100.0,False
12236173,2025-05-10T22:00:00+05:30,26.4,4,4,100.0,False
12236173,2025-05-11T03:00:00+05:30,20.1,4,4,100.0,False
12236173,2025-05-11T04:00:00+05:30,27.6,4,4,100.0,False
12236173,2025-05-11T05:00:00+05:30,25.8,4,4,100.0,False
12236173,2025-05-11T06:00:00+05:30,26.8,4,4,100.0,False
12236173,2025-05-11T07:00:00+05:30,27.3,4,4,100.0,False
12236173,2025-05-11T08:00:00+05:30,26.7,4,4,100.0,False
12236173,2025-05-11T09:00:00+05:30,26.3,4,4,100.0,False
12236173,2025-05-11T10:00:00+05:30,25.7,4,4,100.0,False
12236173,2025-05-11T11:00:00+05:30,26.5,4,4,100.0,False
12236173,2025-05-11T12:00:00+05:30,26.3,4,4,100.0,False
12236173,2025-05-11T13:00:00+05:30,24.5,4,4,100.0,False
12236173,2025-05-11T14:00:00+05:30,26.3,4,4,100.0,False
12236173,2025-05-11T15:00:00+05:30,26.9,4,4,100.0,False
12236173,2025-05-11T16:00:00+05:30,25.8,4,4,100.0,False
12236173,2025-05-11T17:00:00+05:30,27.2,4,4,100.0,False
12236173,2025-05-11T18:00:00+05:30,26.0,3,4,75.0,False
12236173,2025-05-11T19:00:00+05:30,26.0,4,4,100.0,False
12236173,2025-05-11T20:00:00+05:30,26.8,4,4,100.0,False
12236173,2025-05-11T21:00:00+05:30,26.8,4,4,100.0,False
12236173,2025-05-11T22:00:00+05:30,26.1,4,4,100.0,False
12236173,2025-05-12T01:00:00+05:30,25.3,4,4,100.0,False
12236173,2025-05-12T02:00:00+05:30,26.9,4,4,100.0,False
12236173,2025-05-12T03:00:00+05:30,26.1,4,4,100.0,False
12236173,2025-05-12T04:00:00+05:30,25.2,4,4,100.0,False
12236173,2025-05-12T05:00:00+05:30,25.5,4,4,100.0,False
12236173,2025-05-12T06:00:00+05:30,26.1,4,4,100.0,False
12236173,2025-05-12T07:00:00+05:30,25.8,4,4,100.0,False
12236173,2025-05-12T08:00:00+05:30,26.7,4,4,100.0,False
12236173,2025-05-12T09:00:00+05:30,25.5,4,4,100.0,False
12236173,2025-05-12T10:00:00+05:30,24.6,4,4,100.0,False
12236173,2025-05-12T11:00:00+05:30,24.2,4,4,100.0,False
12236173,2025-05-12T12:00:00+05:30,26.7,3,4,75.0,False
12236173,2025-05-12T13:00:00+05:30,25.1,3,4,75.0,False
12236173,2025-05-12T14:00:00+05:30,23.9,3,4,75.0,False
12236173,2025-05-12T15:00:00+05:30,24.1,4,4,100.0,False
12236173,2025-05-12T16:00:00+05:30,23.4,4,4,100.0,False
12236173,2025-05-12T17:00:00+05:30,24.2,4,4,100.0,False
12236173,2025-05-12T18:00:00+05:30,23.0,4,4,100.0,False
12236173,2025-05-12T20:00:00+05:30,24.3,3,4,75.0,False
12236173,2025-05-12T21:00:00+05:30,23.6,4,4,100.0,False
12236173,2025-05-12T22:00:00+05:30,24.8,3,4,75.0,False
12236173,2025-05-13T01:00:00+05:30,24.7,4,4,100.0,False
12236173,2025-05-13T02:00:00+05:30,25.1,3,4,75.0,False
12236173,2025-05-13T03:00:00+05:30,24.6,3,4,75.0,False
12236173,2025-05-13T04:00:00+05:30,24.0,4,4,100.0,False
12236173,2025-05-13T05:00:00+05:30,24.0,4,4,100.0,False
12236173,2025-05-13T06:00:00+05:30,24.1,4,4,100.0,False
12236173,2025-05-13T07:00:00+05:30,24.6,4,4,100.0,False
12236173,2025-05-13T08:00:00+05:30,25.2,4,4,100.0,False
12236173,2025-05-13T12:00:00+05:30,23.5,3,4,75.0,False
12236173,2025-05-13T13:00:00+05:30,23.3,4,4,100.0,False
12236173,2025-05-13T14:00:00+05:30,25.1,4,4,100.0,False
12236173,2025-05-13T15:00:00+05:30,21.9,4,4,100.0,False
12236173,2025-05-13T16:00:00+05:30,23.9,4,4,100.0,False
12236173,2025-05-13T17:00:00+05:30,24.1,4,4,100.0,False
12236173,2025-05-13T18:00:00+05:30,23.8,4,4,100.0,False
12236173,2025-05-13T19:00:00+05:30,24.9,4,4,100.0,False
12236173,2025-05-13T20:00:00+05:30,24.7,4,4,100.0,False
12236173,2025-05-13T21:00:00+05:30,24.4,4,4,100.0,False
12236173,2025-05-13T22:00:00+05:30,23.3,4,4,100.0,False
12236173,2025-05-14T01:00:00+05:30,24.8,4,4,100.0,False
12236173,2025-05-14T02:00:00+05:30,24.0,4,4,100.0,False
12236173,2025-05-14T03:00:00+05:30,24.5,3,4,75.0,False
12236173,2025-05-14T06:00:00+05:30,18.2,4,4,100.0,False
12236173,2025-05-14T07:00:00+05:30,23.3,4,4,100.0,False
12236173,2025-05-14T08:00:00+05:30,23.8,4,4,100.0,False
12236173,2025-05-14T09:00:00+05:30,22.9,4,4,100.0,False
12236173,2025-05-14T10:00:00+05:30,27.0,4,4,100.0,False
12236173,2025-05-14T11:00:00+05:30,29.7,4,4,100.0,False
12236173,2025-05-14T12:00:00+05:30,29.2,4,4,100.0,False
12236173,2025-05-14T13:00:00+05:30,28.1,4,4,100.0,False
12236173,2025-05-14T14:00:00+05:30,29.5,4,4,100.0,False
12236173,2025-05-14T15:00:00+05:30,28.0,4,4,100.0,False
12236173,2025-05-14T16:00:00+05:30,29.6,4,4,100.0,False
12236173,2025-05-14T18:00:00+05:30,29.2,4,4,100.0,False
12236173,2025-05-14T19:00:00+05:30,28.2,4,4,100.0,False
12236173,2025-05-14T20:00:00+05:30,28.8,4,4,100.0,False
12236173,2025-05-14T21:00:00+05:30,29.7,4,4,100.0,False
12236173,2025-05-14T22:00:00+05:30,27.8,4,4,100.0,False
12236173,2025-05-15T01:00:00+05:30,29.5,4,4,100.0,False
12236173,2025-05-15T02:00:00+05:30,28.9,3,4,75.0,False
12236173,2025-05-15T03:00:00+05:30,27.1,3,4,75.0,False
12236173,2025-05-15T04:00:00+05:30,29.8,4,4,100.0,False
12236173,2025-05-15T05:00:00+05:30,28.5,4,4,100.0,False
12236173,2025-05-15T06:00:00+05:30,28.8,4,4,100.0,False
12236173,2025-05-15T07:00:00+05:30,27.0,4,4,100.0,False
12236173,2025-05-15T08:00:00+05:30,19.4,3,4,75.0,False
12236173,2025-05-15T09:00:00+05:30,18.0,3,4,75.0,False
12236173,2025-05-15T10:00:00+05:30,29.7,4,4,100.0,False
12236173,2025-05-15T11:00:00+05:30,28.2,4,4,100.0,False
12236173,2025-05-15T12:00:00+05:30,30.1,4,4,100.0,False
12236173,2025-05-15T13:00:00+05:30,30.5,4,4,100.0,False
12236173,2025-05-15T14:00:00+05:30,30.2,4,4,100.0,False
12236173,2025-05-16T10:00:00+05:30,29.5,4,4,100.0,False
12236173,2025-05-16T11:00:00+05:30,30.3,4,4,100.0,False
12236173,2025-05-16T12:00:00+05:30,30.2,4,4,100.0,False
12236173,2025-05-16T13:00:00+05:30,30.5,4,4,100.0,False
12236173,2025-05-16T14:00:00+05:30,29.8,4,4,100.0,False
12236173,2025-05-16T15:00:00+05:30,24.5,4,4,100.0,False
12236173,2025-05-16T16:00:00+05:30,24.1,4,4,100.0,False
12236173,2025-05-16T17:00:00+05:30,26.9,4,4,100.0,False
12236173,2025-05-16T18:00:00+05:30,25.5,4,4,100.0,False
12236173,2025-05-16T19:00:00+05:30,26.3,4,4,100.0,False
12236173,2025-05-16T20:00:00+05:30,25.3,4,4,100.0,False
12236173,2025-05-16T21:00:00+05:30,25.0,4,4,100.0,False
12236173,2025-05-16T22:00:00+05:30,26.1,4,4,100.0,False
12236173,2025-05-17T01:00:00+05:30,24.9,4,4,100.0,False
12236173,2025-05-17T02:00:00+05:30,26.4,4,4,100.0,False
12236173,2025-05-17T03:00:00+05:30,25.4,3,4,75.0,False
12236173,2025-05-17T04:00:00+05:30,25.4,4,4,100.0,False
12236173,2025-05-17T05:00:00+05:30,25.4,4,4,100.0,False
12236173,2025-05-17T06:00:00+05:30,25.9,4,4,100.0,False
12236173,2025-05-17T07:00:00+05:30,25.5,4,4,100.0,False
12236173,2025-05-17T08:00:00+05:30,24.8,4,4,100.0,False
12236173,2025-05-17T09:00:00+05:30,24.3,4,4,100.0,False
12236173,2025-05-17T10:00:00+05:30,26.3,4,4,100.0,False
12236173,2025-05-17T11:00:00+05:30,19.8,4,4,100.0,False
12236173,2025-05-17T12:00:00+05:30,19.2,4,4,100.0,False
12236173,2025-05-17T13:00:00+05:30,20.4,4,4,100.0,False
12236173,2025-05-17T14:00:00+05:30,20.1,4,4,100.0,False
12236173,2025-05-17T15:00:00+05:30,18.1,4,4,100.0,False
12236173,2025-05-17T16:00:00+05:30,19.4,4,4,100.0,False
12236173,2025-05-17T17:00:00+05:30,18.8,4,4,100.0,False
12236173,2025-05-17T18:00:00+05:30,18.6,4,4,100.0,False
12236173,2025-05-17T19:00:00+05:30,20.1,4,4,100.0,False
12236173,2025-05-17T20:00:00+05:30,19.3,4,4,100.0,False
12236173,2025-05-17T21:00:00+05:30,18.9,4,4,100.0,False
12236173,2025-05-17T22:00:00+05:30,18.9,4,4,100.0,False
12236173,2025-05-18T01:00:00+05:30,19.7,4,4,100.0,False
12236173,2025-05-18T02:00:00+05:30,19.0,4,4,100.0,False
12236173,2025-05-18T03:00:00+05:30,18.9,4,4,100.0,False
12236173,2025-05-18T04:00:00+05:30,19.6,4,4,100.0,False
12236173,2025-05-18T05:00:00+05:30,19.7,4,4,100.0,False
12236173,2025-05-18T06:00:00+05:30,19.6,4,4,100.0,False
12236173,2025-05-18T07:00:00+05:30,18.9,4,4,100.0,False
12236173,2025-05-18T08:00:00+05:30,19.2,4,4,100.0,False
12236173,2025-05-18T09:00:00+05:30,19.4,4,4,100.0,False
12236173,2025-05-18T10:00:00+05:30,18.4,4,4,100.0,False
12236173,2025-05-18T11:00:00+05:30,19.5,4,4,100.0,False
12236173,2025-05-18T12:00:00+05:30,20.0,4,4,100.0,False
12236173,2025-05-18T13:00:00+05:30,20.0,4,4,100.0,False
12236173,2025-05-18T14:00:00+05:30,18.9,4,4,100.0,False
12236173,2025-05-18T15:00:00+05:30,14.2,4,4,100.0,False
12236173,2025-05-18T16:00:00+05:30,19.0,4,4,100.0,False
12236173,2025-05-18T17:00:00+05:30,20.2,4,4,100.0,False
12236173,2025-05-18T18:00:00+05:30,18.1,4,4,100.0,False
12236173,2025-05-18T19:00:00+05:30,19.1,4,4,100.0,False
12236173,2025-05-18T20:00:00+05:30,19.2,4,4,100.0,False
12236173,2025-05-18T21:00:00+05:30,18.6,4,4,100.0,False
12236173,2025-05-18T22:00:00+05:30,19.4,4,4,100.0,False
12236173,2025-05-19T01:00:00+05:30,19.0,4,4,100.0,False
12236173,2025-05-19T02:00:00+05:30,19.2,4,4,100.0,False
12236173,2025-05-19T03:00:00+05:30,20.0,4,4,100.0,False
12236173,2025-05-19T04:00:00+05:30,19.4,3,4,75.0,False
12236173,2025-05-19T05:00:00+05:30,20.4,4,4,100.0,False
12236173,2025-05-19T06:00:00+05:30,19.1,4,4,100.0,False
12236173,2025-05-19T07:00:00+05:30,19.0,4,4,100.0,False
12236173,2025-05-19T08:00:00+05:30,19.3,4,4,100.0,False
12236173,2025-05-19T09:00:00+05:30,17.8,4,4,100.0,False
12236173,2025-05-19T10:00:00+05:30,19.0,4,4,100.0,False
12236173,2025-05-19T13:00:00+05:30,18.9,4,4,100.0,False
12236173,2025-05-19T14:00:00+05:30,19.7,3,4,75.0,False
12236173,2025-05-19T17:00:00+05:30,20.0,3,4,75.0,False
12236173,2025-05-19T18:00:00+05:30,19.7,4,4,100.0,False
12236173,2025-05-19T19:00:00+05:30,20.3,3,4,75.0,False
12236173,2025-05-19T20:00:00+05:30,19.0,4,4,100.0,False
12236173,2025-05-19T21:00:00+05:30,20.7,4,4,100.0,False
12236173,2025-05-19T22:00:00+05:30,18.9,4,4,100.0,False
12236173,2025-05-20T01:00:00+05:30,18.6,4,4,100.0,False
12236173,2025-05-20T02:00:00+05:30,18.2,4,4,100.0,False
12236173,2025-05-20T03:00:00+05:30,19.0,4,4,100.0,False
12236173,2025-05-20T04:00:00+05:30,19.5,3,4,75.0,False
12236173,2025-05-20T05:00:00+05:30,19.4,4,4,100.0,False
12236173,2025-05-20T06:00:00+05:30,19.9,4,4,100.0,False
12236173,2025-05-20T07:00:00+05:30,19.8,4,4,100.0,False
12236173,2025-05-20T08:00:00+05:30,19.4,4,4,100.0,False
12236173,2025-05-20T09:00:00+05:30,19.7,4,4,100.0,False
12236173,2025-05-20T10:00:00+05:30,18.6,4,4,100.0,False
12236173,2025-05-20T11:00:00+05:30,18.8,4,4,100.0,False
12236173,2025-05-20T12:00:00+05:30,22.9,4,4,100.0,False
12236173,2025-05-20T13:00:00+05:30,21.9,3,4,75.0,False
12236173,2025-05-20T17:00:00+05:30,21.4,4,4,100.0,False
12236173,2025-05-20T18:00:00+05:30,22.1,4,4,100.0,False
12236173,2025-05-20T22:00:00+05:30,20.9,4,4,100.0,False
12236173,2025-05-21T01:00:00+05:30,22.7,4,4,100.0,False
12236173,2025-05-21T02:00:00+05:30,22.5,4,4,100.0,False
12236173,2025-05-21T03:00:00+05:30,21.4,4,4,100.0,False
12236173,2025-05-21T04:00:00+05:30,22.3,4,4,100.0,False
12236173,2025-05-21T05:00:00+05:30,22.4,4,4,100.0,False
12236173,2025-05-21T06:00:00+05:30,21.8,4,4,100.0,False
12236173,2025-05-21T07:00:00+05:30,22.3,4,4,100.0,False
12236173,2025-05-21T08:00:00+05:30,22.3,4,4,100.0,False
12236173,2025-05-21T09:00:00+05:30,22.1,3,4,75.0,False
12236173,2025-05-21T12:00:00+05:30,22.7,4,4,100.0,False
12236173,2025-05-21T13:00:00+05:30,21.3,4,4,100.0,False
12236173,2025-05-21T14:00:00+05:30,21.3,4,4,100.0,False
12236173,2025-05-21T17:00:00+05:30,17.7,4,4,100.0,False
12236173,2025-05-21T18:00:00+05:30,17.4,4,4,100.0,False
12236173,2025-05-21T19:00:00+05:30,17.3,3,4,75.0,False
12236173,2025-05-21T22:00:00+05:30,18.8,4,4,100.0,False
12236173,2025-05-22T01:00:00+05:30,17.6,4,4,100.0,False
12236173,2025-05-22T02:00:00+05:30,17.7,4,4,100.0,False
12236173,2025-05-22T03:00:00+05:30,18.6,4,4,100.0,False
12236173,2025-05-22T04:00:00+05:30,19.4,4,4,100.0,False
12236173,2025-05-22T05:00:00+05:30,17.7,4,4,100.0,False
12236173,2025-05-22T06:00:00+05:30,18.9,4,4,100.0,False
12236173,2025-05-22T07:00:00+05:30,18.2,4,4,100.0,False
12236173,2025-05-22T08:00:00+05:30,19.1,4,4,100.0,False
12236173,2025-05-22T09:00:00+05:30,18.2,4,4,100.0,False
12236173,2025-05-22T10:00:00+05:30,18.5,4,4,100.0,False
12236173,2025-05-22T11:00:00+05:30,17.9,3,4,75.0,False
12236173,2025-05-22T12:00:00+05:30,18.3,4,4,100.0,False
12236173,2025-05-22T13:00:00+05:30,17.1,4,4,100.0,False
12236173,2025-05-22T14:00:00+05:30,19.1,4,4,100.0,False
12236173,2025-05-22T17:00:00+05:30,21.8,4,4,100.0,False
12236173,2025-05-22T18:00:00+05:30,21.3,4,4,100.0,False
12236173,2025-05-22T21:00:00+05:30,21.2,4,4,100.0,False
12236173,2025-05-22T22:00:00+05:30,20.6,4,4,100.0,False
12236173,2025-05-23T01:00:00+05:30,22.0,4,4,100.0,False
12236173,2025-05-23T02:00:00+05:30,20.4,3,4,75.0,False
12236173,2025-05-23T03:00:00+05:30,21.8,4,4,100.0,False
12236173,2025-05-23T04:00:00+05:30,20.8,4,4,100.0,False
12236173,2025-05-23T05:00:00+05:30,21.4,4,4,100.0,False
12236173,2025-05-23T06:00:00+05:30,21.3,4,4,100.0,False
12236173,2025-05-23T07:00:00+05:30,21.7,4,4,100.0,False
12236173,2025-05-23T08:00:00+05:30,21.8,4,4,100.0,False
12236173,2025-05-23T09:00:00+05:30,21.3,4,4,100.0,False
12236173,2025-05-23T10:00:00+05:30,20.9,4,4,100.0,False
12236173,2025-05-23T13:00:00+05:30,20.5,4,4,100.0,False
12236173,2025-05-23T14:00:00+05:30,21.5,4,4,100.0,False
12236173,2025-05-23T17:00:00+05:30,20.9,4,4,100.0,False
12236173,2025-05-23T18:00:00+05:30,21.9,4,4,100.0,False
12236173,2025-06-10T13:00:00+05:30,23.8,3,4,75.0,False
12236173,2025-06-10T14:00:00+05:30,24.3,4,4,100.0,False
12236173,2025-06-10T15:00:00+05:30,23.4,4,4,100.0,False
12236173,2025-06-10T16:00:00+05:30,22.1,4,4,100.0,False
12236173,2025-06-10T19:00:00+05:30,21.7,4,4,100.0,False
12236173,2025-06-10T20:00:00+05:30,18.9,4,4,100.0,False
12236173,2025-06-10T21:00:00+05:30,21.1,4,4,100.0,False
12236173,2025-06-10T22:00:00+05:30,21.7,4,4,100.0,False
12236173,2025-06-11T01:00:00+05:30,21.9,4,4,100.0,False
12236173,2025-06-11T02:00:00+05:30,21.5,4,4,100.0,False
12236173,2025-06-11T03:00:00+05:30,21.8,4,4,100.0,False
12236173,2025-06-11T04:00:00+05:30,22.6,4,4,100.0,False
12236173,2025-06-11T05:00:00+05:30,20.7,4,4,100.0,False
12236173,2025-06-11T06:00:00+05:30,21.6,4,4,100.0,False
12236173,2025-06-11T07:00:00+05:30,22.0,4,4,100.0,False
12236173,2025-06-11T08:00:00+05:30,22.9,4,4,100.0,False
12236173,2025-06-11T09:00:00+05:30,20.7,4,4,100.0,False
12236173,2025-06-11T10:00:00+05:30,21.6,4,4,100.0,False
12236173,2025-06-11T11:00:00+05:30,20.5,4,4,100.0,False
12236173,2025-06-11T12:00:00+05:30,20.0,4,4,100.0,False
12236173,2025-06-11T15:00:00+05:30,20.4,4,4,100.0,False
12236173,2025-06-11T16:00:00+05:30,19.8,4,4,100.0,False
12236173,2025-06-11T17:00:00+05:30,19.0,4,4,100.0,False
12236173,2025-06-11T18:00:00+05:30,19.8,4,4,100.0,False
12236173,2025-06-11T19:00:00+05:30,21.1,4,4,100.0,False
12236173,2025-06-11T20:00:00+05:30,21.0,4,4,100.0,False
12236173,2025-06-11T21:00:00+05:30,19.5,4,4,100.0,False
12236173,2025-06-11T22:00:00+05:30,21.2,4,4,100.0,False
12236173,2025-06-12T11:00:00+05:30,20.8,4,4,100.0,False
12236173,2025-06-12T12:00:00+05:30,20.8,3,4,75.0,False
12236173,2025-06-12T13:00:00+05:30,20.7,4,4,100.0,False
12236173,2025-06-12T14:00:00+05:30,19.1,4,4,100.0,False
12236173,2025-06-12T15:00:00+05:30,22.6,4,4,100.0,False
12236173,2025-06-12T16:00:00+05:30,22.8,4,4,100.0,False
12236173,2025-06-12T17:00:00+05:30,23.6,4,4,100.0,False
12236173,2025-06-12T18:00:00+05:30,22.6,4,4,100.0,False
12236173,2025-06-12T19:00:00+05:30,24.1,4,4,100.0,False
12236173,2025-06-12T20:00:00+05:30,24.6,4,4,100.0,False
12236173,2025-06-12T21:00:00+05:30,24.8,4,4,100.0,False
12236173,2025-06-12T22:00:00+05:30,23.3,3,4,75.0,False
12236173,2025-06-13T01:00:00+05:30,22.5,4,4,100.0,False
12236173,2025-06-13T02:00:00+05:30,25.2,4,4,100.0,False
12236173,2025-06-13T03:00:00+05:30,25.1,3,4,75.0,False
12236173,2025-06-13T05:00:00+05:30,25.3,4,4,100.0,False
12236173,2025-06-13T06:00:00+05:30,24.6,4,4,100.0,False
12236173,2025-06-13T07:00:00+05:30,24.0,4,4,100.0,False
12236173,2025-06-13T08:00:00+05:30,23.6,4,4,100.0,False
12236173,2025-06-13T09:00:00+05:30,24.6,4,4,100.0,False
12236173,2025-06-13T10:00:00+05:30,23.2,4,4,100.0,False
12236173,2025-06-13T11:00:00+05:30,19.7,4,4,100.0,False
12236173,2025-06-13T12:00:00+05:30,19.7,4,4,100.0,False
12236173,2025-06-13T13:00:00+05:30,19.4,4,4,100.0,False
12236173,2025-06-13T16:00:00+05:30,6.56,3,4,75.0,False
12236173,2025-06-13T17:00:00+05:30,19.4,4,4,100.0,False
12236173,2025-06-13T18:00:00+05:30,19.1,4,4,100.0,False
12236173,2025-06-13T19:00:00+05:30,18.6,4,4,100.0,False
12236173,2025-06-13T20:00:00+05:30,19.4,4,4,100.0,False
12236173,2025-06-13T21:00:00+05:30,19.2,4,4,100.0,False
12236173,2025-06-13T22:00:00+05:30,19.1,4,4,100.0,False
12236173,2025-06-14T01:00:00+05:30,18.2,4,4,100.0,False
12236173,2025-06-14T02:00:00+05:30,19.3,4,4,100.0,False
12236173,2025-06-14T03:00:00+05:30,18.8,3,4,75.0,False
12236173,2025-06-14T04:00:00+05:30,18.4,4,4,100.0,False
12236173,2025-06-14T05:00:00+05:30,19.3,4,4,100.0,False
12236173,2025-06-14T06:00:00+05:30,18.9,4,4,100.0,False
12236173,2025-06-14T07:00:00+05:30,20.3,4,4,100.0,False
12236173,2025-06-14T08:00:00+05:30,19.1,4,4,100.0,False
12236173,2025-06-16T11:00:00+05:30,17.1,3,4,75.0,False
12236173,2025-06-16T13:00:00+05:30,15.9,4,4,100.0,False
12236173,2025-06-16T14:00:00+05:30,16.4,4,4,100.0,False
12236173,2025-06-16T15:00:00+05:30,17.0,4,4,100.0,False
12236173,2025-06-16T16:00:00+05:30,17.5,4,4,100.0,False
12236173,2025-06-16T17:00:00+05:30,17.4,4,4,100.0,False
12236173,2025-06-16T18:00:00+05:30,16.5,4,4,100.0,False
12236173,2025-06-16T19:00:00+05:30,15.8,4,4,100.0,False
12236173,2025-06-16T20:00:00+05:30,16.6,4,4,100.0,False
12236173,2025-06-16T21:00:00+05:30,16.3,4,4,100.0,False
12236173,2025-06-16T22:00:00+05:30,16.2,3,4,75.0,False
12236173,2025-06-17T01:00:00+05:30,16.2,4,4,100.0,False
12236173,2025-06-17T02:00:00+05:30,16.2,4,4,100.0,False
12236173,2025-06-17T03:00:00+05:30,17.3,3,4,75.0,False
12236173,2025-06-17T04:00:00+05:30,16.2,3,4,75.0,False
12236173,2025-06-18T12:00:00+05:30,20.9,4,4,100.0,False
12236173,2025-06-18T13:00:00+05:30,20.7,4,4,100.0,False
12236173,2025-06-18T14:00:00+05:30,21.3,4,4,100.0,False
12236173,2025-06-18T15:00:00+05:30,22.8,4,4,100.0,False
12236173,2025-06-18T16:00:00+05:30,20.6,4,4,100.0,False
12236173,2025-06-18T20:00:00+05:30,20.8,4,4,100.0,False
12236173,2025-06-18T21:00:00+05:30,21.5,4,4,100.0,False
12236173,2025-06-18T22:00:00+05:30,22.3,4,4,100.0,False
12236173,2025-06-19T11:00:00+05:30,22.0,4,4,100.0,False
12236173,2025-06-19T12:00:00+05:30,22.2,4,4,100.0,False
12236173,2025-06-19T15:00:00+05:30,16.1,4,4,100.0,False
12236173,2025-06-19T16:00:00+05:30,20.8,4,4,100.0,False
12236173,2025-06-19T17:00:00+05:30,19.6,4,4,100.0,False
12236173,2025-06-19T18:00:00+05:30,21.8,4,4,100.0,False
12236173,2025-06-19T19:00:00+05:30,21.2,4,4,100.0,False
12236173,2025-06-19T20:00:00+05:30,20.7,4,4,100.0,False
12236173,2025-06-19T21:00:00+05:30,22.3,4,4,100.0,False
12236173,2025-06-19T22:00:00+05:30,21.0,4,4,100.0,False
12236173,2025-06-20T01:00:00+05:30,21.4,4,4,100.0,False
12236173,2025-06-20T02:00:00+05:30,21.3,4,4,100.0,False
12236173,2025-06-20T03:00:00+05:30,20.9,4,4,100.0,False
12236173,2025-06-20T04:00:00+05:30,20.3,4,4,100.0,False
12236173,2025-06-20T05:00:00+05:30,21.8,4,4,100.0,False
12236173,2025-06-20T06:00:00+05:30,21.8,4,4,100.0,False
12236173,2025-06-20T07:00:00+05:30,20.9,4,4,100.0,False
12236173,2025-06-20T08:00:00+05:30,21.5,4,4,100.0,False
12236173,2025-06-20T09:00:00+05:30,20.0,3,4,75.0,False
12236173,2025-06-20T10:00:00+05:30,21.5,4,4,100.0,False
12236173,2025-06-20T11:00:00+05:30,20.7,4,4,100.0,False
12236173,2025-06-20T12:00:00+05:30,21.7,3,4,75.0,False
12236173,2025-06-20T13:00:00+05:30,22.0,4,4,100.0,False
12236173,2025-06-20T14:00:00+05:30,21.1,4,4,100.0,False
12236173,2025-06-20T15:00:00+05:30,21.1,4,4,100.0,False
12236173,2025-06-20T16:00:00+05:30,20.2,3,4,75.0,False
12236173,2025-06-20T17:00:00+05:30,22.8,4,4,100.0,False
12236173,2025-06-20T18:00:00+05:30,21.0,4,4,100.0,False
12236173,2025-06-20T19:00:00+05:30,21.6,4,4,100.0,False
12236173,2025-06-20T20:00:00+05:30,22.5,4,4,100.0,False
12236173,2025-06-20T21:00:00+05:30,21.2,4,4,100.0,False
12236173,2025-06-20T22:00:00+05:30,20.1,4,4,100.0,False
12236173,2025-06-21T01:00:00+05:30,20.7,4,4,100.0,False
12236173,2025-06-21T02:00:00+05:30,21.1,4,4,100.0,False
12236173,2025-06-21T03:00:00+05:30,21.1,4,4,100.0,False
12236173,2025-06-21T04:00:00+05:30,20.7,4,4,100.0,False
12236173,2025-06-21T05:00:00+05:30,21.1,4,4,100.0,False
12236173,2025-06-21T06:00:00+05:30,21.5,4,4,100.0,False
12236173,2025-06-21T07:00:00+05:30,22.7,3,4,75.0,False
12236173,2025-06-21T13:00:00+05:30,21.8,3,4,75.0,False
12236173,2025-06-21T14:00:00+05:30,20.1,4,4,100.0,False
12236173,2025-06-21T15:00:00+05:30,22.4,4,4,100.0,False
12236173,2025-06-21T16:00:00+05:30,20.5,4,4,100.0,False
12236173,2025-06-21T17:00:00+05:30,20.5,4,4,100.0,False
12236173,2025-06-21T18:00:00+05:30,22.7,4,4,100.0,False
12236173,2025-06-21T21:00:00+05:30,21.6,3,4,75.0,False
12236173,2025-06-21T22:00:00+05:30,20.9,4,4,100.0,False
12236173,2025-06-22T01:00:00+05:30,21.6,4,4,100.0,False
12236173,2025-06-22T02:00:00+05:30,23.0,4,4,100.0,False
12236173,2025-06-22T03:00:00+05:30,20.7,3,4,75.0,False
12236173,2025-06-22T04:00:00+05:30,20.4,4,4,100.0,False
12236173,2025-06-22T08:00:00+05:30,21.6,4,4,100.0,False
12236173,2025-06-22T09:00:00+05:30,20.8,3,4,75.0,False
12236173,2025-06-22T10:00:00+05:30,22.5,4,4,100.0,False
12236173,2025-06-22T11:00:00+05:30,21.5,4,4,100.0,False
12236173,2025-06-22T12:00:00+05:30,21.3,4,4,100.0,False
12236173,2025-06-22T13:00:00+05:30,21.3,4,4,100.0,False
12236173,2025-06-22T15:00:00+05:30,21.2,4,4,100.0,False
12236173,2025-06-22T16:00:00+05:30,21.2,4,4,100.0,False
12236173,2025-06-22T17:00:00+05:30,21.3,4,4,100.0,False
12236173,2025-06-22T18:00:00+05:30,21.6,4,4,100.0,False
12236173,2025-06-22T19:00:00+05:30,20.8,4,4,100.0,False
12236173,2025-06-22T20:00:00+05:30,21.2,4,4,100.0,False
12236173,2025-06-22T21:00:00+05:30,20.9,3,4,75.0,False
12236173,2025-06-22T22:00:00+05:30,21.3,4,4,100.0,False
12236173,2025-06-23T03:00:00+05:30,21.2,4,4,100.0,False
12236173,2025-06-23T04:00:00+05:30,21.4,4,4,100.0,False
12236173,2025-06-23T05:00:00+05:30,20.2,3,4,75.0,False
12236173,2025-06-23T06:00:00+05:30,21.5,4,4,100.0,False
12236173,2025-06-23T07:00:00+05:30,20.9,4,4,100.0,False
12236173,2025-06-23T08:00:00+05:30,20.5,4,4,100.0,False
12236173,2025-06-23T09:00:00+05:30,22.1,4,4,100.0,False
12236173,2025-06-23T10:00:00+05:30,21.5,4,4,100.0,False
12236173,2025-06-23T11:00:00+05:30,20.9,4,4,100.0,False
12236173,2025-06-23T12:00:00+05:30,24.1,3,4,75.0,False
12236173,2025-06-23T13:00:00+05:30,24.3,4,4,100.0,False
12236173,2025-06-23T14:00:00+05:30,24.7,4,4,100.0,False
12236173,2025-06-23T15:00:00+05:30,24.5,4,4,100.0,False
12236173,2025-06-23T16:00:00+05:30,24.9,4,4,100.0,False
12236173,2025-06-23T17:00:00+05:30,25.6,4,4,100.0,False
12236173,2025-06-23T18:00:00+05:30,24.8,4,4,100.0,False
12236173,2025-06-23T19:00:00+05:30,23.4,4,4,100.0,False
12236173,2025-06-23T20:00:00+05:30,24.2,4,4,100.0,False
12236173,2025-06-23T21:00:00+05:30,24.3,4,4,100.0,False
12236173,2025-06-23T22:00:00+05:30,23.2,4,4,100.0,False
12236173,2025-06-24T01:00:00+05:30,24.5,4,4,100.0,False
12236173,2025-06-24T02:00:00+05:30,24.9,4,4,100.0,False
12236173,2025-06-24T03:00:00+05:30,23.9,4,4,100.0,False
12236173,2025-06-24T04:00:00+05:30,23.4,4,4,100.0,False
12236173,2025-06-24T05:00:00+05:30,24.5,4,4,100.0,False
12236173,2025-06-24T06:00:00+05:30,24.6,4,4,100.0,False
12236173,2025-06-24T07:00:00+05:30,24.2,4,4,100.0,False
12236173,2025-06-24T08:00:00+05:30,24.6,4,4,100.0,False
12236173,2025-06-24T09:00:00+05:30,24.0,4,4,100.0,False
12236173,2025-06-24T10:00:00+05:30,24.2,4,4,100.0,False
12236173,2025-06-24T11:00:00+05:30,25.7,4,4,100.0,False
12236173,2025-06-24T12:00:00+05:30,24.1,3,4,75.0,False
12236173,2025-06-24T13:00:00+05:30,24.0,4,4,100.0,False
12236173,2025-06-24T18:00:00+05:30,20.6,4,4,100.0,False
12236173,2025-06-24T21:00:00+05:30,20.9,4,4,100.0,False
12236173,2025-06-24T22:00:00+05:30,19.2,4,4,100.0,False
12236173,2025-06-25T13:00:00+05:30,24.9,4,4,100.0,False
12236173,2025-06-25T14:00:00+05:30,24.1,4,4,100.0,False
12236173,2025-06-25T15:00:00+05:30,25.2,4,4,100.0,False
12236173,2025-06-25T16:00:00+05:30,25.2,3,4,75.0,False
12236173,2025-06-25T17:00:00+05:30,26.1,4,4,100.0,False
12236173,2025-06-25T21:00:00+05:30,25.5,3,4,75.0,False
12236173,2025-06-25T22:00:00+05:30,24.6,4,4,100.0,False
12236173,2025-06-26T01:00:00+05:30,25.4,4,4,100.0,False
12236173,2025-06-26T02:00:00+05:30,25.7,4,4,100.0,False
12236173,2025-06-26T03:00:00+05:30,24.7,3,4,75.0,False
12236173,2025-06-26T04:00:00+05:30,26.5,4,4,100.0,False
12236173,2025-06-26T05:00:00+05:30,26.1,4,4,100.0,False
12236173,2025-06-26T06:00:00+05:30,26.1,4,4,100.0,False
12236173,2025-06-26T07:00:00+05:30,26.1,4,4,100.0,False
12236173,2025-06-26T08:00:00+05:30,24.7,4,4,100.0,False
12236173,2025-06-26T11:00:00+05:30,8.22,3,4,75.0,False
12236173,2025-06-26T12:00:00+05:30,14.9,4,4,100.0,False
12236173,2025-06-26T13:00:00+05:30,14.7,4,4,100.0,False
12236173,2025-06-26T14:00:00+05:30,15.3,4,4,100.0,False
12236173,2025-06-26T15:00:00+05:30,15.3,4,4,100.0,False
12236173,2025-06-26T16:00:00+05:30,15.0,4,4,100.0,False
12236173,2025-06-26T17:00:00+05:30,15.8,3,4,75.0,False
12236173,2025-06-26T18:00:00+05:30,15.0,4,4,100.0,False
12236173,2025-06-26T19:00:00+05:30,15.9,4,4,100.0,False
12236173,2025-06-26T20:00:00+05:30,14.9,4,4,100.0,False
12236173,2025-06-26T21:00:00+05:30,15.2,4,4,100.0,False
12236173,2025-06-26T22:00:00+05:30,15.9,3,4,75.0,False
12236173,2025-06-27T01:00:00+05:30,15.2,4,4,100.0,False
12236173,2025-06-27T02:00:00+05:30,14.9,4,4,100.0,False
12236173,2025-06-27T03:00:00+05:30,15.9,4,4,100.0,False
12236173,2025-06-27T04:00:00+05:30,16.3,4,4,100.0,False
12236173,2025-06-27T05:00:00+05:30,15.6,4,4,100.0,False
12236173,2025-06-27T06:00:00+05:30,15.6,4,4,100.0,False
12236173,2025-06-27T07:00:00+05:30,15.5,4,4,100.0,False
12236173,2025-06-27T08:00:00+05:30,15.4,4,4,100.0,False
12236173,2025-06-27T09:00:00+05:30,15.2,4,4,100.0,False
12236173,2025-06-27T10:00:00+05:30,16.3,3,4,75.0,False
12236173,2025-06-27T11:00:00+05:30,14.9,4,4,100.0,False
12236173,2025-06-27T12:00:00+05:30,16.7,4,4,100.0,False
12236173,2025-06-27T13:00:00+05:30,21.1,4,4,100.0,False
12236173,2025-06-27T14:00:00+05:30,19.9,4,4,100.0,False
12236173,2025-06-27T17:00:00+05:30,20.5,4,4,100.0,False
12236173,2025-06-27T18:00:00+05:30,19.9,4,4,100.0,False
12236173,2025-06-27T19:00:00+05:30,19.7,4,4,100.0,False
12236173,2025-06-28T06:00:00+05:30,19.8,4,4,100.0,False
12236173,2025-06-28T07:00:00+05:30,20.3,4,4,100.0,False
12236173,2025-06-28T08:00:00+05:30,20.5,4,4,100.0,False
12236173,2025-06-28T09:00:00+05:30,20.2,4,4,100.0,False
12236173,2025-06-28T10:00:00+05:30,20.4,4,4,100.0,False
12236173,2025-06-28T11:00:00+05:30,19.9,4,4,100.0,False
12236173,2025-06-28T12:00:00+05:30,20.3,4,4,100.0,False
12236173,2025-06-28T13:00:00+05:30,21.3,4,4,100.0,False
12236173,2025-06-28T14:00:00+05:30,19.7,4,4,100.0,False
12236173,2025-06-28T15:00:00+05:30,20.7,4,4,100.0,False
12236173,2025-06-28T16:00:00+05:30,21.1,4,4,100.0,False
12236173,2025-06-28T17:00:00+05:30,21.5,4,4,100.0,False
12236173,2025-06-28T18:00:00+05:30,20.6,4,4,100.0,False
12236173,2025-06-28T19:00:00+05:30,20.8,4,4,100.0,False
12236173,2025-06-28T20:00:00+05:30,21.1,4,4,100.0,False
12236173,2025-06-28T21:00:00+05:30,21.1,4,4,100.0,False
12236173,2025-06-28T22:00:00+05:30,19.7,4,4,100.0,False
12236173,2025-06-29T01:00:00+05:30,19.7,4,4,100.0,False
12236173,2025-06-29T02:00:00+05:30,20.7,4,4,100.0,False
12236173,2025-06-29T03:00:00+05:30,20.6,4,4,100.0,False
12236173,2025-06-29T04:00:00+05:30,19.6,4,4,100.0,False
12236173,2025-06-29T05:00:00+05:30,19.3,4,4,100.0,False
12236173,2025-06-29T06:00:00+05:30,21.4,4,4,100.0,False
12236173,2025-06-29T07:00:00+05:30,20.6,4,4,100.0,False
12236173,2025-06-29T08:00:00+05:30,19.0,4,4,100.0,False
12236173,2025-06-29T09:00:00+05:30,20.9,4,4,100.0,False
12236173,2025-06-29T10:00:00+05:30,19.6,4,4,100.0,False
12236173,2025-06-29T11:00:00+05:30,14.4,3,4,75.0,False
12236173,2025-06-29T12:00:00+05:30,20.2,4,4,100.0,False
12236173,2025-06-29T13:00:00+05:30,19.9,4,4,100.0,False
12236173,2025-06-29T14:00:00+05:30,20.2,4,4,100.0,False
12236173,2025-06-29T15:00:00+05:30,19.7,4,4,100.0,False
12236173,2025-06-29T16:00:00+05:30,21.2,4,4,100.0,False
12236173,2025-06-29T17:00:00+05:30,19.2,4,4,100.0,False
12236173,2025-06-29T18:00:00+05:30,20.5,4,4,100.0,False
12236173,2025-06-29T19:00:00+05:30,20.3,4,4,100.0,False
12236173,2025-06-29T20:00:00+05:30,20.1,4,4,100.0,False
12236173,2025-06-29T21:00:00+05:30,20.5,3,4,75.0,False
12236173,2025-06-30T10:00:00+05:30,24.1,4,4,100.0,False
12236173,2025-06-30T11:00:00+05:30,24.7,4,4,100.0,False
12236173,2025-06-30T12:00:00+05:30,23.5,4,4,100.0,False
12236173,2025-06-30T13:00:00+05:30,24.5,4,4,100.0,False
12236173,2025-06-30T14:00:00+05:30,25.0,4,4,100.0,False
12236173,2025-06-30T15:00:00+05:30,24.7,4,4,100.0,False
12236173,2025-06-30T16:00:00+05:30,18.6,4,4,100.0,False
12236173,2025-06-30T17:00:00+05:30,23.8,4,4,100.0,False
12236173,2025-06-30T18:00:00+05:30,23.9,4,4,100.0,False
12236173,2025-06-30T19:00:00+05:30,22.9,4,4,100.0,False
12236173,2025-06-30T20:00:00+05:30,25.2,4,4,100.0,False
12236173,2025-06-30T21:00:00+05:30,22.5,4,4,100.0,False
12236173,2025-06-30T22:00:00+05:30,23.7,4,4,100.0,False
12236173,2025-07-01T01:00:00+05:30,24.0,4,4,100.0,False
12236173,2025-07-01T02:00:00+05:30,23.6,4,4,100.0,False
12236173,2025-07-01T03:00:00+05:30,24.6,4,4,100.0,False
12236173,2025-07-01T04:00:00+05:30,24.7,4,4,100.0,False
12236173,2025-07-01T05:00:00+05:30,24.3,4,4,100.0,False
12236173,2025-07-01T06:00:00+05:30,23.1,4,4,100.0,False
12236173,2025-07-01T07:00:00+05:30,24.4,4,4,100.0,False
12236173,2025-07-01T08:00:00+05:30,24.3,4,4,100.0,False
12236173,2025-07-01T09:00:00+05:30,24.6,4,4,100.0,False
12236173,2025-07-01T10:00:00+05:30,24.1,4,4,100.0,False
12236173,2025-07-01T11:00:00+05:30,24.2,3,4,75.0,False
12236173,2025-07-01T12:00:00+05:30,25.1,4,4,100.0,False
12236173,2025-07-01T13:00:00+05:30,25.8,4,4,100.0,False
12236173,2025-07-01T14:00:00+05:30,24.5,4,4,100.0,False
12236173,2025-07-01T15:00:00+05:30,23.9,4,4,100.0,False
12236173,2025-07-01T16:00:00+05:30,25.8,4,4,100.0,False
12236173,2025-07-01T17:00:00+05:30,24.7,4,4,100.0,False
12236173,2025-07-01T18:00:00+05:30,23.3,4,4,100.0,False
12236173,2025-07-01T19:00:00+05:30,25.2,4,4,100.0,False
12236173,2025-07-01T20:00:00+05:30,23.9,4,4,100.0,False
12236173,2025-07-01T21:00:00+05:30,24.0,4,4,100.0,False
12236173,2025-07-01T22:00:00+05:30,25.0,4,4,100.0,False
12236173,2025-07-02T01:00:00+05:30,22.9,4,4,100.0,False
12236173,2025-07-02T02:00:00+05:30,24.5,4,4,100.0,False
12236173,2025-07-02T03:00:00+05:30,24.0,4,4,100.0,False
12236173,2025-07-02T04:00:00+05:30,23.7,4,4,100.0,False
12236173,2025-07-02T05:00:00+05:30,24.0,3,4,75.0,False
12236173,2025-07-02T07:00:00+05:30,24.1,4,4,100.0,False
12236173,2025-07-02T08:00:00+05:30,24.2,4,4,100.0,False
12236173,2025-07-02T09:00:00+05:30,23.7,4,4,100.0,False
12236173,2025-07-02T10:00:00+05:30,24.1,4,4,100.0,False
12236173,2025-07-02T11:00:00+05:30,24.6,3,4,75.0,False
12236173,2025-07-02T12:00:00+05:30,26.1,4,4,100.0,False
12236173,2025-07-02T13:00:00+05:30,24.4,4,4,100.0,False
12236173,2025-07-02T14:00:00+05:30,24.0,3,4,75.0,False
12236173,2025-07-02T15:00:00+05:30,24.6,3,4,75.0,False
12236173,2025-07-02T18:00:00+05:30,23.6,3,4,75.0,False
12236173,2025-07-02T19:00:00+05:30,24.6,4,4,100.0,False
12236173,2025-07-02T20:00:00+05:30,24.2,3,4,75.0,False
12236173,2025-07-02T21:00:00+05:30,23.7,4,4,100.0,False
12236173,2025-07-02T22:00:00+05:30,24.4,4,4,100.0,False
12236173,2025-07-03T01:00:00+05:30,23.6,4,4,100.0,False
12236173,2025-07-03T02:00:00+05:30,24.3,4,4,100.0,False
12236173,2025-07-03T03:00:00+05:30,24.2,4,4,100.0,False
12236173,2025-07-03T04:00:00+05:30,25.2,4,4,100.0,False
12236173,2025-07-03T05:00:00+05:30,24.2,4,4,100.0,False
12236173,2025-07-03T06:00:00+05:30,25.0,4,4,100.0,False
12236173,2025-07-03T07:00:00+05:30,24.1,4,4,100.0,False
12236173,2025-07-03T08:00:00+05:30,24.1,4,4,100.0,False
12236173,2025-07-03T09:00:00+05:30,24.6,4,4,100.0,False
12236173,2025-07-03T10:00:00+05:30,24.7,4,4,100.0,False
12236173,2025-07-03T11:00:00+05:30,24.7,4,4,100.0,False
12236173,2025-07-03T12:00:00+05:30,23.6,4,4,100.0,False
12236173,2025-07-03T13:00:00+05:30,23.6,4,4,100.0,False
12236173,2025-07-03T14:00:00+05:30,24.8,4,4,100.0,False
12236173,2025-07-03T15:00:00+05:30,23.3,4,4,100.0,False
12236173,2025-07-03T16:00:00+05:30,23.4,3,4,75.0,False
12236173,2025-07-03T17:00:00+05:30,24.6,4,4,100.0,False
12236173,2025-07-03T18:00:00+05:30,23.5,4,4,100.0,False
12236173,2025-07-03T19:00:00+05:30,23.2,4,4,100.0,False
12236173,2025-07-03T20:00:00+05:30,23.8,4,4,100.0,False
12236173,2025-07-03T21:00:00+05:30,24.1,4,4,100.0,False
12236173,2025-07-03T22:00:00+05:30,23.7,4,4,100.0,False
12236173,2025-07-04T01:00:00+05:30,23.3,4,4,100.0,False
12236173,2025-07-04T02:00:00+05:30,24.2,4,4,100.0,False
12236173,2025-07-04T03:00:00+05:30,23.9,4,4,100.0,False
12236173,2025-07-04T04:00:00+05:30,24.0,4,4,100.0,False
12236173,2025-07-04T05:00:00+05:30,24.5,4,4,100.0,False
12236173,2025-07-04T07:00:00+05:30,24.5,4,4,100.0,False
12236173,2025-07-04T08:00:00+05:30,24.1,4,4,100.0,False
12236173,2025-07-04T09:00:00+05:30,25.2,4,4,100.0,False
12236173,2025-07-04T10:00:00+05:30,28.4,4,4,100.0,False
12236173,2025-07-04T11:00:00+05:30,29.9,3,4,75.0,False
12236173,2025-07-04T12:00:00+05:30,27.5,4,4,100.0,False
12236173,2025-07-04T14:00:00+05:30,27.2,4,4,100.0,False
12236173,2025-07-04T15:00:00+05:30,28.8,4,4,100.0,False
12236173,2025-07-04T16:00:00+05:30,27.9,4,4,100.0,False
12236173,2025-07-04T17:00:00+05:30,27.4,4,4,100.0,False
12236173,2025-07-04T18:00:00+05:30,28.6,4,4,100.0,False
12236173,2025-07-04T19:00:00+05:30,28.6,4,4,100.0,False
12236173,2025-07-05T02:00:00+05:30,27.2,4,4,100.0,False
12236173,2025-07-05T03:00:00+05:30,28.9,4,4,100.0,False
12236173,2025-07-05T04:00:00+05:30,29.0,4,4,100.0,False
12236173,2025-07-05T06:00:00+05:30,27.8,4,4,100.0,False
12236173,2025-07-05T07:00:00+05:30,27.6,4,4,100.0,False
12236173,2025-07-05T08:00:00+05:30,27.4,4,4,100.0,False
12236173,2025-07-05T09:00:00+05:30,29.0,4,4,100.0,False
12236173,2025-07-05T10:00:00+05:30,28.5,4,4,100.0,False
12236173,2025-07-05T11:00:00+05:30,26.1,4,4,100.0,False
12236173,2025-07-05T12:00:00+05:30,28.3,3,4,75.0,False
12236173,2025-07-05T13:00:00+05:30,28.0,4,4,100.0,False
12236173,2025-07-05T14:00:00+05:30,29.2,4,4,100.0,False
12236173,2025-07-05T15:00:00+05:30,30.5,4,4,100.0,False
12236173,2025-07-07T11:00:00+05:30,27.3,4,4,100.0,False
12236173,2025-07-07T12:00:00+05:30,26.5,4,4,100.0,False
12236173,2025-07-07T13:00:00+05:30,25.5,4,4,100.0,False
12236173,2025-07-07T14:00:00+05:30,24.2,4,4,100.0,False
12236173,2025-07-07T15:00:00+05:30,24.6,4,4,100.0,False
12236173,2025-07-07T16:00:00+05:30,25.1,4,4,100.0,False
12236173,2025-07-07T17:00:00+05:30,25.5,4,4,100.0,False
12236173,2025-07-07T18:00:00+05:30,25.8,4,4,100.0,False
12236173,2025-07-07T19:00:00+05:30,24.3,4,4,100.0,False
12236173,2025-07-07T20:00:00+05:30,24.5,4,4,100.0,False
12236173,2025-07-07T21:00:00+05:30,27.2,4,4,100.0,False
12236173,2025-07-07T22:00:00+05:30,26.5,4,4,100.0,False
12236173,2025-07-08T01:00:00+05:30,25.4,4,4,100.0,False
12236173,2025-07-08T02:00:00+05:30,26.2,4,4,100.0,False
12236173,2025-07-08T03:00:00+05:30,25.3,4,4,100.0,False
12236173,2025-07-08T04:00:00+05:30,24.9,4,4,100.0,False
12236173,2025-07-08T05:00:00+05:30,25.3,4,4,100.0,False
12236173,2025-07-08T06:00:00+05:30,25.3,4,4,100.0,False
12236173,2025-07-08T07:00:00+05:30,25.2,4,4,100.0,False
12236173,2025-07-08T08:00:00+05:30,25.6,4,4,100.0,False
12236173,2025-07-08T09:00:00+05:30,24.4,4,4,100.0,False
12236173,2025-07-08T10:00:00+05:30,24.0,3,4,75.0,False
12236173,2025-07-08T11:00:00+05:30,25.9,4,4,100.0,False
12236173,2025-07-08T12:00:00+05:30,26.2,4,4,100.0,False
12236173,2025-07-08T13:00:00+05:30,25.2,4,4,100.0,False
12236173,2025-07-08T17:00:00+05:30,27.8,4,4,100.0,False
12236173,2025-07-08T18:00:00+05:30,26.5,4,4,100.0,False
12236173,2025-07-08T19:00:00+05:30,27.2,4,4,100.0,False
12236173,2025-07-08T20:00:00+05:30,27.2,4,4,100.0,False
12236173,2025-07-08T21:00:00+05:30,28.4,4,4,100.0,False
12236173,2025-07-08T22:00:00+05:30,27.2,4,4,100.0,False
12236173,2025-07-09T01:00:00+05:30,27.3,4,4,100.0,False
12236173,2025-07-09T02:00:00+05:30,27.9,4,4,100.0,False
12236173,2025-07-09T03:00:00+05:30,27.0,4,4,100.0,False
12236173,2025-07-09T04:00:00+05:30,27.1,4,4,100.0,False
12236173,2025-07-09T05:00:00+05:30,27.5,4,4,100.0,False
12236173,2025-07-09T06:00:00+05:30,27.6,4,4,100.0,False
12236173,2025-07-09T07:00:00+05:30,27.7,4,4,100.0,False
12236173,2025-07-09T08:00:00+05:30,27.4,4,4,100.0,False
12236173,2025-07-09T09:00:00+05:30,28.2,4,4,100.0,False
12236173,2025-07-09T10:00:00+05:30,27.4,4,4,100.0,False
12236173,2025-07-09T11:00:00+05:30,26.2,4,4,100.0,False
12236173,2025-07-09T12:00:00+05:30,26.6,3,4,75.0,False
12236173,2025-07-09T13:00:00+05:30,26.9,4,4,100.0,False
12236173,2025-07-09T14:00:00+05:30,26.0,4,4,100.0,False
12236173,2025-07-09T15:00:00+05:30,26.3,4,4,100.0,False
12236173,2025-07-09T16:00:00+05:30,28.0,4,4,100.0,False
12236173,2025-07-10T11:00:00+05:30,28.7,4,4,100.0,False
12236173,2025-07-10T12:00:00+05:30,30.7,4,4,100.0,False
12236173,2025-07-10T13:00:00+05:30,31.0,4,4,100.0,False
12236173,2025-07-10T14:00:00+05:30,31.0,4,4,100.0,False
12236173,2025-07-10T15:00:00+05:30,29.8,4,4,100.0,False
12236173,2025-07-10T16:00:00+05:30,30.3,3,4,75.0,False
12236173,2025-07-10T17:00:00+05:30,29.5,4,4,100.0,False
12236173,2025-07-10T18:00:00+05:30,28.7,4,4,100.0,False
12236173,2025-07-10T19:00:00+05:30,29.9,4,4,100.0,False
12236173,2025-07-10T20:00:00+05:30,28.9,4,4,100.0,False
12236173,2025-07-10T21:00:00+05:30,31.2,4,4,100.0,False
12236173,2025-07-10T22:00:00+05:30,29.3,4,4,100.0,False
12236173,2025-07-11T01:00:00+05:30,30.9,4,4,100.0,False
12236173,2025-07-11T02:00:00+05:30,29.7,4,4,100.0,False
12236173,2025-07-11T03:00:00+05:30,31.9,4,4,100.0,False
12236173,2025-07-11T04:00:00+05:30,30.9,4,4,100.0,False
12236173,2025-07-11T05:00:00+05:30,31.1,4,4,100.0,False
12236173,2025-07-11T06:00:00+05:30,31.9,4,4,100.0,False
12236173,2025-07-11T07:00:00+05:30,30.3,4,4,100.0,False
12236173,2025-07-11T08:00:00+05:30,29.8,4,4,100.0,False
12236173,2025-07-11T09:00:00+05:30,28.1,4,4,100.0,False
12236173,2025-07-11T10:00:00+05:30,29.9,4,4,100.0,False
12236173,2025-07-11T11:00:00+05:30,29.3,4,4,100.0,False
12236173,2025-07-11T12:00:00+05:30,29.3,3,4,75.0,False
12236173,2025-07-11T13:00:00+05:30,30.6,4,4,100.0,False
12236173,2025-07-11T14:00:00+05:30,28.8,4,4,100.0,False
12236173,2025-07-11T15:00:00+05:30,31.9,4,4,100.0,False
12236173,2025-07-11T16:00:00+05:30,29.3,4,4,100.0,False
12236173,2025-07-11T17:00:00+05:30,24.8,4,4,100.0,False
12236173,2025-07-11T18:00:00+05:30,24.6,3,4,75.0,False
12236173,2025-07-11T19:00:00+05:30,26.0,4,4,100.0,False
12236173,2025-07-11T20:00:00+05:30,24.1,4,4,100.0,False
12236173,2025-07-11T21:00:00+05:30,25.7,4,4,100.0,False
12236173,2025-07-11T22:00:00+05:30,25.8,4,4,100.0,False
12236173,2025-07-12T01:00:00+05:30,25.6,4,4,100.0,False
12236173,2025-07-12T02:00:00+05:30,24.8,4,4,100.0,False
12236173,2025-07-12T03:00:00+05:30,25.3,4,4,100.0,False
12236173,2025-07-12T04:00:00+05:30,25.1,4,4,100.0,False
12236173,2025-07-12T05:00:00+05:30,26.7,4,4,100.0,False
12236173,2025-07-12T06:00:00+05:30,24.8,4,4,100.0,False
12236173,2025-07-12T07:00:00+05:30,24.8,4,4,100.0,False
12236173,2025-07-12T08:00:00+05:30,27.2,4,4,100.0,False
12236173,2025-07-12T09:00:00+05:30,26.6,4,4,100.0,False
12236173,2025-07-12T10:00:00+05:30,24.6,4,4,100.0,False
12236173,2025-07-12T11:00:00+05:30,26.0,4,4,100.0,False
12236173,2025-07-12T12:00:00+05:30,25.9,3,4,75.0,False
12236173,2025-07-12T13:00:00+05:30,25.0,4,4,100.0,False
12236173,2025-07-12T14:00:00+05:30,26.1,4,4,100.0,False
12236173,2025-07-12T15:00:00+05:30,26.6,4,4,100.0,False
12236173,2025-07-12T16:00:00+05:30,26.8,4,4,100.0,False
12236173,2025-07-12T17:00:00+05:30,26.3,3,4,75.0,False
12236173,2025-07-12T18:00:00+05:30,24.5,4,4,100.0,False
12236173,2025-07-12T19:00:00+05:30,26.2,4,4,100.0,False
12236173,2025-07-12T20:00:00+05:30,24.5,4,4,100.0,False
12236173,2025-07-12T21:00:00+05:30,24.9,4,4,100.0,False
12236173,2025-07-12T22:00:00+05:30,25.6,4,4,100.0,False
12236173,2025-07-13T01:00:00+05:30,25.1,4,4,100.0,False
12236173,2025-07-13T02:00:00+05:30,25.3,4,4,100.0,False
12236173,2025-07-13T03:00:00+05:30,25.2,4,4,100.0,False
12236173,2025-07-13T04:00:00+05:30,25.6,4,4,100.0,False
12236173,2025-07-13T05:00:00+05:30,24.9,3,4,75.0,False
12236173,2025-07-13T06:00:00+05:30,25.0,3,4,75.0,False
12236173,2025-07-13T07:00:00+05:30,25.3,4,4,100.0,False
12236173,2025-07-13T08:00:00+05:30,25.7,4,4,100.0,False
12236173,2025-07-13T09:00:00+05:30,27.4,4,4,100.0,False
12236173,2025-07-13T10:00:00+05:30,25.7,4,4,100.0,False
12236173,2025-07-13T11:00:00+05:30,24.7,4,4,100.0,False
12236173,2025-07-13T12:00:00+05:30,24.8,4,4,100.0,False
12236173,2025-07-13T13:00:00+05:30,25.3,3,4,75.0,False
12236173,2025-07-13T14:00:00+05:30,24.4,4,4,100.0,False
12236173,2025-07-13T15:00:00+05:30,25.1,3,4,75.0,False
12236173,2025-07-13T17:00:00+05:30,25.8,4,4,100.0,False
12236173,2025-07-13T18:00:00+05:30,24.3,4,4,100.0,False
12236173,2025-07-13T19:00:00+05:30,24.6,3,4,75.0,False
12236173,2025-07-13T20:00:00+05:30,27.1,4,4,100.0,False
12236173,2025-07-13T21:00:00+05:30,25.0,4,4,100.0,False
12236173,2025-07-13T22:00:00+05:30,24.8,4,4,100.0,False
12236173,2025-07-14T01:00:00+05:30,23.9,4,4,100.0,False
12236173,2025-07-14T02:00:00+05:30,25.1,4,4,100.0,False
12236173,2025-07-14T03:00:00+05:30,24.3,4,4,100.0,False
12236173,2025-07-14T04:00:00+05:30,25.9,4,4,100.0,False
12236173,2025-07-14T05:00:00+05:30,26.2,4,4,100.0,False
12236173,2025-07-14T06:00:00+05:30,25.7,4,4,100.0,False
12236173,2025-07-14T07:00:00+05:30,24.0,4,4,100.0,False
12236173,2025-07-14T08:00:00+05:30,24.7,4,4,100.0,False
12236173,2025-07-14T09:00:00+05:30,25.7,4,4,100.0,False
12236173,2025-07-14T10:00:00+05:30,25.9,4,4,100.0,False
12236173,2025-07-14T11:00:00+05:30,27.7,3,4,75.0,False
12236173,2025-07-14T12:00:00+05:30,29.3,3,4,75.0,False
12236173,2025-07-14T13:00:00+05:30,29.6,3,4,75.0,False
12236173,2025-07-14T15:00:00+05:30,30.0,3,4,75.0,False
12236173,2025-07-14T16:00:00+05:30,28.2,3,4,75.0,False
12236173,2025-07-14T17:00:00+05:30,28.3,4,4,100.0,False
12236173,2025-07-14T18:00:00+05:30,28.4,3,4,75.0,False
12236173,2025-07-14T19:00:00+05:30,29.5,4,4,100.0,False
12236173,2025-07-14T20:00:00+05:30,27.7,4,4,100.0,False
12236173,2025-07-14T21:00:00+05:30,27.4,4,4,100.0,False
12236173,2025-07-14T22:00:00+05:30,28.0,4,4,100.0,False
12236173,2025-07-15T01:00:00+05:30,28.5,4,4,100.0,False
12236173,2025-07-15T02:00:00+05:30,28.8,4,4,100.0,False
12236173,2025-07-15T03:00:00+05:30,28.7,4,4,100.0,False
12236173,2025-07-15T04:00:00+05:30,28.0,4,4,100.0,False
12236173,2025-07-15T05:00:00+05:30,27.2,4,4,100.0,False
12236173,2025-07-15T06:00:00+05:30,29.5,4,4,100.0,False
12236173,2025-07-15T07:00:00+05:30,29.2,4,4,100.0,False
12236173,2025-07-15T08:00:00+05:30,27.8,4,4,100.0,False
12236173,2025-07-15T09:00:00+05:30,29.0,4,4,100.0,False
12236173,2025-07-15T10:00:00+05:30,28.8,4,4,100.0,False
12236173,2025-07-15T11:00:00+05:30,28.1,4,4,100.0,False
12236173,2025-07-15T12:00:00+05:30,28.3,3,4,75.0,False
12236173,2025-07-15T13:00:00+05:30,28.8,4,4,100.0,False
12236173,2025-07-15T14:00:00+05:30,27.4,4,4,100.0,False
12236173,2025-07-15T15:00:00+05:30,28.7,4,4,100.0,False
12236173,2025-07-15T16:00:00+05:30,29.4,4,4,100.0,False
12236173,2025-07-15T17:00:00+05:30,26.1,4,4,100.0,False
12236173,2025-07-15T18:00:00+05:30,26.2,4,4,100.0,False
12236173,2025-07-15T19:00:00+05:30,29.0,4,4,100.0,False
12236173,2025-07-15T20:00:00+05:30,29.1,4,4,100.0,False
12236173,2025-07-15T21:00:00+05:30,28.4,4,4,100.0,False
12236173,2025-07-15T22:00:00+05:30,28.1,4,4,100.0,False
12236173,2025-07-16T01:00:00+05:30,27.2,4,4,100.0,False
12236173,2025-07-16T02:00:00+05:30,30.3,4,4,100.0,False
12236173,2025-07-16T03:00:00+05:30,28.6,4,4,100.0,False
12236173,2025-07-16T04:00:00+05:30,27.6,4,4,100.0,False
12236173,2025-07-16T05:00:00+05:30,27.4,4,4,100.0,False
12236173,2025-07-16T06:00:00+05:30,28.5,4,4,100.0,False
12236173,2025-07-16T07:00:00+05:30,30.7,4,4,100.0,False
12236173,2025-07-16T08:00:00+05:30,28.8,4,4,100.0,False
12236173,2025-07-16T09:00:00+05:30,29.8,4,4,100.0,False
12236173,2025-07-16T10:00:00+05:30,27.7,4,4,100.0,False
12236173,2025-07-16T11:00:00+05:30,29.5,4,4,100.0,False
12236173,2025-07-16T12:00:00+05:30,28.7,3,4,75.0,False
12236173,2025-07-16T13:00:00+05:30,28.3,4,4,100.0,False
12236173,2025-07-16T14:00:00+05:30,23.2,4,4,100.0,False
12236173,2025-07-16T15:00:00+05:30,24.5,4,4,100.0,False
12236173,2025-07-16T17:00:00+05:30,22.3,4,4,100.0,False
12236173,2025-07-16T18:00:00+05:30,23.0,4,4,100.0,False
12236173,2025-07-16T19:00:00+05:30,24.4,4,4,100.0,False
12236173,2025-07-16T20:00:00+05:30,23.6,4,4,100.0,False
12236173,2025-07-16T21:00:00+05:30,22.9,4,4,100.0,False
12236173,2025-07-16T22:00:00+05:30,23.7,4,4,100.0,False
12236173,2025-07-17T01:00:00+05:30,23.4,4,4,100.0,False
12236173,2025-07-17T02:00:00+05:30,23.1,4,4,100.0,False
12236173,2025-07-17T03:00:00+05:30,22.7,4,4,100.0,False
12236173,2025-07-17T04:00:00+05:30,22.8,4,4,100.0,False
12236173,2025-07-17T05:00:00+05:30,22.7,4,4,100.0,False
12236173,2025-07-17T06:00:00+05:30,24.6,4,4,100.0,False
12236173,2025-07-17T07:00:00+05:30,21.4,4,4,100.0,False
12236173,2025-07-17T08:00:00+05:30,21.9,4,4,100.0,False
12236173,2025-07-17T09:00:00+05:30,23.9,4,4,100.0,False
12236173,2025-07-17T10:00:00+05:30,23.9,4,4,100.0,False
12236173,2025-07-17T11:00:00+05:30,22.7,4,4,100.0,False
12236173,2025-07-17T12:00:00+05:30,21.6,3,4,75.0,False
12236173,2025-07-17T13:00:00+05:30,22.2,4,4,100.0,False
12236173,2025-07-17T14:00:00+05:30,23.8,4,4,100.0,False
12236173,2025-07-17T15:00:00+05:30,22.8,4,4,100.0,False
12236173,2025-07-17T16:00:00+05:30,24.1,4,4,100.0,False
12236173,2025-07-17T17:00:00+05:30,23.0,4,4,100.0,False
12236173,2025-07-17T18:00:00+05:30,23.4,4,4,100.0,False
12236173,2025-07-17T19:00:00+05:30,23.2,4,4,100.0,False
12236173,2025-07-17T20:00:00+05:30,23.7,3,4,75.0,False
12236173,2025-07-17T21:00:00+05:30,24.9,4,4,100.0,False
12236173,2025-07-17T22:00:00+05:30,24.7,4,4,100.0,False
12236173,2025-07-18T01:00:00+05:30,23.0,4,4,100.0,False
12236173,2025-07-18T02:00:00+05:30,23.0,4,4,100.0,False
12236173,2025-07-18T03:00:00+05:30,23.6,4,4,100.0,False
12236173,2025-07-18T04:00:00+05:30,22.5,4,4,100.0,False
12236173,2025-07-18T05:00:00+05:30,23.4,4,4,100.0,False
12236173,2025-07-18T06:00:00+05:30,23.4,4,4,100.0,False
12236173,2025-07-18T07:00:00+05:30,23.1,4,4,100.0,False
12236173,2025-07-18T08:00:00+05:30,23.4,4,4,100.0,False
12236173,2025-07-18T09:00:00+05:30,23.2,4,4,100.0,False
12236173,2025-07-18T10:00:00+05:30,23.9,4,4,100.0,False
12236173,2025-07-18T11:00:00+05:30,23.3,4,4,100.0,False
12236173,2025-07-18T12:00:00+05:30,21.6,4,4,100.0,False
12236173,2025-07-18T13:00:00+05:30,20.0,3,4,75.0,False
12236173,2025-07-18T14:00:00+05:30,20.7,4,4,100.0,False
12236173,2025-07-18T15:00:00+05:30,19.5,4,4,100.0,False
12236173,2025-07-18T16:00:00+05:30,20.1,4,4,100.0,False
12236173,2025-07-18T17:00:00+05:30,20.8,4,4,100.0,False
12236173,2025-07-18T18:00:00+05:30,21.0,4,4,100.0,False
12236173,2025-07-18T19:00:00+05:30,20.7,4,4,100.0,False
12236173,2025-07-18T20:00:00+05:30,20.6,4,4,100.0,False
12236173,2025-07-18T21:00:00+05:30,20.1,4,4,100.0,False
12236173,2025-07-18T22:00:00+05:30,20.1,4,4,100.0,False
12236173,2025-07-19T01:00:00+05:30,20.5,4,4,100.0,False
12236173,2025-07-19T02:00:00+05:30,20.7,4,4,100.0,False
12236173,2025-07-19T03:00:00+05:30,19.7,4,4,100.0,False
12236173,2025-07-19T04:00:00+05:30,20.2,4,4,100.0,False
12236173,2025-07-19T05:00:00+05:30,20.3,4,4,100.0,False
12236173,2025-07-19T06:00:00+05:30,20.5,4,4,100.0,False
12236173,2025-07-19T07:00:00+05:30,21.4,4,4,100.0,False
12236173,2025-07-19T08:00:00+05:30,21.2,4,4,100.0,False
12236173,2025-07-19T09:00:00+05:30,21.1,4,4,100.0,False
12236173,2025-07-19T10:00:00+05:30,20.9,4,4,100.0,False
12236173,2025-07-19T11:00:00+05:30,21.3,4,4,100.0,False
12236173,2025-07-19T12:00:00+05:30,20.8,3,4,75.0,False
12236173,2025-07-19T13:00:00+05:30,20.3,3,4,75.0,False
12236173,2025-07-19T14:00:00+05:30,20.4,3,4,75.0,False
12236173,2025-07-19T16:00:00+05:30,21.3,3,4,75.0,False
12236173,2025-07-19T17:00:00+05:30,17.5,4,4,100.0,False
12236173,2025-07-19T18:00:00+05:30,17.5,4,4,100.0,False
12236173,2025-07-19T19:00:00+05:30,16.7,4,4,100.0,False
12236173,2025-07-19T20:00:00+05:30,17.5,4,4,100.0,False
12236173,2025-07-19T21:00:00+05:30,17.1,4,4,100.0,False
12236173,2025-07-19T22:00:00+05:30,17.2,4,4,100.0,False
12236173,2025-07-20T01:00:00+05:30,17.5,4,4,100.0,False
12236173,2025-07-20T02:00:00+05:30,17.2,3,4,75.0,False
12236173,2025-07-20T03:00:00+05:30,15.9,3,4,75.0,False
12236173,2025-07-20T04:00:00+05:30,17.8,4,4,100.0,False
12236173,2025-07-20T05:00:00+05:30,17.8,4,4,100.0,False
12236173,2025-07-20T06:00:00+05:30,17.5,4,4,100.0,False
12236173,2025-07-20T07:00:00+05:30,17.1,4,4,100.0,False
12236173,2025-07-20T08:00:00+05:30,17.6,4,4,100.0,False
12236173,2025-07-20T09:00:00+05:30,17.1,4,4,100.0,False
12236173,2025-07-20T10:00:00+05:30,17.0,4,4,100.0,False
12236173,2025-07-20T11:00:00+05:30,17.2,4,4,100.0,False
12236173,2025-07-20T12:00:00+05:30,16.6,4,4,100.0,False
12236173,2025-07-20T13:00:00+05:30,16.6,4,4,100.0,False
12236173,2025-07-20T14:00:00+05:30,17.7,4,4,100.0,False
12236173,2025-07-20T15:00:00+05:30,17.9,4,4,100.0,False
12236173,2025-07-20T16:00:00+05:30,18.8,4,4,100.0,False
12236173,2025-07-20T17:00:00+05:30,18.1,4,4,100.0,False
12236173,2025-07-20T18:00:00+05:30,18.1,4,4,100.0,False
12236173,2025-07-20T19:00:00+05:30,16.6,3,4,75.0,False
12236173,2025-07-20T20:00:00+05:30,18.5,4,4,100.0,False
12236173,2025-07-20T21:00:00+05:30,16.3,4,4,100.0,False
12236173,2025-07-20T22:00:00+05:30,17.4,4,4,100.0,False
12236173,2025-07-21T01:00:00+05:30,17.7,4,4,100.0,False
12236173,2025-07-21T02:00:00+05:30,17.0,4,4,100.0,False
12236173,2025-07-21T03:00:00+05:30,17.7,4,4,100.0,False
12236173,2025-07-21T04:00:00+05:30,17.5,4,4,100.0,False
12236173,2025-07-21T05:00:00+05:30,17.6,4,4,100.0,False
12236173,2025-07-21T06:00:00+05:30,17.0,4,4,100.0,False
12236173,2025-07-21T07:00:00+05:30,17.4,4,4,100.0,False
12236173,2025-07-21T08:00:00+05:30,16.8,4,4,100.0,False
12236173,2025-07-21T09:00:00+05:30,16.8,4,4,100.0,False
12236173,2025-07-21T10:00:00+05:30,16.8,4,4,100.0,False
12236173,2025-07-21T11:00:00+05:30,17.4,4,4,100.0,False
12236173,2025-07-21T13:00:00+05:30,12.4,4,4,100.0,False
12236173,2025-07-21T14:00:00+05:30,17.2,4,4,100.0,False
12236173,2025-07-21T15:00:00+05:30,18.2,4,4,100.0,False
12236173,2025-07-21T16:00:00+05:30,15.5,4,4,100.0,False
12236173,2025-07-21T17:00:00+05:30,15.7,4,4,100.0,False
12236173,2025-07-21T18:00:00+05:30,15.7,4,4,100.0,False
12236173,2025-07-21T19:00:00+05:30,15.0,4,4,100.0,False
12236173,2025-07-21T20:00:00+05:30,15.7,4,4,100.0,False
12236173,2025-07-21T21:00:00+05:30,15.6,4,4,100.0,False
12236173,2025-07-21T22:00:00+05:30,14.8,4,4,100.0,False
12236173,2025-07-22T01:00:00+05:30,15.1,3,4,75.0,False
12236173,2025-07-22T02:00:00+05:30,15.6,4,4,100.0,False
12236173,2025-07-22T03:00:00+05:30,15.0,4,4,100.0,False
12236173,2025-07-22T04:00:00+05:30,15.2,4,4,100.0,False
12236173,2025-07-22T05:00:00+05:30,15.3,4,4,100.0,False
12236173,2025-07-22T06:00:00+05:30,14.9,4,4,100.0,False
12236173,2025-07-22T07:00:00+05:30,14.6,4,4,100.0,False
12236173,2025-07-22T08:00:00+05:30,16.1,4,4,100.0,False
12236173,2025-07-22T09:00:00+05:30,15.8,4,4,100.0,False
12236173,2025-07-22T10:00:00+05:30,14.3,4,4,100.0,False
12236173,2025-07-22T11:00:00+05:30,14.3,4,4,100.0,False
12236173,2025-07-22T12:00:00+05:30,15.3,4,4,100.0,False
12236173,2025-07-22T13:00:00+05:30,15.2,4,4,100.0,False
12236173,2025-07-22T14:00:00+05:30,16.8,4,4,100.0,False
12236173,2025-07-22T15:00:00+05:30,15.7,4,4,100.0,False
12236173,2025-07-22T16:00:00+05:30,15.1,4,4,100.0,False
12236173,2025-07-22T17:00:00+05:30,14.4,4,4,100.0,False
12236173,2025-07-22T18:00:00+05:30,15.0,4,4,100.0,False
12236173,2025-07-22T19:00:00+05:30,15.7,4,4,100.0,False
12236173,2025-07-22T20:00:00+05:30,15.4,4,4,100.0,False
12236173,2025-07-22T21:00:00+05:30,15.3,4,4,100.0,False
12236173,2025-07-22T22:00:00+05:30,15.3,4,4,100.0,False
12236173,2025-07-23T01:00:00+05:30,14.9,4,4,100.0,False
12236173,2025-07-23T02:00:00+05:30,14.6,4,4,100.0,False
12236173,2025-07-23T03:00:00+05:30,15.8,4,4,100.0,False
12236173,2025-07-23T04:00:00+05:30,14.9,4,4,100.0,False
12236173,2025-07-23T05:00:00+05:30,14.7,4,4,100.0,False
12236173,2025-07-23T06:00:00+05:30,15.3,4,4,100.0,False
12236173,2025-07-23T07:00:00+05:30,15.7,4,4,100.0,False
12236173,2025-07-23T08:00:00+05:30,15.5,4,4,100.0,False
12236173,2025-07-23T09:00:00+05:30,15.9,4,4,100.0,False
12236173,2025-07-23T10:00:00+05:30,15.1,4,4,100.0,False
12236173,2025-07-23T11:00:00+05:30,14.4,4,4,100.0,False
12236173,2025-07-23T12:00:00+05:30,14.5,4,4,100.0,False
12236173,2025-07-23T13:00:00+05:30,16.2,4,4,100.0,False
12236173,2025-07-23T14:00:00+05:30,16.1,4,4,100.0,False
12236173,2025-07-23T15:00:00+05:30,15.1,4,4,100.0,False
12236173,2025-07-23T16:00:00+05:30,15.6,4,4,100.0,False
12236173,2025-07-23T17:00:00+05:30,15.1,4,4,100.0,False
12236173,2025-07-23T18:00:00+05:30,15.5,4,4,100.0,False
12236173,2025-07-23T19:00:00+05:30,14.8,4,4,100.0,False
12236173,2025-07-23T20:00:00+05:30,14.9,4,4,100.0,False
12236173,2025-07-23T21:00:00+05:30,14.4,4,4,100.0,False
12236173,2025-07-23T22:00:00+05:30,14.7,4,4,100.0,False
12236173,2025-07-24T01:00:00+05:30,15.4,4,4,100.0,False
12236173,2025-07-24T02:00:00+05:30,16.1,4,4,100.0,False
12236173,2025-07-24T03:00:00+05:30,15.3,4,4,100.0,False
12236173,2025-07-24T04:00:00+05:30,15.3,4,4,100.0,False
12236173,2025-07-24T05:00:00+05:30,15.7,4,4,100.0,False
12236173,2025-07-24T06:00:00+05:30,16.1,4,4,100.0,False
12236173,2025-07-24T07:00:00+05:30,14.5,4,4,100.0,False
12236173,2025-07-24T08:00:00+05:30,15.6,4,4,100.0,False
12236173,2025-07-24T09:00:00+05:30,15.8,4,4,100.0,False
12236173,2025-07-24T10:00:00+05:30,15.0,4,4,100.0,False
12236173,2025-07-24T11:00:00+05:30,14.8,4,4,100.0,False
12236173,2025-07-24T12:00:00+05:30,15.1,4,4,100.0,False
12236173,2025-07-24T13:00:00+05:30,15.1,4,4,100.0,False
12236173,2025-07-24T14:00:00+05:30,15.2,4,4,100.0,False
12236173,2025-07-24T18:00:00+05:30,14.9,4,4,100.0,False
12236173,2025-07-24T19:00:00+05:30,15.3,4,4,100.0,False
12236173,2025-07-24T20:00:00+05:30,15.6,4,4,100.0,False
12236173,2025-07-24T21:00:00+05:30,14.6,4,4,100.0,False
12236173,2025-07-24T22:00:00+05:30,14.5,4,4,100.0,False
12236173,2025-07-25T01:00:00+05:30,15.3,4,4,100.0,False
12236173,2025-07-25T02:00:00+05:30,14.9,4,4,100.0,False
12236173,2025-07-25T03:00:00+05:30,15.3,4,4,100.0,False
12236173,2025-07-25T04:00:00+05:30,15.2,4,4,100.0,False
12236173,2025-07-25T05:00:00+05:30,15.1,4,4,100.0,False
12236173,2025-07-25T06:00:00+05:30,15.6,4,4,100.0,False
12236173,2025-07-25T07:00:00+05:30,15.6,4,4,100.0,False
12236173,2025-07-25T08:00:00+05:30,15.3,4,4,100.0,False
12236173,2025-07-25T09:00:00+05:30,15.6,4,4,100.0,False
12236173,2025-07-25T10:00:00+05:30,15.2,4,4,100.0,False
12236173,2025-07-25T11:00:00+05:30,19.1,4,4,100.0,False
12236173,2025-07-25T12:00:00+05:30,21.4,3,4,75.0,False
12236173,2025-07-25T13:00:00+05:30,19.9,4,4,100.0,False
12236173,2025-07-25T14:00:00+05:30,20.3,4,4,100.0,False
12236173,2025-07-25T15:00:00+05:30,19.7,4,4,100.0,False
12236173,2025-07-25T16:00:00+05:30,20.7,4,4,100.0,False
12236173,2025-07-25T17:00:00+05:30,20.6,4,4,100.0,False
12236173,2025-07-25T18:00:00+05:30,20.0,3,4,75.0,False
12236173,2025-07-28T11:00:00+05:30,20.7,4,4,100.0,False
12236173,2025-07-28T12:00:00+05:30,26.6,4,4,100.0,False
12236173,2025-07-28T13:00:00+05:30,26.8,4,4,100.0,False
12236173,2025-07-28T14:00:00+05:30,26.6,4,4,100.0,False
12236173,2025-07-28T15:00:00+05:30,25.8,4,4,100.0,False
12236173,2025-07-28T16:00:00+05:30,26.5,4,4,100.0,False
12236173,2025-07-28T17:00:00+05:30,25.9,4,4,100.0,False
12236173,2025-07-28T18:00:00+05:30,26.0,4,4,100.0,False
12236173,2025-07-28T19:00:00+05:30,25.5,4,4,100.0,False
12236173,2025-07-28T20:00:00+05:30,26.6,4,4,100.0,False
12236173,2025-07-28T21:00:00+05:30,26.6,4,4,100.0,False
12236173,2025-07-28T22:00:00+05:30,27.0,4,4,100.0,False
12236173,2025-07-29T01:00:00+05:30,27.0,4,4,100.0,False
12236173,2025-07-29T02:00:00+05:30,26.0,4,4,100.0,False
12236173,2025-07-29T03:00:00+05:30,25.3,4,4,100.0,False
12236173,2025-07-29T04:00:00+05:30,27.6,3,4,75.0,False
12236173,2025-07-29T05:00:00+05:30,25.8,4,4,100.0,False
12236173,2025-07-29T06:00:00+05:30,25.4,4,4,100.0,False
12236173,2025-07-29T07:00:00+05:30,25.5,4,4,100.0,False
12236173,2025-07-29T08:00:00+05:30,25.8,4,4,100.0,False
12236173,2025-07-29T09:00:00+05:30,25.8,4,4,100.0,False
12236173,2025-07-29T10:00:00+05:30,26.8,4,4,100.0,False
12236173,2025-07-29T11:00:00+05:30,25.5,3,4,75.0,False
12236173,2025-07-29T12:00:00+05:30,28.0,4,4,100.0,False
12236173,2025-07-29T13:00:00+05:30,26.1,4,4,100.0,False
12236173,2025-07-29T14:00:00+05:30,25.5,4,4,100.0,False
12236173,2025-07-29T15:00:00+05:30,25.7,4,4,100.0,False
12236173,2025-07-29T16:00:00+05:30,23.2,4,4,100.0,False
12236173,2025-07-29T17:00:00+05:30,24.0,4,4,100.0,False
12236173,2025-07-29T18:00:00+05:30,24.1,4,4,100.0,False
12236173,2025-07-29T19:00:00+05:30,23.8,4,4,100.0,False
12236173,2025-07-29T20:00:00+05:30,23.1,4,4,100.0,False
12236173,2025-07-29T21:00:00+05:30,22.8,4,4,100.0,False
12236173,2025-07-29T22:00:00+05:30,22.4,4,4,100.0,False
12236173,2025-07-30T01:00:00+05:30,23.2,4,4,100.0,False
12236173,2025-07-30T02:00:00+05:30,23.7,4,4,100.0,False
12236173,2025-07-30T03:00:00+05:30,23.6,4,4,100.0,False
12236173,2025-07-30T04:00:00+05:30,22.8,4,4,100.0,False
12236173,2025-07-30T05:00:00+05:30,24.4,4,4,100.0,False
12236173,2025-07-30T06:00:00+05:30,23.9,4,4,100.0,False
12236173,2025-07-30T07:00:00+05:30,24.5,4,4,100.0,False
12236173,2025-07-30T08:00:00+05:30,24.0,4,4,100.0,False
12236173,2025-07-30T09:00:00+05:30,22.5,4,4,100.0,False
12236173,2025-07-30T10:00:00+05:30,22.9,4,4,100.0,False
12236173,2025-07-30T11:00:00+05:30,23.9,3,4,75.0,False
12236173,2025-07-30T12:00:00+05:30,21.8,3,4,75.0,False
12236173,2025-07-30T13:00:00+05:30,23.2,4,4,100.0,False
12236173,2025-07-30T14:00:00+05:30,23.5,4,4,100.0,False
12236173,2025-07-30T15:00:00+05:30,23.1,4,4,100.0,False
12236173,2025-07-30T17:00:00+05:30,23.3,4,4,100.0,False
12236173,2025-07-30T19:00:00+05:30,22.3,4,4,100.0,False
12236173,2025-07-30T20:00:00+05:30,22.5,4,4,100.0,False
12236173,2025-07-30T21:00:00+05:30,22.5,4,4,100.0,False
12236173,2025-07-30T22:00:00+05:30,23.9,4,4,100.0,False
12236173,2025-07-31T01:00:00+05:30,23.5,4,4,100.0,False
12236173,2025-07-31T02:00:00+05:30,23.9,4,4,100.0,False
12236173,2025-07-31T03:00:00+05:30,24.3,4,4,100.0,False
12236173,2025-07-31T04:00:00+05:30,23.7,4,4,100.0,False
12236173,2025-07-31T05:00:00+05:30,24.0,4,4,100.0,False
12236173,2025-07-31T06:00:00+05:30,22.8,4,4,100.0,False
12236173,2025-07-31T07:00:00+05:30,23.4,4,4,100.0,False
12236173,2025-07-31T08:00:00+05:30,23.1,4,4,100.0,False
12236173,2025-07-31T09:00:00+05:30,22.5,4,4,100.0,False
12236173,2025-07-31T10:00:00+05:30,24.3,4,4,100.0,False
12236173,2025-07-31T11:00:00+05:30,25.1,4,4,100.0,False
12236173,2025-07-31T12:00:00+05:30,25.0,4,4,100.0,False
12236173,2025-07-31T13:00:00+05:30,26.4,4,4,100.0,False
12236173,2025-07-31T14:00:00+05:30,28.1,3,4,75.0,False
12236173,2025-07-31T15:00:00+05:30,26.8,4,4,100.0,False
12236173,2025-07-31T16:00:00+05:30,26.6,4,4,100.0,False
12236173,2025-07-31T17:00:00+05:30,27.8,4,4,100.0,False
12236173,2025-07-31T18:00:00+05:30,24.8,3,4,75.0,False
12236173,2025-07-31T21:00:00+05:30,26.6,4,4,100.0,False
12236173,2025-07-31T22:00:00+05:30,27.2,3,4,75.0,False
12236173,2025-08-01T01:00:00+05:30,26.4,4,4,100.0,False
12236173,2025-08-01T02:00:00+05:30,25.7,4,4,100.0,False
12236173,2025-08-01T03:00:00+05:30,26.6,4,4,100.0,False
12236173,2025-08-01T04:00:00+05:30,26.8,4,4,100.0,False
12236173,2025-08-01T05:00:00+05:30,26.1,4,4,100.0,False
12236173,2025-08-01T06:00:00+05:30,24.5,4,4,100.0,False
12236173,2025-08-01T07:00:00+05:30,25.9,4,4,100.0,False
12236173,2025-08-01T08:00:00+05:30,25.8,4,4,100.0,False
12236173,2025-08-01T09:00:00+05:30,27.3,4,4,100.0,False
12236173,2025-08-01T10:00:00+05:30,27.6,4,4,100.0,False
12236173,2025-08-01T11:00:00+05:30,24.6,4,4,100.0,False
12236173,2025-08-01T22:00:00+05:30,28.6,4,4,100.0,False
12236173,2025-08-02T01:00:00+05:30,28.6,4,4,100.0,False
12236173,2025-08-02T02:00:00+05:30,27.8,4,4,100.0,False
12236173,2025-08-02T03:00:00+05:30,27.8,4,4,100.0,False
12236173,2025-08-02T04:00:00+05:30,28.0,4,4,100.0,False
12236173,2025-08-02T05:00:00+05:30,27.4,4,4,100.0,False
12236173,2025-08-02T06:00:00+05:30,28.1,4,4,100.0,False
12236173,2025-08-02T07:00:00+05:30,28.2,4,4,100.0,False
12236173,2025-08-02T08:00:00+05:30,28.6,4,4,100.0,False
12236173,2025-08-02T09:00:00+05:30,28.0,4,4,100.0,False
12236173,2025-08-02T10:00:00+05:30,26.2,4,4,100.0,False
12236173,2025-08-02T11:00:00+05:30,28.2,4,4,100.0,False
12236173,2025-08-02T12:00:00+05:30,28.5,4,4,100.0,False
12236173,2025-08-02T13:00:00+05:30,29.6,4,4,100.0,False
12236173,2025-08-02T14:00:00+05:30,27.1,4,4,100.0,False
12236173,2025-08-02T15:00:00+05:30,28.9,4,4,100.0,False
12236173,2025-08-02T16:00:00+05:30,26.6,4,4,100.0,False
12236173,2025-08-02T17:00:00+05:30,28.8,4,4,100.0,False
12236173,2025-08-02T18:00:00+05:30,28.5,4,4,100.0,False
12236173,2025-08-02T19:00:00+05:30,27.3,4,4,100.0,False
12236173,2025-08-02T20:00:00+05:30,28.0,4,4,100.0,False
12236173,2025-08-02T21:00:00+05:30,28.6,4,4,100.0,False
12236173,2025-08-02T22:00:00+05:30,26.5,4,4,100.0,False
12236173,2025-08-03T01:00:00+05:30,27.2,4,4,100.0,False
12236173,2025-08-03T02:00:00+05:30,29.6,4,4,100.0,False
12236173,2025-08-03T03:00:00+05:30,29.0,4,4,100.0,False
12236173,2025-08-03T04:00:00+05:30,29.0,4,4,100.0,False
12236173,2025-08-03T05:00:00+05:30,28.3,4,4,100.0,False
12236173,2025-08-03T06:00:00+05:30,27.7,4,4,100.0,False
12236173,2025-08-03T07:00:00+05:30,29.7,4,4,100.0,False
12236173,2025-08-03T08:00:00+05:30,28.3,4,4,100.0,False
12236173,2025-08-03T09:00:00+05:30,28.4,4,4,100.0,False
12236173,2025-08-03T10:00:00+05:30,27.3,4,4,100.0,False
12236173,2025-08-03T11:00:00+05:30,29.2,4,4,100.0,False
12236173,2025-08-03T12:00:00+05:30,28.0,4,4,100.0,False
12236173,2025-08-03T13:00:00+05:30,28.0,4,4,100.0,False
12236173,2025-08-03T14:00:00+05:30,27.8,4,4,100.0,False
12236173,2025-08-03T15:00:00+05:30,28.0,4,4,100.0,False
12236173,2025-08-03T16:00:00+05:30,28.5,4,4,100.0,False
12236173,2025-08-03T17:00:00+05:30,28.5,4,4,100.0,False
12236173,2025-08-03T18:00:00+05:30,29.7,4,4,100.0,False
12236173,2025-08-03T19:00:00+05:30,17.1,4,4,100.0,False
12236173,2025-08-03T20:00:00+05:30,17.3,4,4,100.0,False
12236173,2025-08-03T21:00:00+05:30,16.6,4,4,100.0,False
12236173,2025-08-03T22:00:00+05:30,16.1,4,4,100.0,False
12236173,2025-08-04T01:00:00+05:30,16.3,4,4,100.0,False
12236173,2025-08-04T02:00:00+05:30,15.9,4,4,100.0,False
12236173,2025-08-04T03:00:00+05:30,16.7,4,4,100.0,False
12236173,2025-08-04T04:00:00+05:30,16.6,4,4,100.0,False
12236173,2025-08-04T05:00:00+05:30,15.5,4,4,100.0,False
12236173,2025-08-04T06:00:00+05:30,15.4,3,4,75.0,False
12236173,2025-08-04T07:00:00+05:30,17.0,4,4,100.0,False
12236173,2025-08-04T08:00:00+05:30,16.5,4,4,100.0,False
12236173,2025-08-04T09:00:00+05:30,15.8,4,4,100.0,False
12236173,2025-08-04T10:00:00+05:30,17.7,4,4,100.0,False
12236173,2025-08-04T11:00:00+05:30,24.7,4,4,100.0,False
12236173,2025-08-04T12:00:00+05:30,25.3,4,4,100.0,False
12236173,2025-08-04T13:00:00+05:30,24.5,4,4,100.0,False
12236173,2025-08-04T14:00:00+05:30,24.9,4,4,100.0,False
12236173,2025-08-04T15:00:00+05:30,24.3,4,4,100.0,False
12236173,2025-08-04T16:00:00+05:30,23.5,4,4,100.0,False
12236173,2025-08-04T17:00:00+05:30,24.3,3,4,75.0,False
12236173,2025-08-04T18:00:00+05:30,24.0,4,4,100.0,False
12236173,2025-08-04T19:00:00+05:30,24.8,3,4,75.0,False
12236173,2025-08-04T20:00:00+05:30,24.2,4,4,100.0,False
12236173,2025-08-04T21:00:00+05:30,23.0,4,4,100.0,False
12236173,2025-08-04T22:00:00+05:30,25.1,3,4,75.0,False
12236173,2025-08-05T01:00:00+05:30,24.6,4,4,100.0,False
12236173,2025-08-05T02:00:00+05:30,22.7,4,4,100.0,False
12236173,2025-08-05T03:00:00+05:30,23.5,4,4,100.0,False
12236173,2025-08-05T04:00:00+05:30,24.7,4,4,100.0,False
12236173,2025-08-05T05:00:00+05:30,24.4,4,4,100.0,False
12236173,2025-08-05T06:00:00+05:30,23.5,4,4,100.0,False
12236173,2025-08-05T07:00:00+05:30,25.5,4,4,100.0,False
12236173,2025-08-05T08:00:00+05:30,22.9,4,4,100.0,False
12236173,2025-08-05T09:00:00+05:30,24.7,4,4,100.0,False
12236173,2025-08-05T10:00:00+05:30,25.0,4,4,100.0,False
12236173,2025-08-05T11:00:00+05:30,24.1,4,4,100.0,False
12236173,2025-08-05T12:00:00+05:30,24.3,4,4,100.0,False
12236173,2025-08-05T15:00:00+05:30,23.4,3,4,75.0,False
12236173,2025-08-05T17:00:00+05:30,25.8,4,4,100.0,False
12236173,2025-08-05T18:00:00+05:30,24.8,4,4,100.0,False
12236173,2025-08-05T19:00:00+05:30,23.2,3,4,75.0,False
12236173,2025-08-05T20:00:00+05:30,24.0,4,4,100.0,False
12236173,2025-08-06T01:00:00+05:30,23.6,3,4,75.0,False
12236173,2025-08-06T02:00:00+05:30,23.4,4,4,100.0,False
12236173,2025-08-06T03:00:00+05:30,24.5,4,4,100.0,False
12236173,2025-08-06T04:00:00+05:30,24.3,4,4,100.0,False
12236173,2025-08-06T05:00:00+05:30,23.0,4,4,100.0,False
12236173,2025-08-06T06:00:00+05:30,23.6,4,4,100.0,False
12236173,2025-08-06T07:00:00+05:30,23.6,4,4,100.0,False
12236173,2025-08-06T08:00:00+05:30,23.4,4,4,100.0,False
12236173,2025-08-06T09:00:00+05:30,24.6,3,4,75.0,False
12236173,2025-08-06T10:00:00+05:30,26.0,4,4,100.0,False
12236173,2025-08-06T11:00:00+05:30,26.9,3,4,75.0,False
12236173,2025-08-06T12:00:00+05:30,30.0,4,4,100.0,False
12236173,2025-08-06T13:00:00+05:30,28.6,4,4,100.0,False
12236173,2025-08-06T14:00:00+05:30,27.4,4,4,100.0,False
12236173,2025-08-06T15:00:00+05:30,29.3,4,4,100.0,False
12236173,2025-08-06T16:00:00+05:30,28.9,4,4,100.0,False
12236173,2025-08-06T17:00:00+05:30,29.0,4,4,100.0,False
12236173,2025-08-06T18:00:00+05:30,27.5,4,4,100.0,False
12236173,2025-08-06T19:00:00+05:30,28.0,4,4,100.0,False
12236173,2025-08-06T20:00:00+05:30,28.1,4,4,100.0,False
12236173,2025-08-06T21:00:00+05:30,27.7,4,4,100.0,False
12236173,2025-08-06T22:00:00+05:30,27.7,4,4,100.0,False
12236173,2025-08-07T01:00:00+05:30,28.2,4,4,100.0,False
12236173,2025-08-07T02:00:00+05:30,28.0,4,4,100.0,False
12236173,2025-08-07T03:00:00+05:30,30.2,4,4,100.0,False
12236173,2025-08-07T04:00:00+05:30,28.2,4,4,100.0,False
12236173,2025-08-07T05:00:00+05:30,27.7,4,4,100.0,False
12236173,2025-08-07T06:00:00+05:30,29.3,3,4,75.0,False
12236173,2025-08-07T07:00:00+05:30,28.3,4,4,100.0,False
12236173,2025-08-07T08:00:00+05:30,28.4,4,4,100.0,False
12236173,2025-08-07T09:00:00+05:30,27.2,4,4,100.0,False
12236173,2025-08-07T10:00:00+05:30,27.8,4,4,100.0,False
12236173,2025-08-07T11:00:00+05:30,27.8,4,4,100.0,False
12236173,2025-08-07T12:00:00+05:30,28.6,4,4,100.0,False
12236173,2025-08-07T13:00:00+05:30,28.6,4,4,100.0,False
12236173,2025-08-07T14:00:00+05:30,28.2,4,4,100.0,False
12236173,2025-08-07T15:00:00+05:30,29.0,4,4,100.0,False
12236173,2025-08-07T17:00:00+05:30,28.7,4,4,100.0,False
12236173,2025-08-07T18:00:00+05:30,28.8,4,4,100.0,False
12236173,2025-08-07T19:00:00+05:30,28.1,3,4,75.0,False
12236173,2025-08-07T20:00:00+05:30,29.0,4,4,100.0,False
12236173,2025-08-07T21:00:00+05:30,27.4,4,4,100.0,False
12236173,2025-08-07T22:00:00+05:30,28.2,4,4,100.0,False
12236173,2025-08-08T01:00:00+05:30,28.1,4,4,100.0,False
12236173,2025-08-08T02:00:00+05:30,28.2,4,4,100.0,False
12236173,2025-08-08T03:00:00+05:30,28.9,4,4,100.0,False
12236173,2025-08-08T05:00:00+05:30,28.2,4,4,100.0,False
12236173,2025-08-08T06:00:00+05:30,26.8,4,4,100.0,False
12236173,2025-08-08T07:00:00+05:30,28.7,4,4,100.0,False
12236173,2025-08-08T08:00:00+05:30,27.8,4,4,100.0,False
12236173,2025-08-08T09:00:00+05:30,28.8,3,4,75.0,False
12236173,2025-08-08T10:00:00+05:30,27.8,3,4,75.0,False
12236173,2025-08-08T11:00:00+05:30,28.6,4,4,100.0,False
12236173,2025-08-08T12:00:00+05:30,28.3,4,4,100.0,False
12236173,2025-08-08T13:00:00+05:30,28.1,4,4,100.0,False
12236173,2025-08-08T14:00:00+05:30,27.5,4,4,100.0,False
12236173,2025-08-08T15:00:00+05:30,28.6,4,4,100.0,False
12236173,2025-08-08T16:00:00+05:30,30.7,4,4,100.0,False
12236173,2025-08-08T17:00:00+05:30,30.3,4,4,100.0,False
12236173,2025-08-08T18:00:00+05:30,32.2,4,4,100.0,False
12236173,2025-08-08T19:00:00+05:30,29.2,4,4,100.0,False
12236173,2025-08-08T20:00:00+05:30,28.3,4,4,100.0,False
12236173,2025-08-08T21:00:00+05:30,29.1,4,4,100.0,False
12236173,2025-08-08T22:00:00+05:30,31.0,4,4,100.0,False
12236173,2025-08-09T01:00:00+05:30,30.3,4,4,100.0,False
12236173,2025-08-09T02:00:00+05:30,31.3,4,4,100.0,False
12236173,2025-08-09T06:00:00+05:30,31.5,4,4,100.0,False
12236173,2025-08-09T09:00:00+05:30,28.6,4,4,100.0,False
12236173,2025-08-09T10:00:00+05:30,29.2,4,4,100.0,False
12236173,2025-08-09T11:00:00+05:30,27.9,4,4,100.0,False
12236173,2025-08-09T12:00:00+05:30,28.8,4,4,100.0,False
12236173,2025-08-09T13:00:00+05:30,29.8,4,4,100.0,False
12236173,2025-08-09T14:00:00+05:30,32.1,4,4,100.0,False
12236173,2025-08-09T15:00:00+05:30,30.0,4,4,100.0,False
12236173,2025-08-09T16:00:00+05:30,30.1,4,4,100.0,False
12236173,2025-08-09T17:00:00+05:30,31.4,4,4,100.0,False
12236173,2025-08-09T18:00:00+05:30,30.6,4,4,100.0,False
12236173,2025-08-09T19:00:00+05:30,30.5,3,4,75.0,False
12236173,2025-08-09T20:00:00+05:30,31.4,4,4,100.0,False
12236173,2025-08-09T21:00:00+05:30,29.9,4,4,100.0,False
12236173,2025-08-09T22:00:00+05:30,29.7,4,4,100.0,False
12236173,2025-08-10T01:00:00+05:30,29.9,4,4,100.0,False
12236173,2025-08-10T02:00:00+05:30,30.3,4,4,100.0,False
12236173,2025-08-10T03:00:00+05:30,30.0,4,4,100.0,False
12236173,2025-08-10T04:00:00+05:30,30.2,4,4,100.0,False
12236173,2025-08-10T05:00:00+05:30,31.2,4,4,100.0,False
12236173,2025-08-10T06:00:00+05:30,29.4,4,4,100.0,False
12236173,2025-08-10T07:00:00+05:30,29.9,4,4,100.0,False
12236173,2025-08-10T08:00:00+05:30,31.4,4,4,100.0,False
12236173,2025-08-10T09:00:00+05:30,31.5,4,4,100.0,False
12236173,2025-08-10T10:00:00+05:30,28.9,4,4,100.0,False
12236173,2025-08-10T11:00:00+05:30,31.3,4,4,100.0,False
12236173,2025-08-10T12:00:00+05:30,29.3,4,4,100.0,False
12236173,2025-08-10T13:00:00+05:30,30.5,4,4,100.0,False
12236173,2025-08-10T14:00:00+05:30,28.5,4,4,100.0,False
12236173,2025-08-10T15:00:00+05:30,27.8,4,4,100.0,False
12236173,2025-08-10T16:00:00+05:30,31.4,4,4,100.0,False
12236173,2025-08-10T17:00:00+05:30,30.3,4,4,100.0,False
12236173,2025-08-10T18:00:00+05:30,30.8,4,4,100.0,False
12236173,2025-08-10T19:00:00+05:30,30.1,4,4,100.0,False
12236173,2025-08-10T20:00:00+05:30,29.5,4,4,100.0,False
12236173,2025-08-10T21:00:00+05:30,30.7,4,4,100.0,False
12236173,2025-08-10T22:00:00+05:30,29.1,4,4,100.0,False
12236173,2025-08-11T01:00:00+05:30,32.1,4,4,100.0,False
12236173,2025-08-11T02:00:00+05:30,30.9,4,4,100.0,False
12236173,2025-08-11T03:00:00+05:30,30.9,4,4,100.0,False
12236173,2025-08-11T04:00:00+05:30,31.2,4,4,100.0,False
12236173,2025-08-11T05:00:00+05:30,29.6,4,4,100.0,False
12236173,2025-08-11T06:00:00+05:30,30.8,4,4,100.0,False
12236173,2025-08-11T07:00:00+05:30,31.5,4,4,100.0,False
12236173,2025-08-11T08:00:00+05:30,30.8,4,4,100.0,False
12236173,2025-08-11T09:00:00+05:30,28.5,4,4,100.0,False
12236173,2025-08-11T10:00:00+05:30,31.6,4,4,100.0,False
12236173,2025-08-11T11:00:00+05:30,23.0,4,4,100.0,False
12236173,2025-08-11T12:00:00+05:30,20.3,4,4,100.0,False
12236173,2025-08-11T13:00:00+05:30,20.3,4,4,100.0,False
12236173,2025-08-11T14:00:00+05:30,20.5,4,4,100.0,False
12236173,2025-08-11T15:00:00+05:30,21.3,4,4,100.0,False
12236173,2025-08-11T16:00:00+05:30,19.3,4,4,100.0,False
12236173,2025-08-11T17:00:00+05:30,20.3,4,4,100.0,False
12236173,2025-08-11T18:00:00+05:30,20.0,4,4,100.0,False
12236173,2025-08-11T19:00:00+05:30,20.0,4,4,100.0,False
12236173,2025-08-11T20:00:00+05:30,19.8,4,4,100.0,False
12236173,2025-08-11T21:00:00+05:30,20.5,4,4,100.0,False
12236173,2025-08-11T22:00:00+05:30,19.9,4,4,100.0,False
12236173,2025-08-12T01:00:00+05:30,19.2,3,4,75.0,False
12236173,2025-08-12T02:00:00+05:30,20.6,4,4,100.0,False
12236173,2025-08-12T03:00:00+05:30,19.4,4,4,100.0,False
12236173,2025-08-12T04:00:00+05:30,20.2,4,4,100.0,False
12236173,2025-08-12T05:00:00+05:30,20.6,4,4,100.0,False
12236173,2025-08-12T06:00:00+05:30,20.5,4,4,100.0,False
12236173,2025-08-12T07:00:00+05:30,21.6,4,4,100.0,False
12236173,2025-08-12T08:00:00+05:30,21.3,4,4,100.0,False
12236173,2025-08-12T09:00:00+05:30,21.1,4,4,100.0,False
12236173,2025-08-12T10:00:00+05:30,20.8,4,4,100.0,False
12236173,2025-08-12T11:00:00+05:30,19.4,4,4,100.0,False
12236173,2025-08-12T12:00:00+05:30,19.2,4,4,100.0,False
12236173,2025-08-12T13:00:00+05:30,20.9,4,4,100.0,False
12236173,2025-08-12T14:00:00+05:30,20.7,4,4,100.0,False
12236173,2025-08-12T15:00:00+05:30,21.6,4,4,100.0,False
12236173,2025-08-12T16:00:00+05:30,20.7,4,4,100.0,False
12236173,2025-08-12T17:00:00+05:30,19.1,4,4,100.0,False
12236173,2025-08-12T18:00:00+05:30,20.4,4,4,100.0,False
12236173,2025-08-12T19:00:00+05:30,20.6,4,4,100.0,False
12236173,2025-08-12T20:00:00+05:30,20.3,4,4,100.0,False
12236173,2025-08-12T21:00:00+05:30,21.3,3,4,75.0,False
12236173,2025-08-12T22:00:00+05:30,20.1,4,4,100.0,False
12236173,2025-08-13T01:00:00+05:30,19.5,4,4,100.0,False
12236173,2025-08-13T02:00:00+05:30,20.4,4,4,100.0,False
12236173,2025-08-13T03:00:00+05:30,19.7,4,4,100.0,False
12236173,2025-08-13T04:00:00+05:30,19.4,4,4,100.0,False
12236173,2025-08-13T05:00:00+05:30,21.1,3,4,75.0,False
12236173,2025-08-13T07:00:00+05:30,19.5,4,4,100.0,False
12236173,2025-08-13T08:00:00+05:30,20.5,4,4,100.0,False
12236173,2025-08-13T09:00:00+05:30,20.8,4,4,100.0,False
12236173,2025-08-13T10:00:00+05:30,20.4,4,4,100.0,False
12236173,2025-08-13T11:00:00+05:30,21.7,4,4,100.0,False
12236173,2025-08-13T12:00:00+05:30,24.2,4,4,100.0,False
12236173,2025-08-13T13:00:00+05:30,25.0,4,4,100.0,False
12236173,2025-08-13T14:00:00+05:30,23.0,4,4,100.0,False
12236173,2025-08-13T15:00:00+05:30,23.6,4,4,100.0,False
12236173,2025-08-13T16:00:00+05:30,25.4,4,4,100.0,False
12236173,2025-08-13T17:00:00+05:30,25.3,3,4,75.0,False
12236173,2025-08-13T18:00:00+05:30,23.6,4,4,100.0,False
12236173,2025-08-13T19:00:00+05:30,24.2,4,4,100.0,False
12236173,2025-08-14T11:00:00+05:30,14.8,3,4,75.0,False
12236173,2025-08-14T12:00:00+05:30,13.9,4,4,100.0,False
12236173,2025-08-14T13:00:00+05:30,14.0,4,4,100.0,False
12236173,2025-08-14T14:00:00+05:30,15.4,3,4,75.0,False
12236173,2025-08-14T15:00:00+05:30,14.0,4,4,100.0,False
12236173,2025-08-14T16:00:00+05:30,14.9,4,4,100.0,False
12236173,2025-08-14T17:00:00+05:30,14.4,4,4,100.0,False
12236173,2025-08-14T18:00:00+05:30,14.7,4,4,100.0,False
12236173,2025-08-14T19:00:00+05:30,13.9,4,4,100.0,False
12236173,2025-08-14T20:00:00+05:30,14.8,4,4,100.0,False
12236173,2025-08-15T01:00:00+05:30,14.9,4,4,100.0,False
12236173,2025-08-15T02:00:00+05:30,14.1,4,4,100.0,False
12236173,2025-08-15T03:00:00+05:30,14.8,3,4,75.0,False
12236173,2025-08-15T04:00:00+05:30,14.5,4,4,100.0,False
12236173,2025-08-15T05:00:00+05:30,13.7,4,4,100.0,False
12236173,2025-08-15T06:00:00+05:30,14.5,4,4,100.0,False
12236173,2025-08-15T07:00:00+05:30,14.1,4,4,100.0,False
12236173,2025-08-15T08:00:00+05:30,15.0,4,4,100.0,False
12236173,2025-08-15T09:00:00+05:30,14.2,4,4,100.0,False
12236173,2025-08-15T10:00:00+05:30,13.7,4,4,100.0,False
12236173,2025-08-15T11:00:00+05:30,14.6,4,4,100.0,False
12236173,2025-08-15T12:00:00+05:30,14.7,4,4,100.0,False
12236173,2025-08-15T13:00:00+05:30,13.9,4,4,100.0,False
12236173,2025-08-15T14:00:00+05:30,13.7,3,4,75.0,False
12236173,2025-08-15T15:00:00+05:30,15.5,4,4,100.0,False
12236173,2025-08-15T16:00:00+05:30,15.1,4,4,100.0,False
12236173,2025-08-15T17:00:00+05:30,14.8,4,4,100.0,False
12236173,2025-08-15T18:00:00+05:30,14.7,4,4,100.0,False
12236173,2025-08-15T19:00:00+05:30,14.7,4,4,100.0,False
12236173,2025-08-15T20:00:00+05:30,14.4,4,4,100.0,False
12236173,2025-08-15T21:00:00+05:30,14.7,4,4,100.0,False
12236173,2025-08-15T22:00:00+05:30,13.7,4,4,100.0,False
12236173,2025-08-16T01:00:00+05:30,14.4,4,4,100.0,False
12236173,2025-08-16T02:00:00+05:30,14.4,4,4,100.0,False
12236173,2025-08-16T03:00:00+05:30,14.1,4,4,100.0,False
12236173,2025-08-16T04:00:00+05:30,13.8,4,4,100.0,False
12236173,2025-08-16T05:00:00+05:30,15.0,4,4,100.0,False
12236173,2025-08-16T06:00:00+05:30,15.0,4,4,100.0,False
12236173,2025-08-16T07:00:00+05:30,14.4,4,4,100.0,False
12236173,2025-08-16T08:00:00+05:30,14.3,4,4,100.0,False
12236173,2025-08-16T09:00:00+05:30,13.6,4,4,100.0,False
12236173,2025-08-16T10:00:00+05:30,15.0,4,4,100.0,False
12236173,2025-08-16T11:00:00+05:30,14.3,4,4,100.0,False
12236173,2025-08-16T12:00:00+05:30,11.7,4,4,100.0,False
12236173,2025-08-16T13:00:00+05:30,12.2,4,4,100.0,False
12236173,2025-08-16T14:00:00+05:30,11.9,4,4,100.0,False
12236173,2025-08-16T15:00:00+05:30,12.1,4,4,100.0,False
12236173,2025-08-16T16:00:00+05:30,12.0,4,4,100.0,False
12236173,2025-08-16T17:00:00+05:30,12.2,4,4,100.0,False
12236173,2025-08-16T18:00:00+05:30,12.7,4,4,100.0,False
12236173,2025-08-16T19:00:00+05:30,12.5,4,4,100.0,False
12236173,2025-08-16T20:00:00+05:30,12.0,3,4,75.0,False
12236173,2025-08-16T21:00:00+05:30,12.3,4,4,100.0,False
12236173,2025-08-16T22:00:00+05:30,12.1,4,4,100.0,False
12236173,2025-08-17T01:00:00+05:30,12.1,4,4,100.0,False
12236173,2025-08-17T02:00:00+05:30,12.3,4,4,100.0,False
12236173,2025-08-17T03:00:00+05:30,11.8,4,4,100.0,False
12236173,2025-08-17T04:00:00+05:30,11.8,4,4,100.0,False
12236173,2025-08-17T05:00:00+05:30,12.0,4,4,100.0,False
12236173,2025-08-17T06:00:00+05:30,11.9,4,4,100.0,False
12236173,2025-08-17T07:00:00+05:30,11.6,4,4,100.0,False
12236173,2025-08-17T08:00:00+05:30,11.9,4,4,100.0,False
12236173,2025-08-17T09:00:00+05:30,12.3,4,4,100.0,False
12236173,2025-08-17T10:00:00+05:30,12.3,4,4,100.0,False
12236173,2025-08-17T11:00:00+05:30,12.3,4,4,100.0,False
12236173,2025-08-17T12:00:00+05:30,12.2,4,4,100.0,False
12236173,2025-08-17T13:00:00+05:30,11.9,4,4,100.0,False
12236173,2025-08-17T14:00:00+05:30,12.3,4,4,100.0,False
12236173,2025-08-17T15:00:00+05:30,12.5,4,4,100.0,False
12236173,2025-08-17T16:00:00+05:30,11.6,4,4,100.0,False
12236173,2025-08-17T17:00:00+05:30,12.0,4,4,100.0,False
12236173,2025-08-17T18:00:00+05:30,11.5,4,4,100.0,False
12236173,2025-08-17T19:00:00+05:30,11.2,3,4,75.0,False
12236173,2025-08-17T20:00:00+05:30,12.6,4,4,100.0,False
12236173,2025-08-17T21:00:00+05:30,13.3,4,4,100.0,False
12236173,2025-08-17T22:00:00+05:30,12.8,4,4,100.0,False
12236173,2025-08-18T01:00:00+05:30,12.8,4,4,100.0,False
12236173,2025-08-18T02:00:00+05:30,12.3,4,4,100.0,False
12236173,2025-08-18T03:00:00+05:30,12.0,4,4,100.0,False
12236173,2025-08-18T04:00:00+05:30,12.4,4,4,100.0,False
12236173,2025-08-18T08:00:00+05:30,12.4,4,4,100.0,False
12236173,2025-08-18T09:00:00+05:30,12.4,4,4,100.0,False
12236173,2025-08-18T10:00:00+05:30,12.9,4,4,100.0,False
12236173,2025-08-18T11:00:00+05:30,13.9,4,4,100.0,False
12236173,2025-08-18T12:00:00+05:30,15.1,4,4,100.0,False
12236173,2025-08-18T13:00:00+05:30,15.7,3,4,75.0,False
12236173,2025-08-18T15:00:00+05:30,15.1,4,4,100.0,False
12236173,2025-08-18T16:00:00+05:30,15.6,4,4,100.0,False
12236173,2025-08-18T17:00:00+05:30,15.3,4,4,100.0,False
12236173,2025-08-18T18:00:00+05:30,15.7,4,4,100.0,False
12236173,2025-08-18T19:00:00+05:30,14.8,3,4,75.0,False
12236173,2025-08-18T20:00:00+05:30,15.6,4,4,100.0,False
12236173,2025-08-18T21:00:00+05:30,14.6,4,4,100.0,False
12236173,2025-08-18T22:00:00+05:30,14.7,4,4,100.0,False
12236173,2025-08-19T01:00:00+05:30,16.0,4,4,100.0,False
12236173,2025-08-19T02:00:00+05:30,15.5,4,4,100.0,False
12236173,2025-08-19T03:00:00+05:30,15.4,4,4,100.0,False
12236173,2025-08-19T04:00:00+05:30,14.7,4,4,100.0,False
12236173,2025-08-19T05:00:00+05:30,15.2,4,4,100.0,False
12236173,2025-08-19T06:00:00+05:30,14.6,4,4,100.0,False
12236173,2025-08-19T07:00:00+05:30,15.8,4,4,100.0,False
12236173,2025-08-19T08:00:00+05:30,15.5,4,4,100.0,False
12236173,2025-08-19T09:00:00+05:30,15.3,4,4,100.0,False
12236173,2025-08-19T10:00:00+05:30,14.8,4,4,100.0,False
12236173,2025-08-19T11:00:00+05:30,17.7,4,4,100.0,False
12236173,2025-08-19T12:00:00+05:30,21.9,4,4,100.0,False
12236173,2025-08-19T13:00:00+05:30,22.1,4,4,100.0,False
12236173,2025-08-19T14:00:00+05:30,23.0,4,4,100.0,False
12236173,2025-08-19T15:00:00+05:30,23.3,4,4,100.0,False
12236173,2025-08-19T16:00:00+05:30,21.6,4,4,100.0,False
12236173,2025-08-19T17:00:00+05:30,24.4,4,4,100.0,False
12236173,2025-08-19T18:00:00+05:30,22.5,4,4,100.0,False
12236173,2025-08-19T19:00:00+05:30,21.5,4,4,100.0,False
12236173,2025-08-19T20:00:00+05:30,22.7,4,4,100.0,False
12236173,2025-08-19T21:00:00+05:30,22.3,4,4,100.0,False
12236173,2025-08-19T22:00:00+05:30,22.0,4,4,100.0,False
12236173,2025-08-20T03:00:00+05:30,22.4,4,4,100.0,False
12236173,2025-08-20T04:00:00+05:30,20.6,4,4,100.0,False
12236173,2025-08-20T05:00:00+05:30,22.3,4,4,100.0,False
12236173,2025-08-20T06:00:00+05:30,22.8,4,4,100.0,False
12236173,2025-08-20T07:00:00+05:30,21.9,4,4,100.0,False
12236173,2025-08-20T08:00:00+05:30,22.3,4,4,100.0,False
12236173,2025-08-20T09:00:00+05:30,21.5,4,4,100.0,False
12236173,2025-08-20T10:00:00+05:30,22.3,4,4,100.0,False
12236173,2025-08-20T11:00:00+05:30,22.5,4,4,100.0,False
12236173,2025-08-20T12:00:00+05:30,21.7,4,4,100.0,False
12236173,2025-08-20T13:00:00+05:30,21.6,4,4,100.0,False
12236173,2025-08-20T14:00:00+05:30,22.9,4,4,100.0,False
12236173,2025-08-20T15:00:00+05:30,22.0,4,4,100.0,False
12236173,2025-08-20T16:00:00+05:30,21.5,4,4,100.0,False
12236173,2025-08-20T17:00:00+05:30,22.1,4,4,100.0,False
12236173,2025-08-20T18:00:00+05:30,23.2,4,4,100.0,False
12236173,2025-08-20T19:00:00+05:30,22.1,4,4,100.0,False
12236173,2025-08-20T20:00:00+05:30,22.5,4,4,100.0,False
12236173,2025-08-20T21:00:00+05:30,22.1,4,4,100.0,False
12236173,2025-08-20T22:00:00+05:30,22.5,4,4,100.0,False
12236173,2025-08-21T01:00:00+05:30,22.0,4,4,100.0,False
12236173,2025-08-21T02:00:00+05:30,22.2,4,4,100.0,False
12236173,2025-08-21T03:00:00+05:30,21.3,4,4,100.0,False
12236173,2025-08-21T04:00:00+05:30,23.3,4,4,100.0,False
12236173,2025-08-21T05:00:00+05:30,22.2,4,4,100.0,False
12236173,2025-08-21T06:00:00+05:30,21.4,4,4,100.0,False
12236173,2025-08-21T07:00:00+05:30,22.8,4,4,100.0,False
12236173,2025-08-21T08:00:00+05:30,21.4,4,4,100.0,False
12236173,2025-08-21T09:00:00+05:30,22.5,4,4,100.0,False
12236173,2025-08-21T10:00:00+05:30,26.6,4,4,100.0,False
12236173,2025-08-21T11:00:00+05:30,25.7,3,4,75.0,False
12236173,2025-08-21T13:00:00+05:30,25.1,4,4,100.0,False
12236173,2025-08-21T14:00:00+05:30,26.0,4,4,100.0,False
12236173,2025-08-21T15:00:00+05:30,26.9,4,4,100.0,False
12236173,2025-08-21T16:00:00+05:30,28.4,4,4,100.0,False
12236173,2025-08-21T17:00:00+05:30,27.8,4,4,100.0,False
12236173,2025-08-21T18:00:00+05:30,25.6,3,4,75.0,False
12236173,2025-08-21T19:00:00+05:30,27.2,4,4,100.0,False
12236173,2025-08-21T20:00:00+05:30,27.2,4,4,100.0,False
12236173,2025-08-21T21:00:00+05:30,26.9,4,4,100.0,False
12236173,2025-08-21T22:00:00+05:30,27.8,4,4,100.0,False
12236173,2025-08-22T01:00:00+05:30,25.9,4,4,100.0,False
12236173,2025-08-22T02:00:00+05:30,26.3,4,4,100.0,False
12236173,2025-08-22T03:00:00+05:30,28.1,4,4,100.0,False
12236173,2025-08-22T04:00:00+05:30,27.0,4,4,100.0,False
12236173,2025-08-22T05:00:00+05:30,26.0,4,4,100.0,False
12236173,2025-08-22T06:00:00+05:30,27.6,4,4,100.0,False
12236173,2025-08-22T07:00:00+05:30,25.1,4,4,100.0,False
12236173,2025-08-22T08:00:00+05:30,26.3,4,4,100.0,False
12236173,2025-08-22T09:00:00+05:30,27.5,4,4,100.0,False
12236173,2025-08-22T10:00:00+05:30,25.5,3,4,75.0,False
12236173,2025-08-22T11:00:00+05:30,25.7,4,4,100.0,False
12236173,2025-08-22T13:00:00+05:30,26.1,3,4,75.0,False
12236173,2025-08-22T14:00:00+05:30,27.5,4,4,100.0,False
12236173,2025-08-22T15:00:00+05:30,26.8,3,4,75.0,False
12236173,2025-08-22T18:00:00+05:30,25.6,4,4,100.0,False
12236173,2025-08-22T22:00:00+05:30,27.4,4,4,100.0,False
12236173,2025-08-23T01:00:00+05:30,25.6,4,4,100.0,False
12236173,2025-08-23T02:00:00+05:30,27.5,4,4,100.0,False
12236173,2025-08-23T03:00:00+05:30,26.8,4,4,100.0,False
12236173,2025-08-23T04:00:00+05:30,25.9,4,4,100.0,False
12236173,2025-08-23T05:00:00+05:30,26.9,4,4,100.0,False
12236173,2025-08-23T06:00:00+05:30,25.5,4,4,100.0,False
12236173,2025-08-23T07:00:00+05:30,26.6,4,4,100.0,False
12236173,2025-08-23T08:00:00+05:30,26.9,4,4,100.0,False
12236173,2025-08-23T09:00:00+05:30,27.8,3,4,75.0,False
12236173,2025-08-23T10:00:00+05:30,27.0,4,4,100.0,False
12236173,2025-08-23T11:00:00+05:30,26.2,4,4,100.0,False
12236173,2025-08-23T12:00:00+05:30,26.4,4,4,100.0,False
12236173,2025-08-23T13:00:00+05:30,25.6,4,4,100.0,False
12236173,2025-08-23T14:00:00+05:30,26.2,4,4,100.0,False
12236173,2025-08-23T15:00:00+05:30,26.5,4,4,100.0,False
12236173,2025-08-23T16:00:00+05:30,26.4,4,4,100.0,False
12236173,2025-08-23T17:00:00+05:30,26.6,4,4,100.0,False
12236173,2025-08-23T18:00:00+05:30,26.1,4,4,100.0,False
12236173,2025-08-23T19:00:00+05:30,26.7,4,4,100.0,False
12236173,2025-08-23T20:00:00+05:30,27.4,4,4,100.0,False
12236173,2025-08-23T21:00:00+05:30,27.7,4,4,100.0,False
12236173,2025-08-23T22:00:00+05:30,25.1,4,4,100.0,False
12236173,2025-08-24T01:00:00+05:30,26.5,4,4,100.0,False
12236173,2025-08-24T02:00:00+05:30,25.5,4,4,100.0,False
12236173,2025-08-24T03:00:00+05:30,26.4,4,4,100.0,False
12236173,2025-08-24T04:00:00+05:30,26.0,4,4,100.0,False
12236173,2025-08-24T05:00:00+05:30,26.1,4,4,100.0,False
12236173,2025-08-24T06:00:00+05:30,26.7,4,4,100.0,False
12236173,2025-08-24T07:00:00+05:30,25.8,4,4,100.0,False
12236173,2025-08-24T08:00:00+05:30,26.5,4,4,100.0,False
12236173,2025-08-24T09:00:00+05:30,26.5,4,4,100.0,False
12236173,2025-08-24T10:00:00+05:30,27.1,4,4,100.0,False
12236173,2025-08-24T11:00:00+05:30,25.1,4,4,100.0,False
12236173,2025-08-24T12:00:00+05:30,26.5,4,4,100.0,False
12236173,2025-08-24T13:00:00+05:30,26.8,4,4,100.0,False
12236173,2025-08-24T14:00:00+05:30,26.9,4,4,100.0,False
12236173,2025-08-24T15:00:00+05:30,25.9,4,4,100.0,False
12236173,2025-08-24T16:00:00+05:30,26.3,4,4,100.0,False
12236173,2025-08-24T17:00:00+05:30,26.6,4,4,100.0,False
12236173,2025-08-24T18:00:00+05:30,26.1,4,4,100.0,False
12236173,2025-08-24T19:00:00+05:30,26.3,4,4,100.0,False
12236173,2025-08-24T20:00:00+05:30,26.1,4,4,100.0,False
12236173,2025-08-24T21:00:00+05:30,25.9,4,4,100.0,False
12236173,2025-08-24T22:00:00+05:30,25.6,4,4,100.0,False
12236173,2025-08-25T01:00:00+05:30,24.8,4,4,100.0,False
12236173,2025-08-25T02:00:00+05:30,26.5,4,4,100.0,False
12236173,2025-08-25T03:00:00+05:30,27.0,4,4,100.0,False
12236173,2025-08-25T04:00:00+05:30,26.8,4,4,100.0,False
12236173,2025-08-25T05:00:00+05:30,26.4,4,4,100.0,False
12236173,2025-08-25T06:00:00+05:30,24.9,4,4,100.0,False
12236173,2025-08-25T07:00:00+05:30,26.4,4,4,100.0,False
12236173,2025-08-25T08:00:00+05:30,25.8,4,4,100.0,False
12236173,2025-08-25T09:00:00+05:30,25.9,4,4,100.0,False
12236173,2025-08-25T11:00:00+05:30,24.1,4,4,100.0,False
12236173,2025-08-25T12:00:00+05:30,25.3,4,4,100.0,False
12236173,2025-08-25T13:00:00+05:30,24.3,4,4,100.0,False
12236173,2025-08-25T14:00:00+05:30,25.6,4,4,100.0,False
12236173,2025-08-25T15:00:00+05:30,25.5,4,4,100.0,False
12236173,2025-08-25T16:00:00+05:30,22.5,3,4,75.0,False
12236173,2025-08-25T17:00:00+05:30,25.8,4,4,100.0,False
12236173,2025-08-25T18:00:00+05:30,24.9,4,4,100.0,False
12236173,2025-08-25T19:00:00+05:30,26.1,4,4,100.0,False
12236173,2025-08-25T20:00:00+05:30,24.5,4,4,100.0,False
12236173,2025-08-25T21:00:00+05:30,26.8,4,4,100.0,False
12236173,2025-08-25T22:00:00+05:30,25.6,4,4,100.0,False
12236173,2025-08-26T01:00:00+05:30,25.4,4,4,100.0,False
12236173,2025-08-26T02:00:00+05:30,26.1,4,4,100.0,False
12236173,2025-08-26T03:00:00+05:30,26.9,4,4,100.0,False
12236173,2025-08-26T04:00:00+05:30,26.5,4,4,100.0,False
12236173,2025-08-26T05:00:00+05:30,26.2,4,4,100.0,False
12236173,2025-08-26T06:00:00+05:30,23.8,4,4,100.0,False
12236173,2025-08-26T07:00:00+05:30,25.2,4,4,100.0,False
12236173,2025-08-26T08:00:00+05:30,26.1,4,4,100.0,False
12236173,2025-08-26T11:00:00+05:30,25.9,4,4,100.0,False
12236173,2025-08-26T12:00:00+05:30,25.3,4,4,100.0,False
12236173,2025-08-26T13:00:00+05:30,25.2,4,4,100.0,False
12236173,2025-08-26T14:00:00+05:30,23.6,4,4,100.0,False
12236173,2025-08-26T15:00:00+05:30,24.2,4,4,100.0,False
12236173,2025-08-26T16:00:00+05:30,25.6,4,4,100.0,False
12236173,2025-08-26T17:00:00+05:30,25.7,4,4,100.0,False
12236173,2025-08-26T18:00:00+05:30,24.8,4,4,100.0,False
12236173,2025-08-26T19:00:00+05:30,27.4,4,4,100.0,False
12236173,2025-08-26T20:00:00+05:30,25.6,4,4,100.0,False
12236173,2025-08-26T21:00:00+05:30,27.8,4,4,100.0,False
12236173,2025-08-26T22:00:00+05:30,24.8,4,4,100.0,False
12236173,2025-08-27T01:00:00+05:30,25.4,3,4,75.0,False
12236173,2025-08-27T04:00:00+05:30,25.0,4,4,100.0,False
12236173,2025-08-27T05:00:00+05:30,25.0,4,4,100.0,False
12236173,2025-08-27T08:00:00+05:30,25.7,3,4,75.0,False
12236173,2025-08-27T09:00:00+05:30,25.7,3,4,75.0,False
12236173,2025-08-27T10:00:00+05:30,24.7,4,4,100.0,False
12236173,2025-08-27T11:00:00+05:30,25.1,4,4,100.0,False
12236173,2025-08-27T12:00:00+05:30,25.5,4,4,100.0,False
12236173,2025-08-27T13:00:00+05:30,25.6,4,4,100.0,False
12236173,2025-08-27T14:00:00+05:30,25.8,3,4,75.0,False
12236173,2025-08-27T15:00:00+05:30,25.5,4,4,100.0,False
12236173,2025-08-27T16:00:00+05:30,26.7,3,4,75.0,False
12236173,2025-08-27T17:00:00+05:30,24.7,4,4,100.0,False
12236173,2025-08-27T18:00:00+05:30,25.1,4,4,100.0,False
12236173,2025-08-27T19:00:00+05:30,24.8,4,4,100.0,False
12236173,2025-08-27T20:00:00+05:30,25.8,4,4,100.0,False
12236173,2025-08-27T21:00:00+05:30,25.6,4,4,100.0,False
12236173,2025-08-27T22:00:00+05:30,24.2,4,4,100.0,False
12236173,2025-08-28T01:00:00+05:30,23.7,4,4,100.0,False
12236173,2025-08-28T02:00:00+05:30,23.9,4,4,100.0,False
12236173,2025-08-28T03:00:00+05:30,24.3,4,4,100.0,False
12236173,2025-08-28T04:00:00+05:30,25.1,4,4,100.0,False
12236173,2025-08-28T05:00:00+05:30,26.5,4,4,100.0,False
12236173,2025-08-28T06:00:00+05:30,25.0,4,4,100.0,False
12236173,2025-08-28T07:00:00+05:30,27.2,4,4,100.0,False
12236173,2025-08-28T08:00:00+05:30,25.2,4,4,100.0,False
12236173,2025-08-28T09:00:00+05:30,24.3,4,4,100.0,False
12236173,2025-08-28T10:00:00+05:30,24.5,3,4,75.0,False
12236173,2025-08-28T11:00:00+05:30,24.6,4,4,100.0,False
12236173,2025-08-28T12:00:00+05:30,24.7,4,4,100.0,False
12236173,2025-08-28T13:00:00+05:30,26.2,3,4,75.0,False
12236173,2025-08-28T14:00:00+05:30,24.5,4,4,100.0,False
12236173,2025-08-28T15:00:00+05:30,23.7,4,4,100.0,False
12236173,2025-08-28T16:00:00+05:30,24.4,4,4,100.0,False
12236173,2025-08-28T17:00:00+05:30,25.5,3,4,75.0,False
12236173,2025-08-28T18:00:00+05:30,24.2,4,4,100.0,False
12236173,2025-08-28T19:00:00+05:30,25.2,4,4,100.0,False
12236173,2025-08-28T20:00:00+05:30,26.6,4,4,100.0,False
12236173,2025-08-28T21:00:00+05:30,24.7,4,4,100.0,False
12236173,2025-08-28T22:00:00+05:30,25.1,3,4,75.0,False
12236173,2025-08-29T01:00:00+05:30,25.1,4,4,100.0,False
12236173,2025-08-29T02:00:00+05:30,25.2,4,4,100.0,False
12236173,2025-08-29T03:00:00+05:30,25.1,4,4,100.0,False
12236173,2025-08-29T04:00:00+05:30,23.5,4,4,100.0,False
12236173,2025-08-29T05:00:00+05:30,23.4,3,4,75.0,False
12236173,2025-08-29T07:00:00+05:30,25.4,3,4,75.0,False
12236173,2025-08-29T08:00:00+05:30,24.2,4,4,100.0,False
12236173,2025-08-29T09:00:00+05:30,25.8,4,4,100.0,False
12236173,2025-08-29T10:00:00+05:30,21.5,4,4,100.0,False
12236173,2025-08-29T11:00:00+05:30,19.7,4,4,100.0,False
12236173,2025-08-29T12:00:00+05:30,19.7,4,4,100.0,False
12236173,2025-08-29T13:00:00+05:30,19.2,4,4,100.0,False
12236173,2025-08-29T14:00:00+05:30,20.1,4,4,100.0,False
12236173,2025-08-29T15:00:00+05:30,20.4,4,4,100.0,False
12236173,2025-08-29T16:00:00+05:30,19.8,4,4,100.0,False
12236173,2025-08-29T17:00:00+05:30,19.7,4,4,100.0,False
12236173,2025-08-29T18:00:00+05:30,20.8,4,4,100.0,False
12236173,2025-08-29T19:00:00+05:30,18.9,4,4,100.0,False
12236173,2025-08-29T20:00:00+05:30,19.7,4,4,100.0,False
12236173,2025-08-29T21:00:00+05:30,20.5,4,4,100.0,False
12236173,2025-08-29T22:00:00+05:30,19.8,4,4,100.0,False
12236173,2025-08-30T01:00:00+05:30,21.8,4,4,100.0,False
12236173,2025-08-30T02:00:00+05:30,20.0,4,4,100.0,False
12236173,2025-08-30T03:00:00+05:30,21.1,4,4,100.0,False
12236173,2025-08-30T04:00:00+05:30,21.0,4,4,100.0,False
12236173,2025-08-30T05:00:00+05:30,19.7,4,4,100.0,False
12236173,2025-08-30T06:00:00+05:30,21.0,4,4,100.0,False
12236173,2025-08-30T07:00:00+05:30,21.4,4,4,100.0,False
12236173,2025-08-30T08:00:00+05:30,20.9,4,4,100.0,False
12236173,2025-08-30T09:00:00+05:30,19.5,4,4,100.0,False
12236173,2025-08-30T10:00:00+05:30,20.5,3,4,75.0,False
12236173,2025-08-30T11:00:00+05:30,21.1,4,4,100.0,False
12236173,2025-08-30T12:00:00+05:30,19.8,4,4,100.0,False
12236173,2025-08-30T13:00:00+05:30,19.8,4,4,100.0,False
12236173,2025-08-30T14:00:00+05:30,19.7,4,4,100.0,False
12236173,2025-08-30T15:00:00+05:30,22.5,3,4,75.0,False
12236173,2025-08-30T16:00:00+05:30,23.9,4,4,100.0,False
12236173,2025-08-30T17:00:00+05:30,23.5,3,4,75.0,False
12236173,2025-08-30T18:00:00+05:30,23.6,4,4,100.0,False
12236173,2025-08-30T19:00:00+05:30,24.6,4,4,100.0,False
12236173,2025-08-30T20:00:00+05:30,24.7,4,4,100.0,False
12236173,2025-08-30T21:00:00+05:30,23.7,4,4,100.0,False
12236173,2025-08-30T22:00:00+05:30,23.5,4,4,100.0,False
12236173,2025-08-31T01:00:00+05:30,24.7,4,4,100.0,False
12236173,2025-08-31T02:00:00+05:30,25.3,4,4,100.0,False
12236173,2025-08-31T03:00:00+05:30,23.9,4,4,100.0,False
12236173,2025-08-31T04:00:00+05:30,23.6,4,4,100.0,False
12236173,2025-08-31T07:00:00+05:30,24.3,4,4,100.0,False
12236173,2025-08-31T08:00:00+05:30,23.5,4,4,100.0,False
12236173,2025-08-31T09:00:00+05:30,23.1,4,4,100.0,False
12236173,2025-08-31T10:00:00+05:30,23.7,4,4,100.0,False
12236173,2025-08-31T11:00:00+05:30,23.7,3,4,75.0,False
12236173,2025-08-31T12:00:00+05:30,24.2,4,4,100.0,False
12236173,2025-08-31T13:00:00+05:30,23.2,4,4,100.0,False
12236173,2025-08-31T14:00:00+05:30,24.2,4,4,100.0,False
12236173,2025-08-31T15:00:00+05:30,23.7,4,4,100.0,False
12236173,2025-08-31T16:00:00+05:30,24.2,4,4,100.0,False
12236173,2025-08-31T17:00:00+05:30,23.5,4,4,100.0,False
12236173,2025-08-31T18:00:00+05:30,23.6,4,4,100.0,False
12236173,2025-08-31T19:00:00+05:30,24.4,4,4,100.0,False
12236173,2025-08-31T20:00:00+05:30,22.9,4,4,100.0,False
12236173,2025-08-31T21:00:00+05:30,25.1,4,4,100.0,False
12236173,2025-08-31T22:00:00+05:30,24.5,4,4,100.0,False
12236173,2025-09-01T01:00:00+05:30,23.8,4,4,100.0,False
12236173,2025-09-01T02:00:00+05:30,23.3,4,4,100.0,False
12236173,2025-09-01T03:00:00+05:30,22.2,4,4,100.0,False
12236173,2025-09-01T04:00:00+05:30,24.4,4,4,100.0,False
12236173,2025-09-01T07:00:00+05:30,23.8,4,4,100.0,False
12236173,2025-09-01T08:00:00+05:30,22.5,4,4,100.0,False
12236173,2025-09-01T10:00:00+05:30,24.3,3,4,75.0,False
12236173,2025-09-01T11:00:00+05:30,24.8,4,4,100.0,False
12236173,2025-09-01T12:00:00+05:30,24.6,3,4,75.0,False
12236173,2025-09-01T13:00:00+05:30,24.3,4,4,100.0,False
12236173,2025-09-01T14:00:00+05:30,24.5,4,4,100.0,False
12236173,2025-09-01T15:00:00+05:30,28.7,4,4,100.0,False
12236173,2025-09-01T17:00:00+05:30,29.8,4,4,100.0,False
12236173,2025-09-01T18:00:00+05:30,27.9,4,4,100.0,False
12236173,2025-09-01T19:00:00+05:30,27.9,4,4,100.0,False
12236173,2025-09-01T20:00:00+05:30,29.1,4,4,100.0,False
12236173,2025-09-01T21:00:00+05:30,28.8,4,4,100.0,False
12236173,2025-09-01T22:00:00+05:30,29.6,4,4,100.0,False
12236173,2025-09-02T03:00:00+05:30,29.5,4,4,100.0,False
12236173,2025-09-02T04:00:00+05:30,28.5,4,4,100.0,False
12236173,2025-09-02T05:00:00+05:30,27.4,4,4,100.0,False
12236173,2025-09-02T06:00:00+05:30,30.1,4,4,100.0,False
12236173,2025-09-02T07:00:00+05:30,27.9,4,4,100.0,False
12236173,2025-09-02T08:00:00+05:30,28.9,4,4,100.0,False
12236173,2025-09-02T09:00:00+05:30,27.0,4,4,100.0,False
12236173,2025-09-02T10:00:00+05:30,26.9,3,4,75.0,False
12236173,2025-09-02T11:00:00+05:30,29.3,4,4,100.0,False
12236173,2025-09-02T12:00:00+05:30,28.7,4,4,100.0,False
12236173,2025-09-02T13:00:00+05:30,26.9,4,4,100.0,False
12236173,2025-09-02T14:00:00+05:30,27.3,4,4,100.0,False
12236173,2025-09-02T15:00:00+05:30,22.8,4,4,100.0,False
12236173,2025-09-02T16:00:00+05:30,22.3,4,4,100.0,False
12236173,2025-09-02T17:00:00+05:30,23.6,4,4,100.0,False
12236173,2025-09-02T18:00:00+05:30,23.2,4,4,100.0,False
12236173,2025-09-02T20:00:00+05:30,23.2,4,4,100.0,False
12236173,2025-09-02T21:00:00+05:30,23.3,4,4,100.0,False
12236173,2025-09-02T22:00:00+05:30,23.7,4,4,100.0,False
12236173,2025-09-03T01:00:00+05:30,22.1,3,4,75.0,False
12236173,2025-09-03T02:00:00+05:30,22.2,4,4,100.0,False
12236173,2025-09-03T03:00:00+05:30,22.4,4,4,100.0,False
12236173,2025-09-03T04:00:00+05:30,23.3,4,4,100.0,False
12236173,2025-09-03T05:00:00+05:30,23.2,4,4,100.0,False
12236173,2025-09-03T06:00:00+05:30,22.7,3,4,75.0,False
12236173,2025-09-03T07:00:00+05:30,23.2,4,4,100.0,False
12236173,2025-09-03T08:00:00+05:30,22.4,4,4,100.0,False
12236173,2025-09-03T09:00:00+05:30,23.1,4,4,100.0,False
12236173,2025-09-03T10:00:00+05:30,22.6,4,4,100.0,False
12236173,2025-09-03T11:00:00+05:30,22.1,4,4,100.0,False
12236173,2025-09-03T12:00:00+05:30,23.3,4,4,100.0,False
12236173,2025-09-03T13:00:00+05:30,23.6,4,4,100.0,False
12236173,2025-09-03T14:00:00+05:30,25.2,3,4,75.0,False
12236173,2025-09-03T15:00:00+05:30,23.7,4,4,100.0,False
12236173,2025-09-03T16:00:00+05:30,22.4,4,4,100.0,False
12236173,2025-09-03T17:00:00+05:30,23.1,4,4,100.0,False
12236173,2025-09-03T18:00:00+05:30,24.1,4,4,100.0,False
12236173,2025-09-03T19:00:00+05:30,23.9,4,4,100.0,False
12236173,2025-09-03T20:00:00+05:30,22.9,4,4,100.0,False
12236173,2025-09-03T21:00:00+05:30,22.8,4,4,100.0,False
12236173,2025-09-03T22:00:00+05:30,22.4,4,4,100.0,False
12236173,2025-09-04T01:00:00+05:30,22.0,4,4,100.0,False
12236173,2025-09-04T02:00:00+05:30,23.8,4,4,100.0,False
12236173,2025-09-04T03:00:00+05:30,23.4,4,4,100.0,False
12236173,2025-09-04T04:00:00+05:30,24.0,4,4,100.0,False
12236173,2025-09-04T05:00:00+05:30,24.4,4,4,100.0,False
12236173,2025-09-04T06:00:00+05:30,24.2,4,4,100.0,False
12236173,2025-09-04T07:00:00+05:30,23.8,4,4,100.0,False
12236173,2025-09-04T08:00:00+05:30,24.4,4,4,100.0,False
12236173,2025-09-04T09:00:00+05:30,23.9,4,4,100.0,False
12236173,2025-09-04T10:00:00+05:30,21.7,4,4,100.0,False
12236173,2025-09-04T11:00:00+05:30,22.5,4,4,100.0,False
12236173,2025-09-04T12:00:00+05:30,22.6,3,4,75.0,False
12236173,2025-09-04T13:00:00+05:30,23.7,3,4,75.0,False
12236173,2025-09-04T14:00:00+05:30,22.7,3,4,75.0,False
12236173,2025-09-04T15:00:00+05:30,22.0,4,4,100.0,False
12236173,2025-09-04T16:00:00+05:30,24.2,4,4,100.0,False
12236173,2025-09-04T17:00:00+05:30,22.7,4,4,100.0,False
12236173,2025-09-04T18:00:00+05:30,22.8,4,4,100.0,False
12236173,2025-09-04T19:00:00+05:30,23.2,4,4,100.0,False
12236173,2025-09-04T20:00:00+05:30,23.1,4,4,100.0,False
12236173,2025-09-04T21:00:00+05:30,23.1,4,4,100.0,False
12236173,2025-09-04T22:00:00+05:30,22.7,4,4,100.0,False
12236173,2025-09-05T01:00:00+05:30,24.4,3,4,75.0,False
12236173,2025-09-05T02:00:00+05:30,22.6,4,4,100.0,False
12236173,2025-09-05T03:00:00+05:30,23.0,4,4,100.0,False
12236173,2025-09-05T04:00:00+05:30,22.4,4,4,100.0,False
12236173,2025-09-05T05:00:00+05:30,23.7,4,4,100.0,False
12236173,2025-09-05T06:00:00+05:30,23.8,4,4,100.0,False
12236173,2025-09-05T07:00:00+05:30,23.3,4,4,100.0,False
12236173,2025-09-05T08:00:00+05:30,25.3,4,4,100.0,False
12236173,2025-09-05T09:00:00+05:30,22.5,4,4,100.0,False
12236173,2025-09-05T10:00:00+05:30,22.9,4,4,100.0,False
12236173,2025-09-05T11:00:00+05:30,22.4,4,4,100.0,False
12236173,2025-09-05T12:00:00+05:30,23.2,4,4,100.0,False
12236173,2025-09-05T13:00:00+05:30,23.9,4,4,100.0,False
12236173,2025-09-05T14:00:00+05:30,23.1,4,4,100.0,False
12236173,2025-09-05T15:00:00+05:30,23.6,4,4,100.0,False
12236173,2025-09-05T16:00:00+05:30,23.1,4,4,100.0,False
12236173,2025-09-05T17:00:00+05:30,23.5,4,4,100.0,False
12236173,2025-09-05T18:00:00+05:30,23.3,4,4,100.0,False
12236173,2025-09-05T19:00:00+05:30,23.2,4,4,100.0,False
12236173,2025-09-05T20:00:00+05:30,22.5,4,4,100.0,False
12236173,2025-09-05T21:00:00+05:30,23.2,4,4,100.0,False
12236173,2025-09-05T22:00:00+05:30,22.2,4,4,100.0,False
12236173,2025-09-06T01:00:00+05:30,23.5,4,4,100.0,False
12236173,2025-09-06T02:00:00+05:30,23.2,4,4,100.0,False
12236173,2025-09-06T03:00:00+05:30,24.1,3,4,75.0,False
12236173,2025-09-06T04:00:00+05:30,22.3,4,4,100.0,False
12236173,2025-09-06T05:00:00+05:30,22.4,4,4,100.0,False
12236173,2025-09-06T06:00:00+05:30,23.2,4,4,100.0,False
12236173,2025-09-06T07:00:00+05:30,24.9,4,4,100.0,False
12236173,2025-09-06T08:00:00+05:30,23.6,4,4,100.0,False
12236173,2025-09-06T09:00:00+05:30,23.1,4,4,100.0,False
12236173,2025-09-06T10:00:00+05:30,23.4,4,4,100.0,False
12236173,2025-09-06T11:00:00+05:30,22.9,4,4,100.0,False
12236173,2025-09-06T12:00:00+05:30,22.8,4,4,100.0,False
12236173,2025-09-06T13:00:00+05:30,23.6,4,4,100.0,False
12236173,2025-09-06T14:00:00+05:30,23.8,4,4,100.0,False
12236173,2025-09-06T15:00:00+05:30,22.5,4,4,100.0,False
12236173,2025-09-06T16:00:00+05:30,22.1,4,4,100.0,False
12236173,2025-09-06T17:00:00+05:30,23.2,4,4,100.0,False
12236173,2025-09-06T18:00:00+05:30,23.4,4,4,100.0,False
12236173,2025-09-06T19:00:00+05:30,22.4,4,4,100.0,False
12236173,2025-09-06T20:00:00+05:30,23.5,4,4,100.0,False
12236173,2025-09-06T21:00:00+05:30,23.8,4,4,100.0,False
12236173,2025-09-06T22:00:00+05:30,24.2,4,4,100.0,False
12236173,2025-09-07T01:00:00+05:30,22.1,4,4,100.0,False
12236173,2025-09-07T02:00:00+05:30,23.2,4,4,100.0,False
12236173,2025-09-07T03:00:00+05:30,22.5,4,4,100.0,False
12236173,2025-09-07T04:00:00+05:30,24.7,4,4,100.0,False
12236173,2025-09-07T05:00:00+05:30,22.6,4,4,100.0,False
12236173,2025-09-07T06:00:00+05:30,22.9,4,4,100.0,False
12236173,2025-09-07T07:00:00+05:30,22.4,4,4,100.0,False
12236173,2025-09-07T08:00:00+05:30,22.1,4,4,100.0,False
12236173,2025-09-07T09:00:00+05:30,22.8,4,4,100.0,False
12236173,2025-09-07T10:00:00+05:30,22.3,3,4,75.0,False
12236173,2025-09-07T11:00:00+05:30,24.3,3,4,75.0,False
12236173,2025-09-07T12:00:00+05:30,22.8,4,4,100.0,False
12236173,2025-09-07T13:00:00+05:30,23.2,4,4,100.0,False
12236173,2025-09-07T14:00:00+05:30,22.1,4,4,100.0,False
12236173,2025-09-07T15:00:00+05:30,23.0,4,4,100.0,False
12236173,2025-09-07T16:00:00+05:30,22.5,4,4,100.0,False
12236173,2025-09-07T17:00:00+05:30,23.3,4,4,100.0,False
12236173,2025-09-07T18:00:00+05:30,22.1,4,4,100.0,False
12236173,2025-09-07T19:00:00+05:30,24.0,4,4,100.0,False
12236173,2025-09-07T20:00:00+05:30,23.6,4,4,100.0,False
12236173,2025-09-07T21:00:00+05:30,23.5,4,4,100.0,False
12236173,2025-09-07T22:00:00+05:30,23.4,4,4,100.0,False
12236173,2025-09-08T01:00:00+05:30,23.4,4,4,100.0,False
12236173,2025-09-08T02:00:00+05:30,23.1,4,4,100.0,False
12236173,2025-09-08T03:00:00+05:30,23.5,4,4,100.0,False
12236173,2025-09-08T04:00:00+05:30,22.6,4,4,100.0,False
12236173,2025-09-08T05:00:00+05:30,22.5,4,4,100.0,False
12236173,2025-09-08T06:00:00+05:30,23.0,4,4,100.0,False
12236173,2025-09-08T07:00:00+05:30,23.8,4,4,100.0,False
12236173,2025-09-08T08:00:00+05:30,23.9,4,4,100.0,False
12236173,2025-09-08T09:00:00+05:30,22.0,4,4,100.0,False
12236173,2025-09-08T10:00:00+05:30,22.2,3,4,75.0,False
12236173,2025-09-08T11:00:00+05:30,22.5,4,4,100.0,False
12236173,2025-09-08T12:00:00+05:30,25.7,4,4,100.0,False
12236173,2025-09-08T21:00:00+05:30,24.4,4,4,100.0,False
12236173,2025-09-08T22:00:00+05:30,27.5,4,4,100.0,False
12236173,2025-09-09T01:00:00+05:30,26.1,4,4,100.0,False
12236173,2025-09-09T02:00:00+05:30,27.2,4,4,100.0,False
12236173,2025-09-09T03:00:00+05:30,26.0,4,4,100.0,False
12236173,2025-09-09T04:00:00+05:30,25.7,4,4,100.0,False
12236173,2025-09-09T05:00:00+05:30,26.4,4,4,100.0,False
12236173,2025-09-09T06:00:00+05:30,25.5,4,4,100.0,False
12236173,2025-09-09T07:00:00+05:30,26.1,4,4,100.0,False
12236173,2025-09-09T08:00:00+05:30,26.2,4,4,100.0,False
12236173,2025-09-09T09:00:00+05:30,25.0,4,4,100.0,False
12236173,2025-09-09T10:00:00+05:30,26.2,4,4,100.0,False
12236173,2025-09-09T11:00:00+05:30,27.6,4,4,100.0,False
12236173,2025-09-09T12:00:00+05:30,28.0,4,4,100.0,False
12236173,2025-09-09T13:00:00+05:30,25.7,4,4,100.0,False
12236173,2025-09-09T14:00:00+05:30,26.2,4,4,100.0,False
12236173,2025-09-09T15:00:00+05:30,25.6,4,4,100.0,False
12236173,2025-09-09T16:00:00+05:30,26.8,4,4,100.0,False
12236173,2025-09-09T17:00:00+05:30,25.8,4,4,100.0,False
12236173,2025-09-09T18:00:00+05:30,26.7,4,4,100.0,False
12236173,2025-09-09T19:00:00+05:30,24.9,4,4,100.0,False
12236173,2025-09-09T20:00:00+05:30,26.1,4,4,100.0,False
12236173,2025-09-09T21:00:00+05:30,26.5,4,4,100.0,False
12236173,2025-09-09T22:00:00+05:30,26.0,4,4,100.0,False
12236173,2025-09-10T02:00:00+05:30,27.1,4,4,100.0,False
12236173,2025-09-10T04:00:00+05:30,25.0,3,4,75.0,False
12236173,2025-09-10T05:00:00+05:30,25.9,4,4,100.0,False
12236173,2025-09-10T06:00:00+05:30,26.3,4,4,100.0,False
12236173,2025-09-10T07:00:00+05:30,26.6,4,4,100.0,False
12236173,2025-09-10T08:00:00+05:30,26.3,3,4,75.0,False
12236173,2025-09-10T09:00:00+05:30,24.9,4,4,100.0,False
12236173,2025-09-10T10:00:00+05:30,25.4,3,4,75.0,False
12236173,2025-09-10T11:00:00+05:30,26.5,3,4,75.0,False
12236173,2025-09-10T13:00:00+05:30,26.4,4,4,100.0,False
12236173,2025-09-10T16:00:00+05:30,0.0,4,4,100.0,False
12236173,2025-09-11T12:00:00+05:30,17.2,3,4,75.0,False
12236173,2025-09-11T13:00:00+05:30,25.1,4,4,100.0,False
12236173,2025-09-11T14:00:00+05:30,24.3,4,4,100.0,False
12236173,2025-09-11T15:00:00+05:30,25.0,4,4,100.0,False
12236173,2025-09-11T16:00:00+05:30,25.4,4,4,100.0,False
12236173,2025-09-11T17:00:00+05:30,23.9,3,4,75.0,False
12236173,2025-09-11T18:00:00+05:30,25.2,4,4,100.0,False
12236173,2025-09-11T19:00:00+05:30,23.1,4,4,100.0,False
12236173,2025-09-11T20:00:00+05:30,24.0,4,4,100.0,False
12236173,2025-09-11T21:00:00+05:30,24.5,4,4,100.0,False
12236173,2025-09-11T22:00:00+05:30,25.2,4,4,100.0,False
12236173,2025-09-12T01:00:00+05:30,24.9,4,4,100.0,False
12236173,2025-09-12T02:00:00+05:30,26.1,4,4,100.0,False
12236173,2025-09-12T03:00:00+05:30,22.9,4,4,100.0,False
12236173,2025-09-12T04:00:00+05:30,23.0,3,4,75.0,False
12236173,2025-09-12T05:00:00+05:30,24.8,4,4,100.0,False
12236173,2025-09-12T06:00:00+05:30,24.2,4,4,100.0,False
12236173,2025-09-12T07:00:00+05:30,24.5,4,4,100.0,False
12236173,2025-09-12T08:00:00+05:30,23.7,4,4,100.0,False
12236173,2025-09-12T09:00:00+05:30,23.9,4,4,100.0,False
12236173,2025-09-12T10:00:00+05:30,25.1,4,4,100.0,False
12236173,2025-09-12T11:00:00+05:30,24.2,4,4,100.0,False
12236173,2025-09-12T12:00:00+05:30,25.0,3,4,75.0,False
12236173,2025-09-12T13:00:00+05:30,25.4,4,4,100.0,False
12236173,2025-09-12T14:00:00+05:30,24.6,4,4,100.0,False
12236173,2025-09-12T15:00:00+05:30,24.7,4,4,100.0,False
12236173,2025-09-12T16:00:00+05:30,24.3,4,4,100.0,False
12236173,2025-09-12T17:00:00+05:30,25.0,4,4,100.0,False
12236173,2025-09-12T18:00:00+05:30,25.1,4,4,100.0,False
12236173,2025-09-12T19:00:00+05:30,23.7,4,4,100.0,False
12236173,2025-09-12T20:00:00+05:30,24.3,4,4,100.0,False
12236173,2025-09-12T21:00:00+05:30,23.5,3,4,75.0,False
12236173,2025-09-12T22:00:00+05:30,23.8,4,4,100.0,False
12236173,2025-09-13T01:00:00+05:30,24.5,4,4,100.0,False
12236173,2025-09-13T02:00:00+05:30,24.0,4,4,100.0,False
12236173,2025-09-13T03:00:00+05:30,24.5,4,4,100.0,False
12236173,2025-09-13T04:00:00+05:30,23.6,4,4,100.0,False
12236173,2025-09-13T05:00:00+05:30,25.1,4,4,100.0,False
12236173,2025-09-13T06:00:00+05:30,23.3,3,4,75.0,False
12236173,2025-09-13T07:00:00+05:30,24.2,4,4,100.0,False
12236173,2025-09-13T08:00:00+05:30,25.0,4,4,100.0,False
12236173,2025-09-13T09:00:00+05:30,23.2,4,4,100.0,False
12236173,2025-09-13T10:00:00+05:30,24.5,3,4,75.0,False
12236173,2025-09-13T11:00:00+05:30,23.7,4,4,100.0,False
12236173,2025-09-13T12:00:00+05:30,24.4,4,4,100.0,False
12236173,2025-09-13T13:00:00+05:30,24.4,4,4,100.0,False
12236173,2025-09-13T14:00:00+05:30,25.3,4,4,100.0,False
12236173,2025-09-13T15:00:00+05:30,24.8,4,4,100.0,False
12236173,2025-09-13T16:00:00+05:30,23.1,4,4,100.0,False
12236173,2025-09-13T17:00:00+05:30,23.2,4,4,100.0,False
12236173,2025-09-13T18:00:00+05:30,24.6,4,4,100.0,False
12236173,2025-09-13T19:00:00+05:30,25.5,4,4,100.0,False
12236173,2025-09-13T20:00:00+05:30,24.5,4,4,100.0,False
12236173,2025-09-13T21:00:00+05:30,23.9,3,4,75.0,False
12236173,2025-09-13T22:00:00+05:30,24.5,4,4,100.0,False
12236173,2025-09-14T01:00:00+05:30,24.4,4,4,100.0,False
12236173,2025-09-14T02:00:00+05:30,23.1,4,4,100.0,False
12236173,2025-09-14T03:00:00+05:30,23.0,4,4,100.0,False
12236173,2025-09-14T04:00:00+05:30,23.9,4,4,100.0,False
12236173,2025-09-14T05:00:00+05:30,24.3,4,4,100.0,False
12236173,2025-09-14T06:00:00+05:30,23.4,4,4,100.0,False
12236173,2025-09-14T07:00:00+05:30,23.8,4,4,100.0,False
12236173,2025-09-14T08:00:00+05:30,24.9,4,4,100.0,False
12236173,2025-09-14T09:00:00+05:30,23.8,4,4,100.0,False
12236173,2025-09-14T10:00:00+05:30,24.4,4,4,100.0,False
12236173,2025-09-14T11:00:00+05:30,23.7,3,4,75.0,False
12236173,2025-09-14T12:00:00+05:30,25.5,4,4,100.0,False
12236173,2025-09-14T13:00:00+05:30,24.0,4,4,100.0,False
12236173,2025-09-14T14:00:00+05:30,24.2,4,4,100.0,False
12236173,2025-09-14T15:00:00+05:30,25.3,3,4,75.0,False
12236173,2025-09-14T16:00:00+05:30,23.1,4,4,100.0,False
12236173,2025-09-14T17:00:00+05:30,24.5,4,4,100.0,False
12236173,2025-09-14T18:00:00+05:30,25.5,4,4,100.0,False
12236173,2025-09-14T19:00:00+05:30,24.5,4,4,100.0,False
12236173,2025-09-14T20:00:00+05:30,24.0,4,4,100.0,False
12236173,2025-09-14T21:00:00+05:30,25.0,4,4,100.0,False
12236173,2025-09-14T22:00:00+05:30,24.1,4,4,100.0,False
12236173,2025-09-15T01:00:00+05:30,24.7,4,4,100.0,False
12236173,2025-09-15T02:00:00+05:30,24.2,4,4,100.0,False
12236173,2025-09-15T03:00:00+05:30,24.3,4,4,100.0,False
12236173,2025-09-15T04:00:00+05:30,25.3,4,4,100.0,False
12236173,2025-09-15T05:00:00+05:30,24.1,4,4,100.0,False
12236173,2025-09-15T06:00:00+05:30,25.1,4,4,100.0,False
12236173,2025-09-15T07:00:00+05:30,23.3,4,4,100.0,False
12236173,2025-09-15T08:00:00+05:30,23.6,4,4,100.0,False
12236173,2025-09-15T09:00:00+05:30,24.2,4,4,100.0,False
12236173,2025-09-15T10:00:00+05:30,24.5,4,4,100.0,False
12236173,2025-09-15T11:00:00+05:30,23.2,4,4,100.0,False
12236173,2025-09-15T12:00:00+05:30,23.9,4,4,100.0,False
12236173,2025-09-15T13:00:00+05:30,24.0,4,4,100.0,False
12236173,2025-09-15T14:00:00+05:30,24.7,3,4,75.0,False
12236173,2025-09-15T15:00:00+05:30,26.1,3,4,75.0,False
12236173,2025-09-15T16:00:00+05:30,29.0,4,4,100.0,False
12236173,2025-09-15T17:00:00+05:30,27.1,4,4,100.0,False
12236173,2025-09-15T18:00:00+05:30,26.2,3,4,75.0,False
12236173,2025-09-15T19:00:00+05:30,26.1,4,4,100.0,False
12236173,2025-09-15T20:00:00+05:30,28.8,4,4,100.0,False
12236173,2025-09-15T21:00:00+05:30,28.0,4,4,100.0,False
12236173,2025-09-15T22:00:00+05:30,29.6,4,4,100.0,False
12236173,2025-09-16T01:00:00+05:30,29.1,4,4,100.0,False
12236173,2025-09-16T02:00:00+05:30,27.0,4,4,100.0,False
12236173,2025-09-16T03:00:00+05:30,28.1,4,4,100.0,False
12236173,2025-09-16T04:00:00+05:30,29.0,4,4,100.0,False
12236173,2025-09-16T05:00:00+05:30,25.6,4,4,100.0,False
12236173,2025-09-16T06:00:00+05:30,26.7,4,4,100.0,False
12236173,2025-09-16T07:00:00+05:30,27.8,4,4,100.0,False
12236173,2025-09-16T08:00:00+05:30,28.6,4,4,100.0,False
12236173,2025-09-16T09:00:00+05:30,27.7,4,4,100.0,False
12236173,2025-09-16T10:00:00+05:30,28.1,4,4,100.0,False
12236173,2025-09-16T11:00:00+05:30,28.8,4,4,100.0,False
12236173,2025-09-16T12:00:00+05:30,27.5,4,4,100.0,False
12236173,2025-09-16T13:00:00+05:30,28.5,4,4,100.0,False
12236173,2025-09-16T14:00:00+05:30,29.2,4,4,100.0,False
12236173,2025-09-16T15:00:00+05:30,28.4,4,4,100.0,False
12236173,2025-09-16T16:00:00+05:30,27.2,4,4,100.0,False
12236173,2025-09-16T17:00:00+05:30,29.1,4,4,100.0,False
12236173,2025-09-16T19:00:00+05:30,27.8,3,4,75.0,False
12236173,2025-09-16T20:00:00+05:30,28.4,4,4,100.0,False
12236173,2025-09-16T21:00:00+05:30,27.8,4,4,100.0,False
12236173,2025-09-16T22:00:00+05:30,27.6,4,4,100.0,False
12236173,2025-09-17T01:00:00+05:30,28.2,4,4,100.0,False
12236173,2025-09-17T02:00:00+05:30,27.6,4,4,100.0,False
12236173,2025-09-17T04:00:00+05:30,29.4,4,4,100.0,False
12236173,2025-09-17T05:00:00+05:30,28.5,4,4,100.0,False
12236173,2025-09-17T06:00:00+05:30,29.3,4,4,100.0,False
12236173,2025-09-17T07:00:00+05:30,27.7,4,4,100.0,False
12236173,2025-09-17T08:00:00+05:30,28.6,4,4,100.0,False
12236173,2025-09-17T09:00:00+05:30,28.1,4,4,100.0,False
12236173,2025-09-17T10:00:00+05:30,27.7,3,4,75.0,False
12236173,2025-09-17T11:00:00+05:30,19.3,4,4,100.0,False
12236173,2025-09-17T12:00:00+05:30,19.6,4,4,100.0,False
12236173,2025-09-17T13:00:00+05:30,19.2,4,4,100.0,False
12236173,2025-09-17T14:00:00+05:30,18.9,4,4,100.0,False
12236173,2025-09-17T15:00:00+05:30,20.5,4,4,100.0,False
12236173,2025-09-17T16:00:00+05:30,18.6,4,4,100.0,False
12236173,2025-09-17T17:00:00+05:30,18.6,4,4,100.0,False
12236173,2025-09-17T18:00:00+05:30,19.0,4,4,100.0,False
12236173,2025-09-17T19:00:00+05:30,19.2,3,4,75.0,False
12236173,2025-09-17T20:00:00+05:30,19.7,4,4,100.0,False
12236173,2025-09-17T21:00:00+05:30,19.7,4,4,100.0,False
12236173,2025-09-17T22:00:00+05:30,19.1,4,4,100.0,False
12236173,2025-09-18T01:00:00+05:30,19.5,3,4,75.0,False
12236173,2025-09-18T02:00:00+05:30,19.9,4,4,100.0,False
12236173,2025-09-18T03:00:00+05:30,19.7,3,4,75.0,False
12236173,2025-09-18T04:00:00+05:30,18.2,4,4,100.0,False
12236173,2025-09-18T05:00:00+05:30,19.9,3,4,75.0,False
12236173,2025-09-18T06:00:00+05:30,20.1,4,4,100.0,False
12236173,2025-09-18T07:00:00+05:30,19.7,4,4,100.0,False
12236173,2025-09-18T08:00:00+05:30,19.4,4,4,100.0,False
12236173,2025-09-18T15:00:00+05:30,20.6,4,4,100.0,False
12236173,2025-09-18T17:00:00+05:30,24.7,4,4,100.0,False
12236173,2025-09-18T18:00:00+05:30,24.2,4,4,100.0,False
12236173,2025-09-18T19:00:00+05:30,24.6,4,4,100.0,False
12236173,2025-09-18T20:00:00+05:30,25.3,3,4,75.0,False
12236173,2025-09-18T21:00:00+05:30,23.1,4,4,100.0,False
12236173,2025-09-18T22:00:00+05:30,23.3,4,4,100.0,False
12236173,2025-09-19T01:00:00+05:30,23.5,4,4,100.0,False
12236173,2025-09-19T02:00:00+05:30,26.1,4,4,100.0,False
12236173,2025-09-19T03:00:00+05:30,24.8,4,4,100.0,False
12236173,2025-09-19T04:00:00+05:30,23.6,4,4,100.0,False
12236173,2025-09-19T05:00:00+05:30,24.3,4,4,100.0,False
12236173,2025-09-19T06:00:00+05:30,23.9,4,4,100.0,False
12236173,2025-09-19T07:00:00+05:30,25.4,4,4,100.0,False
12236173,2025-09-19T08:00:00+05:30,24.7,4,4,100.0,False
12236173,2025-09-19T09:00:00+05:30,25.0,4,4,100.0,False
12236173,2025-09-19T10:00:00+05:30,25.0,4,4,100.0,False
12236173,2025-09-19T11:00:00+05:30,25.9,4,4,100.0,False
12236173,2025-09-19T12:00:00+05:30,25.3,4,4,100.0,False
12236173,2025-09-19T13:00:00+05:30,23.4,4,4,100.0,False
12236173,2025-09-19T14:00:00+05:30,24.9,4,4,100.0,False
12236173,2025-09-19T15:00:00+05:30,23.6,4,4,100.0,False
12236173,2025-09-19T16:00:00+05:30,24.0,4,4,100.0,False
12236173,2025-09-19T17:00:00+05:30,27.3,4,4,100.0,False
12236173,2025-09-19T18:00:00+05:30,25.7,4,4,100.0,False
12236173,2025-09-19T19:00:00+05:30,23.0,4,4,100.0,False
12236173,2025-09-19T20:00:00+05:30,23.3,4,4,100.0,False
12236173,2025-09-19T21:00:00+05:30,25.9,4,4,100.0,False
12236173,2025-09-19T22:00:00+05:30,25.0,4,4,100.0,False
12236173,2025-09-20T01:00:00+05:30,23.8,3,4,75.0,False
12236173,2025-09-20T02:00:00+05:30,25.9,4,4,100.0,False
12236173,2025-09-20T03:00:00+05:30,24.1,3,4,75.0,False
12236173,2025-09-20T04:00:00+05:30,25.0,4,4,100.0,False
12236173,2025-09-20T05:00:00+05:30,24.8,4,4,100.0,False
12236173,2025-09-20T06:00:00+05:30,24.2,4,4,100.0,False
12236173,2025-09-20T07:00:00+05:30,24.6,3,4,75.0,False
12236173,2025-09-20T08:00:00+05:30,22.8,4,4,100.0,False
12236173,2025-09-20T09:00:00+05:30,24.8,4,4,100.0,False
12236173,2025-09-20T10:00:00+05:30,25.5,4,4,100.0,False
12236173,2025-09-20T11:00:00+05:30,24.0,4,4,100.0,False
12236173,2025-09-20T12:00:00+05:30,24.9,4,4,100.0,False
12236173,2025-09-20T13:00:00+05:30,23.3,4,4,100.0,False
12236173,2025-09-20T14:00:00+05:30,24.4,4,4,100.0,False
12236173,2025-09-20T15:00:00+05:30,26.0,4,4,100.0,False
12236173,2025-09-20T16:00:00+05:30,26.3,4,4,100.0,False
12236173,2025-09-20T17:00:00+05:30,27.8,4,4,100.0,False
12236173,2025-09-20T18:00:00+05:30,26.9,4,4,100.0,False
12236173,2025-09-20T19:00:00+05:30,27.6,4,4,100.0,False
12236173,2025-09-20T20:00:00+05:30,27.9,4,4,100.0,False
12236173,2025-09-20T21:00:00+05:30,27.1,4,4,100.0,False
12236173,2025-09-20T22:00:00+05:30,27.5,4,4,100.0,False
12236173,2025-09-21T01:00:00+05:30,26.9,4,4,100.0,False
12236173,2025-09-21T02:00:00+05:30,27.8,4,4,100.0,False
12236173,2025-09-21T03:00:00+05:30,27.5,4,4,100.0,False
12236173,2025-09-21T04:00:00+05:30,27.5,3,4,75.0,False
12236173,2025-09-21T05:00:00+05:30,29.6,3,4,75.0,False
12236173,2025-09-21T07:00:00+05:30,26.3,4,4,100.0,False
12236173,2025-09-21T08:00:00+05:30,27.3,4,4,100.0,False
12236173,2025-09-21T09:00:00+05:30,26.3,4,4,100.0,False
12236173,2025-09-21T10:00:00+05:30,25.5,4,4,100.0,False
12236173,2025-09-21T11:00:00+05:30,27.7,4,4,100.0,False
12236173,2025-09-21T12:00:00+05:30,28.7,4,4,100.0,False
12236173,2025-09-21T13:00:00+05:30,28.0,4,4,100.0,False
12236173,2025-09-21T14:00:00+05:30,26.0,4,4,100.0,False
12236173,2025-09-21T15:00:00+05:30,26.8,4,4,100.0,False
12236173,2025-09-21T16:00:00+05:30,27.5,4,4,100.0,False
12236173,2025-09-21T17:00:00+05:30,28.1,4,4,100.0,False
12236173,2025-09-21T18:00:00+05:30,25.5,4,4,100.0,False
12236173,2025-09-21T19:00:00+05:30,27.0,4,4,100.0,False
12236173,2025-09-21T20:00:00+05:30,27.0,4,4,100.0,False
12236173,2025-09-21T21:00:00+05:30,27.8,3,4,75.0,False
12236173,2025-09-21T22:00:00+05:30,27.7,3,4,75.0,False
12236173,2025-09-22T01:00:00+05:30,29.2,4,4,100.0,False
12236173,2025-09-22T02:00:00+05:30,27.7,4,4,100.0,False
12236173,2025-09-22T03:00:00+05:30,27.0,4,4,100.0,False
12236173,2025-09-22T04:00:00+05:30,27.8,4,4,100.0,False
12236173,2025-09-22T05:00:00+05:30,25.6,4,4,100.0,False
12236173,2025-09-22T06:00:00+05:30,26.8,4,4,100.0,False
12236173,2025-09-22T07:00:00+05:30,26.7,4,4,100.0,False
12236173,2025-09-22T08:00:00+05:30,27.2,4,4,100.0,False
12236173,2025-09-22T09:00:00+05:30,26.7,4,4,100.0,False
12236173,2025-09-22T10:00:00+05:30,26.4,4,4,100.0,False
12236173,2025-09-22T11:00:00+05:30,27.1,4,4,100.0,False
12236173,2025-09-22T12:00:00+05:30,28.6,4,4,100.0,False
12236173,2025-09-22T13:00:00+05:30,28.1,4,4,100.0,False
12236173,2025-09-22T14:00:00+05:30,26.2,4,4,100.0,False
12236173,2025-09-22T15:00:00+05:30,20.8,3,4,75.0,False
12236173,2025-09-22T17:00:00+05:30,21.7,4,4,100.0,False
12236173,2025-09-22T18:00:00+05:30,22.1,4,4,100.0,False
12236173,2025-09-22T19:00:00+05:30,20.3,4,4,100.0,False
12236173,2025-09-22T20:00:00+05:30,21.7,4,4,100.0,False
12236173,2025-09-22T21:00:00+05:30,20.9,4,4,100.0,False
12236173,2025-09-22T22:00:00+05:30,21.1,4,4,100.0,False
12236173,2025-09-23T01:00:00+05:30,19.9,4,4,100.0,False
12236173,2025-09-23T02:00:00+05:30,22.6,4,4,100.0,False
12236173,2025-09-23T03:00:00+05:30,21.9,4,4,100.0,False
12236173,2025-09-23T04:00:00+05:30,22.1,4,4,100.0,False
12236173,2025-09-23T05:00:00+05:30,22.0,4,4,100.0,False
12236173,2025-09-23T06:00:00+05:30,20.3,4,4,100.0,False
12236173,2025-09-23T07:00:00+05:30,21.7,4,4,100.0,False
12236173,2025-09-23T08:00:00+05:30,21.4,4,4,100.0,False
12236173,2025-09-23T09:00:00+05:30,21.9,4,4,100.0,False
12236173,2025-09-23T10:00:00+05:30,21.4,4,4,100.0,False
12236173,2025-09-23T11:00:00+05:30,20.4,4,4,100.0,False
12236173,2025-09-23T12:00:00+05:30,21.0,4,4,100.0,False
12236173,2025-09-23T13:00:00+05:30,20.7,4,4,100.0,False
12236173,2025-09-23T14:00:00+05:30,21.0,4,4,100.0,False
12236173,2025-09-23T15:00:00+05:30,21.2,4,4,100.0,False
12236173,2025-09-23T16:00:00+05:30,21.3,4,4,100.0,False
12236173,2025-09-23T17:00:00+05:30,21.2,4,4,100.0,False
12236173,2025-09-23T18:00:00+05:30,21.7,4,4,100.0,False
12236173,2025-09-23T19:00:00+05:30,22.3,4,4,100.0,False
12236173,2025-09-23T20:00:00+05:30,21.6,4,4,100.0,False
12236173,2025-09-23T21:00:00+05:30,22.2,4,4,100.0,False
12236173,2025-09-23T22:00:00+05:30,21.0,3,4,75.0,False
12236173,2025-09-24T01:00:00+05:30,22.0,4,4,100.0,False
12236173,2025-09-24T02:00:00+05:30,21.1,4,4,100.0,False
12236173,2025-09-24T03:00:00+05:30,21.6,4,4,100.0,False
12236173,2025-09-24T04:00:00+05:30,22.1,4,4,100.0,False
12236173,2025-09-24T05:00:00+05:30,21.1,4,4,100.0,False
12236173,2025-09-24T06:00:00+05:30,20.3,4,4,100.0,False
12236173,2025-09-24T07:00:00+05:30,22.1,4,4,100.0,False
12236173,2025-09-24T08:00:00+05:30,21.5,4,4,100.0,False
12236173,2025-09-24T09:00:00+05:30,21.1,4,4,100.0,False
12236173,2025-09-24T10:00:00+05:30,20.5,3,4,75.0,False
12236173,2025-09-24T11:00:00+05:30,21.8,3,4,75.0,False
12236173,2025-09-24T13:00:00+05:30,22.3,4,4,100.0,False
12236173,2025-09-24T14:00:00+05:30,21.3,4,4,100.0,False
12236173,2025-09-24T15:00:00+05:30,22.2,4,4,100.0,False
12236173,2025-09-24T16:00:00+05:30,20.5,4,4,100.0,False
12236173,2025-09-24T17:00:00+05:30,21.6,4,4,100.0,False
12236173,2025-09-24T18:00:00+05:30,21.2,4,4,100.0,False
12236173,2025-09-24T20:00:00+05:30,19.7,4,4,100.0,False
12236173,2025-09-24T21:00:00+05:30,22.6,4,4,100.0,False
12236173,2025-09-24T22:00:00+05:30,21.0,4,4,100.0,False
12236173,2025-09-25T01:00:00+05:30,20.8,4,4,100.0,False
12236173,2025-09-25T02:00:00+05:30,20.8,4,4,100.0,False
12236173,2025-09-25T03:00:00+05:30,21.5,4,4,100.0,False
12236173,2025-09-25T04:00:00+05:30,20.5,4,4,100.0,False
12236173,2025-09-25T05:00:00+05:30,21.2,4,4,100.0,False
12236173,2025-09-25T06:00:00+05:30,20.5,4,4,100.0,False
12236173,2025-09-25T07:00:00+05:30,20.2,4,4,100.0,False
12236173,2025-09-25T11:00:00+05:30,18.1,3,4,75.0,False
12236173,2025-09-25T12:00:00+05:30,17.8,4,4,100.0,False
12236173,2025-09-25T15:00:00+05:30,16.9,4,4,100.0,False
12236173,2025-09-25T16:00:00+05:30,17.9,3,4,75.0,False
12236173,2025-09-25T17:00:00+05:30,17.5,4,4,100.0,False
12236173,2025-09-25T18:00:00+05:30,16.5,4,4,100.0,False
12236173,2025-09-25T19:00:00+05:30,18.1,4,4,100.0,False
12236173,2025-09-25T20:00:00+05:30,17.3,4,4,100.0,False
12236173,2025-09-25T21:00:00+05:30,16.5,4,4,100.0,False
12236173,2025-09-25T22:00:00+05:30,16.3,4,4,100.0,False
12236173,2025-09-26T01:00:00+05:30,17.8,4,4,100.0,False
12236173,2025-09-26T02:00:00+05:30,17.7,4,4,100.0,False
12236173,2025-09-26T03:00:00+05:30,17.4,4,4,100.0,False
12236173,2025-09-26T04:00:00+05:30,17.0,4,4,100.0,False
12236173,2025-09-26T05:00:00+05:30,16.4,4,4,100.0,False
12236173,2025-09-26T06:00:00+05:30,18.0,4,4,100.0,False
12236173,2025-09-26T07:00:00+05:30,16.4,4,4,100.0,False
12236173,2025-09-26T10:00:00+05:30,17.5,4,4,100.0,False
12236173,2025-09-26T11:00:00+05:30,17.6,4,4,100.0,False
12236173,2025-09-26T12:00:00+05:30,15.9,4,4,100.0,False
12236173,2025-09-26T13:00:00+05:30,16.9,4,4,100.0,False
12236173,2025-09-26T14:00:00+05:30,17.9,3,4,75.0,False
12236173,2025-09-26T19:00:00+05:30,16.8,4,4,100.0,False
12236173,2025-09-26T20:00:00+05:30,17.4,4,4,100.0,False
12236173,2025-09-26T21:00:00+05:30,16.6,4,4,100.0,False
12236173,2025-09-26T22:00:00+05:30,16.5,4,4,100.0,False
12236173,2025-09-27T02:00:00+05:30,18.4,4,4,100.0,False
12236173,2025-09-27T03:00:00+05:30,17.5,4,4,100.0,False
12236173,2025-09-27T04:00:00+05:30,17.0,4,4,100.0,False
12236173,2025-09-27T05:00:00+05:30,18.0,4,4,100.0,False
12236173,2025-09-27T06:00:00+05:30,17.6,4,4,100.0,False
12236173,2025-09-27T07:00:00+05:30,18.5,4,4,100.0,False
12236173,2025-09-27T08:00:00+05:30,16.7,4,4,100.0,False
12236173,2025-09-27T09:00:00+05:30,17.5,4,4,100.0,False
12236173,2025-09-27T10:00:00+05:30,17.8,4,4,100.0,False
12236173,2025-09-27T11:00:00+05:30,17.7,4,4,100.0,False
12236173,2025-09-27T12:00:00+05:30,17.5,4,4,100.0,False
12236173,2025-09-27T13:00:00+05:30,18.1,4,4,100.0,False
12236173,2025-09-27T14:00:00+05:30,16.8,4,4,100.0,False
12236173,2025-09-27T15:00:00+05:30,17.4,4,4,100.0,False
12236173,2025-09-27T16:00:00+05:30,17.2,4,4,100.0,False
12236173,2025-09-27T17:00:00+05:30,17.8,4,4,100.0,False
12236173,2025-09-27T18:00:00+05:30,17.1,4,4,100.0,False
12236173,2025-09-27T19:00:00+05:30,16.5,4,4,100.0,False
12236173,2025-09-27T20:00:00+05:30,16.8,4,4,100.0,False
12236173,2025-09-27T21:00:00+05:30,16.7,4,4,100.0,False
12236173,2025-09-27T22:00:00+05:30,16.9,4,4,100.0,False
12236173,2025-09-28T01:00:00+05:30,17.5,4,4,100.0,False
12236173,2025-09-28T02:00:00+05:30,17.2,4,4,100.0,False
12236173,2025-09-28T03:00:00+05:30,17.7,4,4,100.0,False
12236173,2025-09-28T04:00:00+05:30,18.0,4,4,100.0,False
12236173,2025-09-28T05:00:00+05:30,17.9,4,4,100.0,False
12236173,2025-09-28T06:00:00+05:30,16.5,4,4,100.0,False
12236173,2025-09-28T07:00:00+05:30,16.8,4,4,100.0,False
12236173,2025-09-28T08:00:00+05:30,17.6,4,4,100.0,False
12236173,2025-09-28T09:00:00+05:30,17.9,4,4,100.0,False
12236173,2025-09-28T10:00:00+05:30,16.9,4,4,100.0,False
12236173,2025-09-28T11:00:00+05:30,17.5,4,4,100.0,False
12236173,2025-09-28T12:00:00+05:30,16.9,4,4,100.0,False
12236173,2025-09-28T13:00:00+05:30,17.1,4,4,100.0,False
12236173,2025-09-28T14:00:00+05:30,16.9,4,4,100.0,False
12236173,2025-09-28T15:00:00+05:30,17.5,4,4,100.0,False
12236173,2025-09-28T16:00:00+05:30,17.1,4,4,100.0,False
12236173,2025-09-28T17:00:00+05:30,17.7,4,4,100.0,False
12236173,2025-09-28T18:00:00+05:30,16.7,4,4,100.0,False
12236173,2025-09-28T19:00:00+05:30,17.2,3,4,75.0,False
12236173,2025-09-28T22:00:00+05:30,17.6,4,4,100.0,False
12236173,2025-09-29T01:00:00+05:30,16.9,4,4,100.0,False
12236173,2025-09-29T02:00:00+05:30,16.6,4,4,100.0,False
12236173,2025-09-29T03:00:00+05:30,17.9,4,4,100.0,False
12236173,2025-09-29T04:00:00+05:30,17.6,4,4,100.0,False
12236173,2025-09-29T05:00:00+05:30,17.5,4,4,100.0,False
12236173,2025-09-29T06:00:00+05:30,17.0,4,4,100.0,False
12236173,2025-09-29T07:00:00+05:30,19.5,3,4,75.0,False
12236173,2025-09-29T08:00:00+05:30,17.8,4,4,100.0,False
12236173,2025-09-29T09:00:00+05:30,17.2,4,4,100.0,False
12236173,2025-09-29T10:00:00+05:30,17.4,4,4,100.0,False
12236173,2025-09-29T11:00:00+05:30,17.6,4,4,100.0,False
12236173,2025-09-29T12:00:00+05:30,17.5,4,4,100.0,False
12236173,2025-09-29T13:00:00+05:30,16.5,4,4,100.0,False
12236173,2025-09-29T14:00:00+05:30,17.1,4,4,100.0,False
12236173,2025-09-29T15:00:00+05:30,17.9,3,4,75.0,False
12236173,2025-09-29T16:00:00+05:30,16.5,3,4,75.0,False
12236173,2025-09-29T17:00:00+05:30,16.3,4,4,100.0,False
12236173,2025-09-29T18:00:00+05:30,17.1,4,4,100.0,False
12236173,2025-09-29T19:00:00+05:30,17.2,4,4,100.0,False
12236173,2025-09-29T20:00:00+05:30,17.6,4,4,100.0,False
12236173,2025-09-29T21:00:00+05:30,17.1,4,4,100.0,False
12236173,2025-09-29T22:00:00+05:30,17.1,4,4,100.0,False
12236173,2025-09-30T01:00:00+05:30,16.7,4,4,100.0,False
12236173,2025-09-30T02:00:00+05:30,16.9,4,4,100.0,False
12236173,2025-09-30T03:00:00+05:30,18.7,4,4,100.0,False
12236173,2025-09-30T04:00:00+05:30,16.8,4,4,100.0,False
12236173,2025-09-30T05:00:00+05:30,17.3,4,4,100.0,False
12236173,2025-09-30T06:00:00+05:30,17.7,4,4,100.0,False
12236173,2025-09-30T07:00:00+05:30,17.4,4,4,100.0,False
12236173,2025-09-30T08:00:00+05:30,17.7,4,4,100.0,False
12236173,2025-09-30T09:00:00+05:30,17.9,4,4,100.0,False
12236173,2025-09-30T10:00:00+05:30,16.8,3,4,75.0,False
