datetime,actual_pm25,linear_prediction,random_forest_prediction,gradient_boosting_prediction
2026-05-15 14:30:00,15.4,17.820095436745593,16.05100000000001,16.449933336383356
2026-05-15 15:30:00,16.8,17.48031610971489,16.102499999999996,15.872860653560123
2026-05-15 21:30:00,16.0,15.234371649348205,16.4935,17.059692754792128
2026-05-15 22:30:00,16.0,15.089955980121987,16.269000000000002,16.445293620914068
2026-05-15 23:30:00,15.8,15.168931683611447,16.390500000000007,16.445293620914068
2026-05-19 05:30:00,10.2,10.983144210900315,10.158800000000006,10.383812835369367
2026-05-19 06:30:00,9.72,11.09591282940258,10.244550000000006,10.881404913604237
2026-05-19 10:30:00,10.1,11.791109246434337,10.276900000000003,10.881404913604237
2026-05-19 11:30:00,10.3,11.815895507161482,10.297900000000004,10.881404913604237
2026-05-19 12:30:00,10.6,12.049980165740259,10.540650000000003,11.225401007200992
2026-05-19 13:30:00,10.5,12.34087968835526,10.967449999999987,12.263979982968186
2026-05-19 14:30:00,10.1,12.55468388459024,11.012649999999994,12.263979982968186
2026-05-19 15:30:00,10.3,12.467770346633815,10.399799999999997,10.881404913604237
2026-05-19 20:30:00,10.4,9.117845151167115,10.028150000000014,9.930609144290388
2026-05-19 21:30:00,10.2,9.578842804281688,10.78985,12.187964355935602
2026-05-19 22:30:00,9.75,9.742822086941956,10.285000000000007,10.805389286571653
2026-05-19 23:30:00,9.54,9.62371654100378,9.933100000000014,9.930609144290388
2026-05-20 00:30:00,9.98,9.581277336192928,9.958300000000008,9.93815109063245
2026-05-20 01:30:00,10.3,9.961823263002099,10.152300000000004,10.315339154678846
2026-05-20 07:30:00,10.3,11.141296496192938,10.510150000000001,11.225401007200992
2026-05-20 09:30:00,10.5,11.183653151852361,10.07520000000001,10.114504838600809
2026-05-20 10:30:00,10.3,11.610873620069139,10.888799999999994,12.263979982968186
2026-05-20 11:30:00,10.4,11.784871458268668,10.564600000000006,11.225401007200992
2026-05-20 12:30:00,10.7,11.970533052994945,10.9067,12.263979982968186
2026-05-20 13:30:00,9.57,12.315363297467357,10.942249999999987,12.263979982968186
2026-05-20 14:30:00,10.0,11.950876632224793,10.07495,10.114504838600809
2026-05-20 15:30:00,10.1,12.111576204576739,10.768950000000004,10.881404913604237
2026-05-20 20:30:00,10.5,9.450763550636267,10.604749999999994,12.187964355935602
2026-05-20 21:30:00,10.1,9.64212344941249,10.907799999999993,12.187964355935602
2026-05-21 02:30:00,9.6,10.001543136455272,9.846600000000011,9.93815109063245
2026-05-21 09:30:00,10.5,11.391387306169221,10.592749999999997,11.225401007200992
2026-05-21 10:30:00,10.8,11.59601537198381,11.057549999999992,12.263979982968186
2026-05-21 11:30:00,9.69,11.919451697121955,10.74454999999999,12.263979982968186
2026-05-21 12:30:00,10.1,11.57896266968115,10.028450000000003,10.114504838600809
2026-05-21 13:30:00,9.72,11.774307116653807,10.296900000000004,10.881404913604237
2026-05-21 14:30:00,9.7,11.740935539861859,10.043149999999999,10.114504838600809
2026-05-22 08:30:00,17.6,14.356160480446736,18.698499999999978,16.969252158335973
2026-05-22 09:30:00,15.9,15.884019387715487,16.497000000000003,17.92132626143839
2026-05-22 10:30:00,16.1,15.444697703513452,15.355500000000005,15.92929154207823
2026-05-22 11:30:00,16.7,15.514597793625352,15.28650000000001,15.92929154207823
2026-05-22 12:30:00,15.6,16.003316415155457,16.75550000000001,16.543690675956285
2026-05-22 13:30:00,16.3,15.793662140270623,15.44850000000001,15.352218859254974
2026-05-22 14:30:00,15.6,16.15904907732695,15.529500000000006,15.92929154207823
2026-05-22 15:30:00,16.8,16.142510841755723,15.4625,15.352218859254974
2026-05-26 07:30:00,20.5,21.733059513878114,20.374499999999983,21.31191217391745
2026-05-26 08:30:00,21.5,21.735493764588238,21.131000000000007,20.39822664307355
2026-05-26 09:30:00,21.5,22.283136686575205,21.01999999999998,21.31191217391745
2026-05-26 10:30:00,22.0,22.613301340011144,21.54299999999999,22.43833022805191
2026-05-26 11:30:00,20.3,23.028338685879095,21.753500000000003,22.43833022805191
2026-05-26 12:30:00,20.6,22.378547639784575,21.26800000000001,21.37433477591736
2026-05-27 12:30:00,21.0,22.901905912871655,21.795000000000005,22.43833022805191
2026-05-27 13:30:00,20.9,22.699189207835246,21.320000000000004,22.43833022805191
2026-05-27 15:30:00,21.2,23.006336298509215,21.12150000000001,21.31191217391745
2026-05-30 07:30:00,20.3,21.274226843299115,20.858499999999978,21.31191217391745
2026-06-02 12:30:00,25.5,27.16299898264393,25.682999999999993,25.549713358312875
2026-06-02 13:30:00,25.0,27.178385694020577,25.472499999999982,25.549713358312875
2026-06-02 14:30:00,24.9,27.082911871502645,25.23799999999999,25.210488470236523
2026-06-02 15:30:00,25.1,27.11706693759404,25.36950000000003,25.210488470236523
2026-06-02 20:30:00,26.2,24.926555716753974,25.811499999999988,26.72972889841102
2026-06-02 21:30:00,25.8,25.03646776017421,25.299499999999988,26.156443539536827
2026-06-02 22:30:00,26.4,24.98971964252818,25.807000000000006,25.49888956744555
2026-06-02 23:30:00,24.8,25.316350188623275,26.022000000000002,26.72972889841102
2026-06-03 00:30:00,25.9,24.7666314623551,25.904000000000014,24.879143743940006
2026-06-03 01:30:00,25.3,25.20447781618356,25.668999999999997,25.50643151378761
2026-06-03 02:30:00,25.7,25.277170512527025,25.1025,25.431745948195253
2026-06-03 03:30:00,25.7,25.529407403138137,25.777,25.50643151378761
2026-06-03 04:30:00,26.0,25.818008819453027,25.66799999999999,25.503529282914837
2026-06-03 05:30:00,24.7,26.070759517559143,25.889499999999988,26.161083255006115
2026-06-03 06:30:00,24.7,25.58504625107216,25.450500000000005,24.87624151306723
2026-06-03 07:30:00,25.2,25.65490982130886,25.06200000000001,24.87624151306723
2026-06-03 12:30:00,25.7,26.274702624124558,24.65650000000001,24.372016945478777
2026-06-03 13:30:00,25.9,26.87697688880895,25.232000000000006,25.549713358312875
2026-06-03 14:30:00,23.2,27.305489490498626,25.86449999999997,25.549713358312875
2026-06-03 15:30:00,24.4,26.135927786111573,24.082999999999988,24.032209774577257
2026-06-03 20:30:00,24.3,23.783626976862433,24.708000000000023,25.42420400185319
2026-06-03 21:30:00,25.4,23.706997890291074,25.197500000000012,24.32119315461145
2026-06-03 22:30:00,25.8,24.204501768734016,25.540499999999984,25.42420400185319
2026-06-03 23:30:00,26.4,24.76952033559555,25.931499999999996,25.49888956744555
2026-06-04 00:30:00,25.0,25.183544026697597,26.045999999999996,26.737270844753084
2026-06-04 01:30:00,24.7,24.801132688678603,25.748500000000007,25.16720662571126
2026-06-04 05:30:00,24.3,24.649511583457713,24.047999999999973,24.044653120310265
2026-06-04 06:30:00,26.1,24.659739385405995,24.805999999999997,24.32583287008074
2026-06-04 07:30:00,23.7,25.825671552936612,24.99000000000001,26.161083255006115
2026-06-04 08:30:00,25.2,25.099930335561133,24.24099999999997,24.044653120310265
2026-06-04 11:30:00,15.5,19.191109207629744,16.053499999999985,15.89894068977139
2026-06-04 15:30:00,15.1,18.16885649220328,15.947500000000021,16.27142787880001
2026-06-04 21:30:00,14.4,16.090215872876122,15.463799999999999,15.551833094764323
2026-06-04 22:30:00,15.1,15.95966117845736,14.754500000000009,15.551833094764323
2026-06-05 02:30:00,14.9,17.122504860039232,15.988999999999999,16.635147903054964
2026-06-05 04:30:00,15.0,16.631961907130794,15.15450000000001,15.38670424960945
2026-06-05 05:30:00,15.2,16.61503445170564,15.232500000000009,15.624744913834355
2026-06-05 06:30:00,13.9,16.83550885977348,15.463500000000005,15.872860653560123
2026-06-05 07:30:00,15.9,16.369386893197486,14.959500000000007,15.120918648770122
2026-06-05 08:30:00,14.2,17.05425374936031,16.650000000000002,16.449933336383356
2026-06-05 09:30:00,15.3,16.64677299912132,15.523500000000002,15.37416047443478
2026-06-05 10:30:00,14.1,16.42449526459796,15.255999999999998,15.872860653560123
2026-06-05 11:30:00,15.2,15.969828411811697,14.701499999999996,15.120918648770122
2026-06-05 12:30:00,15.4,16.414545433015203,15.285499999999988,15.872860653560123
2026-06-05 14:30:00,15.0,16.88746762346241,14.119649999999979,15.985133396536366
2026-06-05 15:30:00,15.1,16.921736586161078,15.078599999999994,15.159944973987352
2026-06-05 21:30:00,15.0,14.241016304015055,15.605500000000017,15.699397222498112
2026-06-05 22:30:00,14.8,14.074313230425297,15.376500000000007,15.451281482772357
2026-06-05 23:30:00,15.0,14.090572439656029,15.227999999999994,15.451281482772357
2026-06-06 01:30:00,15.4,14.50661656731138,15.013000000000003,15.45882342911442
2026-06-06 02:30:00,15.4,14.934176244792699,15.524299999999984,15.706939168840174
2026-06-06 03:30:00,15.9,15.062286953322623,15.411999999999999,15.706939168840174
2026-06-06 04:30:00,14.8,15.464126508745018,15.478000000000003,16.281109620790644
2026-06-06 05:30:00,14.4,15.16282829655778,15.553499999999987,15.455921198241645
2026-06-06 06:30:00,14.8,14.955770060845747,14.568399999999981,15.205336758842067
2026-06-06 07:30:00,15.7,15.16672105000179,15.107500000000005,15.455921198241645
2026-06-06 08:30:00,15.7,15.94805670956185,15.519799999999986,15.7040369379674
2026-06-09 06:30:00,9.49,11.943871438217013,11.398300000000006,12.263979982968186
2026-06-09 07:30:00,10.3,11.657979128797667,9.89170000000001,10.114504838600809
2026-06-09 08:30:00,9.76,11.968324551499794,10.661950000000006,11.225401007200992
2026-06-09 09:30:00,10.4,11.93769115504703,10.048200000000012,10.114504838600809
2026-06-09 10:30:00,10.5,12.201630595329306,11.2827,12.263979982968186
2026-06-09 11:30:00,9.82,12.228409884701776,11.215399999999999,12.263979982968186
2026-06-09 12:30:00,10.1,12.021654039940632,10.114400000000005,10.114504838600809
2026-06-09 13:30:00,10.2,12.158914331689598,10.342600000000003,10.881404913604237
2026-06-09 14:30:00,10.8,12.384330774356247,10.351849999999999,10.881404913604237
2026-06-09 15:30:00,9.56,12.886466745833925,10.905449999999988,12.263979982968186
2026-06-09 20:30:00,9.97,9.401088739480777,10.222000000000007,10.805389286571653
2026-06-09 21:30:00,9.74,9.496791130583048,10.268250000000013,10.307797208336783
2026-06-09 22:30:00,9.98,9.47203819457561,9.969050000000008,9.930609144290388
2026-06-09 23:30:00,10.7,9.761472134417186,10.13325000000001,10.307797208336783
2026-06-10 00:30:00,9.99,10.29809419412027,10.658249999999994,12.195506302277664
2026-06-10 01:30:00,10.5,10.24641984570518,10.61865,10.812931232913716
2026-06-10 08:30:00,9.34,11.072870106358721,10.113950000000013,10.383812835369367
2026-06-10 13:30:00,9.74,12.041001475112786,10.294199999999995,10.881404913604237
2026-06-10 14:30:00,10.4,11.95559024552588,10.074549999999999,10.114504838600809
2026-06-10 15:30:00,9.9,12.420564611911598,10.957499999999992,12.263979982968186
2026-06-10 20:30:00,11.3,9.031817017849718,10.025000000000011,10.307797208336783
2026-06-10 21:30:00,9.58,9.909411398036955,10.641799999999995,12.187964355935602
2026-06-10 22:30:00,9.8,9.430540475125245,9.641400000000004,9.930609144290388
2026-06-10 23:30:00,10.2,9.432922103886735,9.953000000000008,9.930609144290388
2026-06-11 07:30:00,10.3,10.779170425748934,10.067050000000002,10.114504838600809
2026-06-11 08:30:00,10.0,11.096557888564845,10.459999999999997,11.225401007200992
2026-06-11 09:30:00,9.86,11.158709211496141,10.814899999999998,10.881404913604237
2026-06-11 12:30:00,9.84,12.01636144934482,10.864849999999995,12.263979982968186
2026-06-11 13:30:00,10.4,11.799055360445603,10.0743,10.114504838600809
2026-06-11 14:30:00,9.48,12.07791339456329,11.023999999999996,12.263979982968186
2026-06-11 15:30:00,9.9,11.905829357408127,10.040199999999997,10.114504838600809
2026-06-11 20:30:00,10.1,9.275665639823007,10.776249999999996,12.187964355935602
2026-06-11 21:30:00,10.1,9.380130698872446,10.490900000000005,10.805389286571653
2026-06-11 22:30:00,10.7,9.351234566246795,10.57625,10.805389286571653
2026-06-11 23:30:00,10.1,9.819833348838177,10.755999999999993,12.187964355935602
2026-06-12 00:30:00,10.0,9.804725481569932,10.484550000000011,10.812931232913716
2026-06-12 04:30:00,9.99,10.310356652274855,10.615900000000002,10.881404913604237
2026-06-12 05:30:00,9.61,10.445912046300144,11.035300000000001,10.881404913604237
2026-06-12 06:30:00,10.1,10.384714428245644,10.446150000000012,10.114504838600809
2026-06-12 07:30:00,10.2,10.67118139806906,10.516150000000005,10.881404913604237
2026-06-12 08:30:00,10.5,10.97954925211393,10.524400000000005,10.881404913604237
2026-06-12 09:30:00,9.89,11.286330911790554,11.056399999999988,12.263979982968186
2026-06-12 10:30:00,10.7,11.177591639635054,10.372200000000007,10.383812835369367
2026-06-12 11:30:00,22.0,11.658757485042123,10.831449999999991,12.263979982968186
2026-06-12 12:30:00,21.4,17.612186295794157,30.881000000000018,21.278258337602836
2026-06-12 13:30:00,21.7,19.322046477013625,23.104499999999998,21.990889192240576
2026-06-12 14:30:00,23.2,19.684630542773863,22.523000000000003,21.990889192240576
2026-06-12 15:30:00,21.7,20.712428089542485,23.154999999999983,22.833886282857282
2026-06-12 20:30:00,22.7,18.24895579187155,23.623499999999993,22.99042375136165
2026-06-12 21:30:00,21.6,18.39719772922399,24.693499999999986,22.57069774176538
2026-06-12 22:30:00,23.7,18.044552478229214,24.980500000000003,22.203268515203074
2026-06-12 23:30:00,23.1,19.237317862359568,23.844499999999986,23.422656800346708
2026-06-13 00:30:00,21.5,19.53904706145575,24.943499999999986,23.518607492008844
2026-06-13 01:30:00,23.4,18.934615044814826,26.224499999999967,22.675610401392138
2026-06-13 02:30:00,22.7,19.903900951160857,24.366999999999983,23.599022462281482
2026-06-13 03:30:00,21.8,20.15692521172097,24.659499999999994,23.098881482412573
2026-06-13 04:30:00,22.4,19.91790967147925,24.398500000000002,22.672708170519364
2026-06-13 05:30:00,22.2,20.351712214406653,22.90299999999999,22.934802067566142
2026-06-13 06:30:00,21.5,20.614750616069163,23.876499999999997,22.685251945694034
2026-06-13 07:30:00,22.8,20.554384915424283,23.809500000000018,22.685251945694034
2026-06-13 08:30:00,21.5,21.386012207756487,22.812499999999986,23.117114403364976
2026-06-13 09:30:00,21.8,21.25620690933562,23.826000000000004,22.855020506318198
2026-06-13 10:30:00,21.1,21.44672216427243,22.889999999999997,22.69384332234454
2026-06-13 11:30:00,21.2,21.473476168686968,22.374499999999994,22.69384332234454
2026-06-13 12:30:00,23.8,22.359314953702086,21.22799999999998,21.31191217391745
2026-06-13 13:30:00,23.0,23.907710166907535,23.48049999999999,22.66978406757234
2026-06-13 14:30:00,21.9,24.10901746849226,23.41850000000001,23.022778493046
2026-06-13 15:30:00,22.1,23.69573718411413,22.45699999999999,22.599507412025567
2026-06-13 20:30:00,23.5,20.429589361709944,22.606500000000036,22.59486769655628
2026-06-13 21:30:00,22.2,21.330391342565083,23.00349999999999,23.289130948932335
2026-06-13 22:30:00,23.0,21.056478285062706,21.62100000000003,22.59486769655628
2026-06-13 23:30:00,21.9,21.523738494718714,23.069000000000003,23.018138777576713
2026-06-14 00:30:00,23.2,21.23552394938826,22.62900000000002,22.60240964289834
2026-06-14 01:30:00,21.6,21.75080614458279,22.889499999999995,23.28422954954139
2026-06-14 02:30:00,23.1,21.424559052951828,21.938000000000017,22.60240964289834
2026-06-14 03:30:00,22.1,22.035413802480182,22.573500000000003,23.28422954954139
2026-06-14 04:30:00,21.4,21.87016316591045,22.078000000000017,22.599507412025567
2026-06-14 05:30:00,22.6,21.547214039554156,21.836500000000033,22.43833022805191
2026-06-14 06:30:00,22.6,22.17360349003317,23.150999999999996,22.861601309072345
2026-06-14 07:30:00,22.0,22.47717704487716,23.327000000000016,23.022778493046
2026-06-14 08:30:00,23.0,22.413451834072273,22.396500000000014,22.599507412025567
2026-06-14 09:30:00,22.3,22.901089548958893,22.9215,22.861601309072345
2026-06-14 10:30:00,21.9,22.883255439869508,22.562000000000012,22.599507412025567
2026-06-14 11:30:00,22.4,22.6960085660135,22.30550000000001,22.599507412025567
2026-06-14 12:30:00,21.9,23.043797810675986,22.257999999999985,22.861601309072345
2026-06-14 13:30:00,21.8,23.195077743542953,22.647500000000004,22.599507412025567
2026-06-14 14:30:00,21.8,23.18175322095748,22.134500000000013,22.43833022805191
2026-06-14 15:30:00,23.0,23.233113163215865,22.019500000000008,22.43833022805191
2026-06-14 21:30:00,21.2,21.91361789143037,22.884,23.018138777576713
2026-06-14 22:30:00,22.0,21.29893132934303,21.999000000000024,22.59486769655628
2026-06-14 23:30:00,22.8,21.705270984717185,21.907999999999998,21.45758237973881
2026-06-15 04:30:00,22.9,16.711569334728704,19.346400000000024,17.121840536264045
2026-06-15 05:30:00,21.9,21.13828630037164,25.273999999999972,22.53380060494685
2026-06-15 06:30:00,22.7,22.82286352620747,22.056499999999993,22.599507412025567
2026-06-15 07:30:00,24.4,23.222404212321024,22.621499999999997,22.861601309072345
2026-06-15 08:30:00,26.3,24.309848842523404,23.85350000000001,23.736127598145753
2026-06-15 09:30:00,24.8,25.76276416280066,25.872499999999995,25.57137798307113
2026-06-15 21:30:00,23.6,24.08169590145253,26.06599999999999,25.566738267601842
2026-06-15 22:30:00,25.7,22.952067953678025,24.14999999999999,23.45030813290599
2026-06-15 23:30:00,25.4,23.806957575383578,25.34,24.909184295510563
2026-06-16 00:30:00,26.0,24.230937941524367,25.92750000000001,24.842040676260268
2026-06-16 20:30:00,25.0,24.339867731231703,25.872999999999983,25.856979661508323
2026-06-16 21:30:00,26.0,24.18480753334686,25.309500000000007,24.979235277414904
2026-06-16 22:30:00,25.6,24.519611583169684,26.084000000000014,26.07003574420444
2026-06-16 23:30:00,23.8,24.80110751131175,25.33849999999999,25.49888956744555
2026-06-17 00:30:00,25.2,24.010124409261252,24.546499999999984,24.17052807868428
2026-06-17 01:30:00,26.7,24.608513806754264,25.2915,25.431745948195253
2026-06-17 02:30:00,24.2,25.68845558392993,25.335000000000004,26.737270844753084
2026-06-17 07:30:00,24.6,26.079897931541627,25.24649999999999,25.503529282914837
2026-06-17 12:30:00,25.4,26.572383270011564,24.919500000000006,26.120859535071766
2026-06-17 13:30:00,25.2,26.83930096764179,25.174999999999997,25.38861999738813
2026-06-17 14:30:00,26.7,26.741094894674287,25.003500000000003,25.38861999738813
2026-06-17 20:30:00,25.5,24.129574648620466,25.861499999999996,25.49888956744555
2026-06-17 21:30:00,25.6,24.28492703587109,25.407500000000006,25.49888956744555
2026-06-17 22:30:00,25.1,24.52333694305218,25.47199999999999,25.49888956744555
2026-06-17 23:30:00,25.4,24.421607775313444,25.527499999999996,25.159664679369197
2026-06-18 00:30:00,25.7,24.535309072168552,25.530499999999993,25.431745948195253
2026-06-20 05:30:00,30.4,27.885076252249192,28.052499999999977,27.9409361934724
2026-06-20 06:30:00,27.8,29.056515974755428,28.944500000000033,29.348908204608495
2026-06-20 07:30:00,28.4,28.337027319379008,28.227000000000004,27.656995143936577
2026-06-20 08:30:00,28.7,28.391651699704056,28.351000000000013,28.053439659826086
2026-06-20 09:30:00,27.1,28.796320715692456,28.01599999999999,28.13466636079534
2026-06-20 11:30:00,27.6,29.25607697523219,27.59349999999999,28.271180938134723
2026-06-20 12:30:00,27.4,28.87835375290672,28.34800000000001,27.782398884182403
2026-06-20 13:30:00,28.1,28.620738484661217,28.187,27.782398884182403
2026-06-20 14:30:00,28.2,29.120115148482277,28.24549999999999,27.955802757344287
2026-06-20 15:30:00,27.3,29.394252328163926,28.129999999999992,28.099623735224124
2026-06-20 20:30:00,28.1,26.43597943540141,27.747500000000006,28.048799944356798
2026-06-20 21:30:00,28.0,26.550903067216073,27.983000000000015,27.90497896647696
2026-06-20 22:30:00,29.5,26.63067860268739,27.77850000000001,27.731575093315076
2026-06-20 23:30:00,28.1,27.504422576601854,27.60850000000002,28.266541222665435
2026-06-21 00:30:00,29.5,27.17089345220155,27.7125,27.912520912819023
2026-06-21 01:30:00,28.5,27.863756180317807,28.00050000000001,28.274083169007497
2026-06-21 02:30:00,28.5,27.733569333047438,27.813500000000005,28.137568591668114
2026-06-21 03:30:00,28.5,27.666405833407264,27.19000000000001,28.137568591668114
2026-06-21 04:30:00,28.2,27.913863896789774,27.820000000000018,28.13466636079534
2026-06-21 05:30:00,28.6,27.887429307323018,27.59000000000002,28.053439659826086
2026-06-21 06:30:00,26.4,28.294812099548633,27.61049999999999,28.13466636079534
2026-06-21 07:30:00,29.9,27.263039420256778,27.573000000000008,27.199970923308914
2026-06-21 08:30:00,27.9,28.80743715930674,28.15700000000003,28.49816248217495
2026-06-21 09:30:00,28.0,28.555117871962658,28.389999999999997,27.736214808784364
2026-06-21 10:30:00,28.3,28.345530494854806,28.02450000000001,27.736214808784364
2026-06-21 11:30:00,28.3,28.786869628017744,28.531000000000013,28.053439659826086
2026-06-21 12:30:00,28.5,28.90149171348408,28.22350000000001,28.099623735224124
2026-06-21 13:30:00,29.5,29.132489144714295,28.278999999999996,28.180850436193378
2026-06-21 14:30:00,27.4,29.868005904261672,26.712999999999997,28.31736501353276
2026-06-21 15:30:00,29.4,29.1617605421698,28.04499999999999,27.782398884182403
2026-06-21 20:30:00,29.4,27.34499995902228,28.313,28.13002664532605
2026-06-21 21:30:00,28.3,28.108230747068802,27.61650000000001,28.266541222665435
2026-06-21 22:30:00,27.9,27.846120950011436,27.79899999999999,28.048799944356798
2026-06-21 23:30:00,28.2,27.719036256171986,28.139499999999995,27.731575093315076
2026-06-22 00:30:00,28.1,27.87648397512821,27.451,28.05634189069886
2026-06-22 01:30:00,28.4,28.09593342641402,28.468500000000027,27.912520912819023
2026-06-22 02:30:00,28.8,28.32514921235069,28.294500000000006,28.05634189069886
2026-06-22 03:30:00,28.4,28.713589259884653,28.3515,28.137568591668114
2026-06-22 04:30:00,26.9,28.734599634418796,28.11550000000003,28.053439659826086
2026-06-22 05:30:00,27.3,28.059555080471156,27.550499999999996,27.26760243801728
2026-06-22 06:30:00,28.6,28.183517880827058,27.224500000000017,27.658199606675016
2026-06-22 07:30:00,28.2,28.908898138625457,28.51750000000003,28.13466636079534
2026-06-22 12:30:00,23.2,27.39969771665365,24.18299999999998,25.59687111481734
2026-06-22 13:30:00,24.6,26.83829327004953,22.939500000000002,24.30408191668292
2026-06-22 14:30:00,25.0,27.397503868675006,24.169500000000003,25.194297730570934
2026-06-22 15:30:00,25.4,27.805660387000895,25.217999999999993,25.28284033171495
2026-06-22 20:30:00,23.9,24.772932939067722,24.163500000000003,25.42420400185319
2026-06-22 21:30:00,23.9,24.409836996323556,24.21150000000003,24.16298613234222
2026-06-22 22:30:00,25.2,24.217990024481217,23.805500000000006,24.16298613234222
2026-06-22 23:30:00,25.8,24.959790848326225,24.439500000000013,25.42420400185319
2026-06-23 00:30:00,22.3,25.596756974419208,25.687999999999985,25.50643151378761
2026-06-23 01:30:00,22.9,24.054177615702454,23.956500000000016,23.192114914833326
2026-06-26 20:30:00,25.2,23.16777749625369,24.09699999999999,24.860200801340692
2026-06-26 21:30:00,23.8,23.42968178532913,25.026499999999977,25.2437745998989
2026-06-26 22:30:00,24.0,23.005254596523674,24.32650000000002,23.982556730387927
2026-06-26 23:30:00,25.3,22.96377924777803,24.309499999999993,23.982556730387927
2026-06-27 00:30:00,24.5,23.761074929210746,24.642499999999995,25.25131654624096
2026-06-27 01:30:00,25.5,23.73033727881412,24.596999999999998,24.698714341985713
2026-06-27 02:30:00,23.4,24.267437945114033,24.952499999999983,25.32600211183332
2026-06-27 03:30:00,24.2,23.645109233564842,24.01899999999999,23.867125949228747
2026-06-27 04:30:00,24.0,23.76625547642719,24.51550000000001,24.145403468126446
2026-06-27 05:30:00,24.9,23.971895655486584,24.494500000000006,23.987196445857215
2026-06-27 06:30:00,24.3,24.663563974685243,24.455499999999997,24.983874992884193
2026-06-27 07:30:00,25.0,24.548287942404198,24.391999999999992,24.145403468126446
2026-06-27 09:30:00,23.9,24.967092745443043,24.33,24.145403468126446
2026-06-27 10:30:00,23.1,24.68111498287292,24.4705,23.987196445857215
2026-06-27 11:30:00,23.0,24.38814585571876,23.84,23.851780372622965
2026-06-27 12:30:00,25.2,24.328371215226703,23.191999999999997,23.313019886952482
2026-06-30 08:30:00,23.9,25.027041290675246,24.52850000000002,24.145403468126446
2026-06-30 09:30:00,24.8,25.151806077632596,24.204500000000007,23.868161969783003
2026-06-30 10:30:00,25.3,25.55051462614066,24.570999999999998,24.576777635038727
2026-06-30 11:30:00,27.5,26.126696546732443,24.904000000000014,25.248414315368187
2026-06-30 12:30:00,28.3,27.49517457593143,25.916500000000013,27.136367172799506
2026-06-30 16:30:00,28.4,28.802129647256958,27.83850000000002,27.3167965747538
2026-06-30 21:30:00,28.4,26.254152203317414,28.236499999999978,27.583197634928194
2026-07-01 02:30:00,28.3,27.277661641439455,27.49449999999998,27.67196628223951
2026-07-01 06:30:00,29.0,27.596664088825843,28.02650000000001,27.19259729724641
2026-07-01 07:30:00,27.9,28.291220608961186,28.078000000000003,27.669064051366735
2026-07-01 08:30:00,28.7,28.222172482718477,28.209500000000006,27.27061249935576
2026-07-01 09:30:00,28.6,28.645777280647767,28.174999999999983,27.669064051366735
2026-07-01 10:30:00,29.2,28.96800135595451,28.063499999999987,27.702723435735095
2026-07-01 15:30:00,29.8,30.29278754445903,28.396500000000007,28.12363484620982
2026-07-01 16:30:00,29.1,31.0220068724669,28.57700000000001,28.54434655757299
2026-07-01 20:30:00,27.4,26.902836553201524,27.965000000000003,27.90497896647696
2026-07-01 21:30:00,28.5,26.66864903628746,27.939500000000013,27.731575093315076
2026-07-01 22:30:00,27.5,27.276603813997188,28.62799999999998,28.13002664532605
2026-07-02 01:30:00,28.2,27.1473234163988,28.35699999999999,27.73911703965714
2026-07-02 02:30:00,28.7,27.734695090745326,28.544999999999995,28.05634189069886
2026-07-02 03:30:00,28.2,28.243848468488316,27.9215,28.137568591668114
2026-07-02 05:30:00,28.3,27.584113281624116,27.53949999999998,27.199970923308914
2026-07-02 06:30:00,27.8,28.180209545380915,28.22,28.053439659826086
2026-07-02 07:30:00,27.1,28.444630072779717,28.0315,27.736214808784364
2026-07-02 08:30:00,27.5,28.11339938913877,27.610500000000023,27.397614912819684
2026-07-02 09:30:00,27.8,28.38310605267983,27.85300000000003,27.736214808784364
2026-07-02 10:30:00,29.0,28.739336779894057,28.30900000000001,27.736214808784364
2026-07-02 11:30:00,28.8,29.56418517294796,28.560000000000006,28.13466636079534
2026-07-02 13:30:00,29.3,30.06136229225829,28.457500000000003,28.31736501353276
2026-07-02 14:30:00,27.7,30.3471030398515,28.4095,28.31736501353276
2026-07-02 15:30:00,27.8,29.821886614670948,28.118499999999997,27.782398884182403
2026-07-02 16:30:00,26.8,29.77948440728222,28.382,27.782398884182403
2026-07-02 20:30:00,26.7,27.075847177627193,28.453500000000005,28.187321557817647
2026-07-03 00:30:00,28.4,26.92390542324348,28.462,27.65989737480935
2026-07-03 01:30:00,28.7,27.39542551004269,28.374500000000015,27.977122225851073
2026-07-03 02:30:00,29.6,27.897719357994035,28.068500000000014,28.137568591668114
2026-07-03 03:30:00,28.7,28.591772115446208,28.430000000000003,28.274083169007497
2026-07-03 04:30:00,28.1,28.424844340909367,28.126000000000012,28.13466636079534
2026-07-03 05:30:00,27.7,28.044509396214206,27.96,27.90961868194625
2026-07-03 11:30:00,19.7,23.077246412495263,21.0415,20.626994823168047
2026-07-03 12:30:00,21.0,23.37429613970608,19.924649999999986,20.55464296168962
2026-07-03 13:30:00,19.9,24.21734564663218,20.266500000000015,21.901617445852434
2026-07-03 14:30:00,20.0,23.954430241704014,20.33849999999999,20.837621993717885
2026-07-03 15:30:00,20.6,23.803151157300036,19.839000000000002,20.837621993717885
2026-07-03 16:30:00,21.7,24.17728533272785,20.225500000000018,20.837621993717885
2026-07-03 20:30:00,20.3,20.526790167430732,19.936499999999977,20.652552876294305
2026-07-03 21:30:00,19.4,20.53849305544401,20.24150000000001,20.652552876294305
2026-07-03 23:30:00,20.2,20.71441682552921,20.105499999999996,20.533518400220093
2026-07-04 00:30:00,20.2,20.79473501728254,20.21849999999999,20.541060346562155
2026-07-04 01:30:00,20.5,20.870954983229865,20.123,20.26944102971078
2026-07-04 02:30:00,20.1,21.11964313735758,20.50700000000001,20.250818952655674
2026-07-04 03:30:00,19.2,21.087242140088808,20.146999999999977,20.250818952655674
2026-07-04 04:30:00,21.9,20.594148997417502,19.564949999999996,19.912711204123344
2026-07-04 05:30:00,19.3,21.8147449777019,21.243,21.31191217391745
2026-07-04 06:30:00,19.9,20.996811881951317,20.48014999999998,21.039129258257805
2026-07-04 10:30:00,19.8,21.08769189687924,20.475500000000014,20.2479167217829
2026-07-04 11:30:00,19.8,20.890979007542555,20.044999999999987,20.2479167217829
2026-07-04 12:30:00,20.4,21.0100108158848,20.266499999999976,20.2479167217829
2026-07-04 13:30:00,20.2,21.54113609141891,20.531999999999993,20.2479167217829
2026-07-04 14:30:00,20.1,21.618321590504124,20.234000000000005,20.2479167217829
2026-07-04 15:30:00,19.8,21.700628920882828,20.222149999999996,20.2479167217829
2026-07-04 16:30:00,20.6,21.72615103654049,20.354999999999983,20.2479167217829
2026-07-04 22:30:00,20.1,18.99482454249136,19.734000000000012,20.243277006313612
2026-07-04 23:30:00,19.7,19.09430600505081,19.837,20.243277006313612
2026-07-05 00:30:00,19.6,19.029554106697383,20.055999999999997,19.915613434996118
2026-07-05 01:30:00,19.2,19.06338029897449,19.611000000000004,19.915613434996118
2026-07-05 02:30:00,20.6,19.013528337447358,19.970999999999993,19.915613434996118
2026-07-05 03:30:00,20.6,19.768185045141006,20.01899999999999,20.250818952655674
2026-07-05 04:30:00,20.1,20.090234730470833,20.085500000000007,20.2479167217829
2026-07-05 05:30:00,19.8,20.159986331738352,19.843499999999995,20.2479167217829
2026-07-05 06:30:00,20.2,19.943122493001052,19.702499999999997,20.2479167217829
2026-07-05 07:30:00,20.7,20.26156789419665,19.949999999999992,20.2479167217829
2026-07-05 08:30:00,20.3,20.75563981795293,20.191999999999982,20.36592356386801
2026-07-05 09:30:00,19.3,20.839196810757144,20.37149999999999,20.2479167217829
2026-07-05 10:30:00,20.2,20.397968474813354,20.089149999999982,19.912711204123344
2026-07-05 11:30:00,20.6,20.796604821618608,19.97649999999999,20.2479167217829
2026-07-05 12:30:00,20.4,21.290398945539494,20.152499999999996,20.2479167217829
2026-07-05 13:30:00,20.2,21.452073144141096,20.17549999999999,20.2479167217829
2026-07-05 14:30:00,20.4,21.470211208781812,20.02399999999999,20.2479167217829
2026-07-05 15:30:00,19.9,21.68468263919752,20.187500000000004,20.2479167217829
2026-07-05 16:30:00,21.6,21.605658735101574,19.92529999999998,20.2479167217829
2026-07-05 21:30:00,20.3,19.89979373907409,20.15449999999999,20.243277006313612
2026-07-05 22:30:00,20.9,19.945376591489254,20.418000000000006,20.243277006313612
2026-07-05 23:30:00,19.9,20.362613441930012,20.59799999999999,20.833694069530967
2026-07-06 00:30:00,20.4,20.097930392248706,20.096000000000007,20.250818952655674
2026-07-06 01:30:00,20.3,20.3409043764329,20.44899999999998,20.250818952655674
2026-07-06 02:30:00,20.2,20.509188729924677,20.352999999999998,20.250818952655674
2026-07-06 03:30:00,19.6,20.692763552056057,20.31700000000002,20.250818952655674
2026-07-06 04:30:00,19.5,20.5277708494985,19.621950000000012,19.912711204123344
2026-07-06 05:30:00,20.0,20.497386318321055,20.280000000000012,19.912711204123344
2026-07-06 06:30:00,20.3,20.86083387407514,20.071500000000004,20.2479167217829
2026-07-06 07:30:00,20.0,21.268945224021266,20.531500000000005,20.2479167217829
2026-07-06 08:30:00,19.6,21.351340277964248,20.364499999999992,20.2479167217829
2026-07-06 09:30:00,20.3,21.227732078589074,20.269000000000002,19.912711204123344
2026-07-06 10:30:00,20.4,21.601433840633938,20.06349999999999,20.2479167217829
2026-07-06 11:30:00,19.9,21.979656331462504,20.474000000000025,20.2479167217829
2026-07-06 12:30:00,19.2,21.926193551599855,20.11279999999999,20.2479167217829
2026-07-06 13:30:00,18.8,21.633435758150906,20.379000000000005,19.912711204123344
2026-07-06 14:30:00,19.1,21.453245453108437,18.729500000000005,19.081289471684997
2026-07-06 15:30:00,20.1,21.69041873064665,19.741500000000002,19.558270884437924
2026-07-06 16:30:00,19.7,22.346257589070632,19.842000000000006,20.2479167217829
2026-07-06 21:30:00,20.4,18.89912102557099,19.225000000000005,19.07664975621571
2026-07-06 22:30:00,19.9,19.53720581264829,20.07499999999996,19.888836686628192
2026-07-06 23:30:00,19.8,19.711849684228078,20.150149999999996,20.243277006313612
2026-07-07 00:30:00,20.3,19.674413392368272,20.041500000000017,20.250818952655674
2026-07-07 01:30:00,20.3,20.079404449130372,20.373999999999995,20.250818952655674
2026-07-07 02:30:00,19.5,20.310737587215463,20.333500000000008,20.250818952655674
2026-07-07 03:30:00,20.9,20.059202645611702,19.826750000000008,19.915613434996118
2026-07-07 04:30:00,18.7,20.741547662285107,20.52449999999998,20.838333785000255
2026-07-07 05:30:00,20.3,20.020744269963867,18.408000000000012,19.081289471684997
2026-07-07 06:30:00,18.9,20.64681479735017,20.034499999999976,19.89347640209748
2026-07-07 07:30:00,19.4,20.380895881034714,18.528149999999986,19.081289471684997
2026-07-07 08:30:00,19.4,20.53475095702846,19.709450000000018,19.558270884437924
2026-07-07 09:30:00,19.6,20.73383812520844,20.127,19.912711204123344
2026-07-07 10:30:00,19.6,21.022356626090218,20.049000000000007,19.912711204123344
2026-07-07 11:30:00,21.5,21.213919683809383,20.05050000000001,19.912711204123344
2026-07-07 12:30:00,24.5,22.27806574396116,21.146999999999966,21.31191217391745
2026-07-07 13:30:00,25.3,24.197094262636657,24.185500000000005,24.354507865671877
2026-07-07 14:30:00,24.7,25.248904450873233,23.913999999999984,24.885322520785532
2026-07-07 15:30:00,25.9,25.315646635154327,22.531499999999987,24.332720316530285
2026-07-07 16:30:00,25.2,26.09903680200198,25.311,24.96000808637789
2026-07-08 00:30:00,25.4,23.821918866410222,26.08499999999999,24.842040676260268
2026-07-08 01:30:00,25.7,23.88908886069215,25.254,24.842040676260268
2026-07-08 06:30:00,25.7,24.665735362378253,24.926999999999992,24.286536241132247
2026-07-08 07:30:00,24.0,24.990500290595055,25.18549999999997,24.91506296999037
2026-07-08 08:30:00,24.3,24.584554673705153,24.07599999999997,23.59654265293163
2026-07-08 12:30:00,25.0,26.3453860433202,25.86799999999999,25.90780345237565
2026-07-08 13:30:00,25.3,26.44415679376934,24.686999999999998,24.91102459220802
2026-07-08 14:30:00,25.0,26.68528237238689,24.363999999999983,25.294598390766225
2026-07-08 15:30:00,25.8,26.76783971096561,24.607499999999995,25.03005906828223
2026-07-08 16:30:00,24.3,27.405084604651766,24.924499999999995,25.463305562980487
2026-07-08 20:30:00,25.2,23.49942271078359,24.971000000000004,24.871601797597943
2026-07-08 23:30:00,24.9,24.099537756861697,24.95300000000001,24.32119315461145
2026-07-09 00:30:00,25.7,24.303757634498197,25.673999999999968,25.16720662571126
2026-07-09 01:30:00,26.1,24.93418955838334,25.371999999999993,25.50643151378761
2026-07-09 02:30:00,25.5,25.447899551486692,25.856999999999974,26.16398548587889
2026-07-09 05:30:00,25.4,25.270890654479384,24.961499999999987,25.164304394838485
2026-07-09 06:30:00,25.3,25.516481668056404,24.96349999999999,25.42884371732248
2026-07-09 07:30:00,25.1,25.736474743382004,25.05949999999997,25.42884371732248
2026-07-09 08:30:00,25.8,25.684146739347362,24.93749999999997,25.164304394838485
2026-07-09 09:30:00,25.9,26.16696416928882,25.186999999999994,25.503529282914837
2026-07-09 11:30:00,26.1,25.211167228329618,23.513500000000004,23.612483764980986
2026-07-09 12:30:00,25.0,26.55928984308329,24.883499999999998,26.207267330404154
2026-07-09 13:30:00,26.0,26.602519429780685,25.389,25.210488470236523
2026-07-09 14:30:00,25.4,27.10038883162329,25.34349999999999,26.207267330404154
2026-07-09 15:30:00,25.8,27.1026486923565,25.449000000000016,25.475027792720518
2026-07-09 16:30:00,25.9,27.413817966381878,25.661000000000005,25.549713358312875
2026-07-09 20:30:00,25.3,23.750210030716996,25.12700000000002,25.159664679369197
2026-07-09 21:30:00,25.7,24.008411433930895,25.485499999999988,25.42420400185319
2026-07-09 22:30:00,24.7,24.425988799357697,25.748000000000015,25.49888956744555
2026-07-09 23:30:00,25.2,24.10298826456327,25.457500000000003,24.871601797597943
2026-07-10 00:30:00,23.8,24.382442159940698,25.5595,25.431745948195253
2026-07-10 01:30:00,25.3,23.967780043885416,24.365000000000006,24.17052807868428
2026-07-10 02:30:00,26.0,24.652433880589243,25.257,25.431745948195253
2026-07-10 03:30:00,25.6,25.346727453832184,26.03849999999999,26.16398548587889
2026-07-10 04:30:00,24.9,25.36990751639434,25.410500000000006,25.503529282914837
2026-07-10 05:30:00,24.5,25.140235157124085,25.500500000000002,25.164304394838485
2026-07-10 06:30:00,23.7,25.00772957472165,25.387499999999978,24.87624151306723
2026-07-10 07:30:00,24.6,24.6844646073337,24.452000000000012,24.044653120310265
2026-07-10 08:30:00,25.0,25.132163757476615,25.101999999999997,24.87624151306723
2026-07-10 09:30:00,26.2,25.662728625208764,25.525499999999955,25.164304394838485
2026-07-10 10:30:00,27.6,26.474922851856896,25.34299999999999,26.161083255006115
2026-07-10 11:30:00,26.2,27.341986324061295,26.785000000000018,27.27061249935576
2026-07-10 12:30:00,25.4,27.259286995976343,25.89,26.207267330404154
2026-07-10 13:30:00,24.5,26.731379015054056,25.086000000000013,25.475027792720518
2026-07-10 14:30:00,25.8,26.374888753528136,25.816500000000016,24.92242558846527
2026-07-10 15:30:00,25.2,26.983847863884343,25.2725,25.549713358312875
2026-07-10 16:30:00,24.7,27.071073582043553,25.403000000000016,25.475027792720518
2026-07-10 20:30:00,26.2,23.91718318252474,25.602999999999998,25.49888956744555
2026-07-10 21:30:00,25.9,24.403648080387104,25.80449999999999,26.156443539536827
2026-07-10 22:30:00,25.3,24.55187992177284,25.719500000000007,25.49888956744555
2026-07-10 23:30:00,25.6,24.30329463435573,25.42149999999999,25.42420400185319
2026-07-11 00:30:00,26.3,24.54917416149844,25.47250000000002,25.50643151378761
2026-07-11 01:30:00,25.3,25.021469071865887,26.309,26.16398548587889
2026-07-11 02:30:00,24.9,24.90349727428793,25.45299999999999,25.431745948195253
2026-07-11 03:30:00,25.4,24.742717255584395,25.604000000000006,25.16720662571126
2026-07-11 04:30:00,26.1,25.047594534803594,25.517,25.42884371732248
2026-07-11 05:30:00,26.7,25.585802315006315,25.77149999999999,26.161083255006115
2026-07-11 06:30:00,24.7,26.13890864042446,26.102999999999973,26.73436861388031
2026-07-11 07:30:00,26.0,25.36782943192544,25.22050000000002,24.87624151306723
2026-07-11 08:30:00,23.7,25.920592160296483,25.496999999999993,26.161083255006115
2026-07-11 09:30:00,24.6,25.1715557893907,24.304499999999997,24.044653120310265
2026-07-11 10:30:00,24.9,25.469748557397306,25.21100000000001,24.87624151306723
2026-07-11 11:30:00,25.4,25.979389806780212,24.84450000000002,25.164304394838485
2026-07-11 12:30:00,25.0,26.317247813367075,25.12049999999999,25.475027792720518
2026-07-11 13:30:00,24.5,26.294478532735017,25.3085,25.210488470236523
2026-07-11 14:30:00,26.1,26.079223046782307,25.1265,24.92242558846527
2026-07-11 15:30:00,25.1,27.029280061865826,25.061999999999998,26.207267330404154
2026-07-11 16:30:00,24.4,26.904123571345142,25.307500000000008,25.210488470236523
2026-07-11 20:30:00,25.5,23.367508257675684,24.985500000000016,25.49888956744555
2026-07-11 21:30:00,24.8,23.983407588294572,25.629999999999995,25.49888956744555
2026-07-11 22:30:00,24.8,23.731831188974258,25.557499999999994,24.871601797597943
2026-07-11 23:30:00,24.0,23.72859238830177,25.510499999999983,24.871601797597943
2026-07-12 00:30:00,26.1,23.496148475485,24.145000000000017,24.17052807868428
2026-07-12 01:30:00,25.0,24.595098700473784,24.915000000000006,26.16398548587889
2026-07-12 02:30:00,24.5,24.469373577499674,25.313499999999998,25.16720662571126
2026-07-12 06:30:00,25.9,25.881996536637963,25.37299999999998,26.73436861388031
2026-07-12 07:30:00,26.0,25.74601505275348,26.100000000000005,25.503529282914837
2026-07-12 08:30:00,25.6,25.89226867399321,26.08549999999998,26.161083255006115
2026-07-12 09:30:00,26.1,25.741864745651277,25.92750000000001,25.503529282914837
2026-07-12 10:30:00,27.1,26.131197491321778,26.132999999999992,26.161083255006115
2026-07-12 11:30:00,24.4,26.9070231471437,26.259000000000018,26.93201260339108
2026-07-12 12:30:00,24.0,25.929726698109747,24.467000000000006,24.372016945478777
2026-07-12 13:30:00,25.7,25.431762401263438,24.553500000000007,24.213809923209546
2026-07-12 14:30:00,25.4,26.3255969284802,24.855499999999996,25.549713358312875
2026-07-12 15:30:00,24.9,26.69922210924057,25.486,25.475027792720518
2026-07-12 16:30:00,23.9,26.50833118398397,25.584000000000014,25.210488470236523
2026-07-12 20:30:00,25.8,24.32725717551982,25.45750000000001,24.871601797597943
2026-07-12 21:30:00,26.1,24.824207813660628,25.599999999999977,25.49888956744555
2026-07-12 22:30:00,25.6,25.260522325646505,25.818999999999956,26.156443539536827
2026-07-12 23:30:00,25.9,25.219351605310248,25.163499999999985,25.49888956744555
2026-07-13 00:30:00,25.0,25.406551540460455,25.968999999999998,25.50643151378761
2026-07-13 01:30:00,24.3,25.29533725442655,25.323,25.16720662571126
2026-07-13 02:30:00,26.5,24.905822318737567,25.114999999999988,24.328735100953512
2026-07-13 03:30:00,24.0,25.997355259644312,25.536500000000018,26.737270844753084
2026-07-13 05:30:00,25.6,25.918396854299168,25.272,25.503529282914837
2026-07-13 06:30:00,24.9,26.376576103238158,25.07449999999996,25.503529282914837
2026-07-13 07:30:00,24.3,26.106743131788672,25.361500000000007,25.164304394838485
2026-07-13 08:30:00,19.3,25.846771515764342,25.1045,24.32583287008074
2026-07-13 09:30:00,18.9,23.37173814167569,23.534499999999994,21.842238199797738
2026-07-13 10:30:00,18.9,22.500919567906976,20.068999999999992,19.54279182729698
2026-07-13 11:30:00,18.3,22.570697863341902,20.08549999999998,19.18835150761156
2026-07-13 12:30:00,18.0,22.174881740437492,19.80649999999999,18.966748271080128
2026-07-13 13:30:00,18.5,21.993543920927298,20.043499999999998,18.966748271080128
2026-07-13 14:30:00,19.5,22.382967173383825,19.62549999999999,19.06931703153735
2026-07-16 07:30:00,24.7,23.6832652396999,24.961500000000022,24.404830562279336
2026-07-16 08:30:00,23.4,23.529389625024862,22.830499999999997,24.116767680508083
2026-07-16 09:30:00,24.5,23.015673522330122,23.83250000000001,23.285179287751117
2026-07-16 10:30:00,24.9,23.653151341614826,24.304499999999994,24.286536241132247
2026-07-16 11:30:00,24.9,24.25987569412011,24.185999999999986,24.5745991229035
2026-07-16 20:30:00,23.0,22.28906376387457,25.073499999999996,24.909184295510563
2026-07-17 06:30:00,22.5,23.866245098372097,23.655,23.736127598145753
2026-07-17 07:30:00,24.6,23.291235456353096,23.401500000000006,23.022778493046
2026-07-17 08:30:00,23.9,24.24128070055467,24.050500000000014,24.286536241132247
2026-07-17 09:30:00,23.5,24.35890630210469,23.534499999999984,23.577920575876522
2026-07-17 10:30:00,25.3,24.329279851049634,23.449999999999967,23.456186807385798
2026-07-17 11:30:00,23.8,25.396594829601824,24.741500000000006,25.10519792618164
2026-07-17 12:30:00,24.0,25.175202934844652,24.324000000000005,23.91434604518104
2026-07-17 15:30:00,24.2,26.289449663641765,24.109999999999996,24.741996186510978
2026-07-17 20:30:00,22.9,22.54404534289296,23.666999999999984,23.847140657153677
2026-07-17 21:30:00,24.3,22.038023855249847,23.559500000000003,23.308380171483194
2026-07-17 22:30:00,24.8,22.975952616763767,23.85300000000002,24.021729276582946
2026-07-18 01:30:00,23.7,23.143469364021485,24.347000000000012,23.748091473154535
2026-07-18 05:30:00,24.8,24.128067218712857,24.507999999999996,24.026368992052234
2026-07-18 06:30:00,22.8,24.552106454934517,24.793499999999984,24.576777635038727
2026-07-18 07:30:00,23.5,23.69436885889109,23.980999999999984,23.313019886952482
2026-07-18 08:30:00,25.1,24.010901114459973,23.411000000000012,23.74518924228176
2026-07-18 09:30:00,24.1,25.019066600003736,24.44800000000001,24.86484051680998
2026-07-18 10:30:00,25.8,24.915780916468023,24.384500000000013,24.026368992052234
2026-07-18 11:30:00,23.5,25.873420283491065,24.308499999999984,25.204065404886332
2026-07-18 12:30:00,23.6,25.0650942304228,24.13249999999997,23.7913733176798
2026-07-18 13:30:00,25.4,24.916751473279927,24.373500000000003,23.7913733176798
2026-07-18 14:30:00,24.6,26.050284578678927,24.484999999999985,25.175563914692013
2026-07-18 15:30:00,23.7,26.066879160305298,24.2495,24.622961710436766
2026-07-18 16:30:00,26.5,25.609374198448467,25.87699999999998,23.7913733176798
2026-07-18 20:30:00,24.8,22.89468356381935,24.581,24.57213791956944
2026-07-18 21:30:00,25.0,23.029824775597536,24.659499999999966,24.69117239564365
2026-07-18 22:30:00,24.2,23.418991061799677,24.45149999999999,24.979235277414904
2026-07-18 23:30:00,24.4,23.24316248771528,24.31349999999999,24.140763752657158
2026-07-19 00:30:00,23.3,23.294177106856456,24.3305,24.14830569899922
2026-07-19 01:30:00,25.2,22.946343078107784,24.06299999999999,23.85468260349574
2026-07-19 02:30:00,24.2,23.87070978767717,24.08150000000001,25.25131654624096
2026-07-19 03:30:00,25.0,23.859112848435547,24.5215,24.14830569899922
2026-07-19 04:30:00,24.6,24.281106006770123,24.56599999999998,24.983874992884193
2026-07-19 05:30:00,24.4,24.362350763023635,24.20099999999998,24.69581211111294
2026-07-19 06:30:00,24.6,24.386996964306913,24.51599999999999,24.145403468126446
2026-07-19 07:30:00,23.3,24.48725590394616,24.61549999999996,24.69581211111294
2026-07-19 08:30:00,24.8,24.08628412839734,24.339499999999973,23.851780372622965
2026-07-19 09:30:00,23.8,24.876396548814526,24.625499999999985,24.69581211111294
2026-07-19 10:30:00,24.7,24.705252673903374,24.48249999999998,23.987196445857215
2026-07-19 11:30:00,25.1,25.248106519100848,24.458499999999994,24.69581211111294
2026-07-19 12:30:00,25.7,25.595151349722126,24.77299999999999,25.03005906828223
2026-07-19 13:30:00,25.4,26.135131158956057,25.328999999999983,25.369283956358583
2026-07-19 14:30:00,24.7,26.363622566701245,25.033999999999995,25.294598390766225
2026-07-19 15:30:00,23.1,26.07473179952986,24.2315,24.741996186510978
2026-07-19 16:30:00,24.9,25.269643151205216,25.752499999999984,23.851780372622965
2026-07-19 20:30:00,23.8,23.702075586276138,24.415499999999987,24.69117239564365
2026-07-19 21:30:00,23.6,23.577525769405135,24.261999999999986,23.982556730387927
2026-07-19 22:30:00,24.2,23.49146827999986,23.871499999999997,23.859584002886685
2026-07-19 23:30:00,25.2,23.85064524488044,24.579999999999995,24.140763752657158
2026-07-20 03:30:00,23.6,24.878925414911404,24.70300000000001,24.986777223756967
2026-07-20 04:30:00,23.6,24.599884790542905,23.972499999999997,23.864223718355973
2026-07-20 05:30:00,24.3,24.50419406317986,24.279999999999994,23.864223718355973
2026-07-20 06:30:00,23.8,24.979964540570123,24.35099999999998,24.145403468126446
2026-07-20 07:30:00,23.5,25.00326214324135,24.380999999999975,23.987196445857215
2026-07-20 08:30:00,24.9,24.8462031857724,24.20449999999998,23.74518924228176
2026-07-20 09:30:00,25.1,25.727402484965165,24.436000000000007,24.86484051680998
2026-07-20 10:30:00,23.7,26.160068137419266,24.449500000000004,24.983874992884193
2026-07-20 11:30:00,24.9,25.704224627235345,24.160000000000004,23.864223718355973
2026-07-20 12:30:00,23.2,26.25949414210015,24.175000000000004,25.03005906828223
2026-07-20 13:30:00,25.5,25.792212894870882,23.714999999999986,23.732745896548753
2026-07-20 14:30:00,23.2,26.78734738389668,24.656,25.369283956358583
2026-07-20 15:30:00,24.3,26.112473134487196,23.959,23.732745896548753
2026-07-20 16:30:00,27.6,26.335272886927253,25.58949999999999,24.072553067450272
2026-07-20 21:30:00,24.4,23.694992487173614,24.554999999999982,24.69117239564365
2026-07-20 22:30:00,24.7,23.777602291342102,24.29350000000001,24.140763752657158
2026-07-20 23:30:00,24.5,24.066365358994183,24.29149999999997,24.69117239564365
2026-07-21 00:30:00,23.4,24.237041447949494,23.98499999999998,24.698714341985713
2026-07-21 02:30:00,23.2,24.34815549201865,24.058499999999995,24.698714341985713
2026-07-21 03:30:00,24.3,24.035570315960232,23.78099999999999,23.85468260349574
2026-07-21 04:30:00,24.3,24.415857558940875,24.208000000000006,24.145403468126446
2026-07-21 05:30:00,23.7,24.734907907716043,24.647999999999982,24.145403468126446
2026-07-21 06:30:00,23.8,24.639184710296636,24.44449999999999,23.864223718355973
2026-07-21 07:30:00,24.8,24.72082746000618,24.46399999999999,23.987196445857215
2026-07-21 08:30:00,24.5,25.366033555957085,24.186000000000025,24.69581211111294
2026-07-21 09:30:00,24.0,25.62139289437183,24.16249999999999,24.69581211111294
2026-07-21 10:30:00,24.6,25.502341310357025,24.3695,23.987196445857215
2026-07-21 11:30:00,25.1,25.78468661844238,24.310499999999983,24.69581211111294
2026-07-21 12:30:00,25.1,26.347494039559354,24.277500000000003,25.03005906828223
2026-07-21 13:30:00,23.2,26.49574017562842,24.637999999999987,25.03005906828223
2026-07-21 14:30:00,25.5,25.840643462027653,23.82399999999999,23.851780372622965
2026-07-21 15:30:00,23.3,26.70781923766046,24.828500000000012,25.369283956358583
2026-07-21 16:30:00,24.1,26.19111523483377,25.72549999999999,23.851780372622965
2026-07-22 02:30:00,23.3,23.75657893406217,23.876499999999997,23.748091473154535
2026-07-22 03:30:00,24.4,23.615170063033347,24.199499999999986,23.735648127421527
2026-07-22 04:30:00,25.1,24.33893497057383,24.3635,24.026368992052234
2026-07-22 05:30:00,23.0,25.011424202961987,24.627000000000017,24.86484051680998
2026-07-22 06:30:00,25.0,24.200044322839876,23.319499999999994,23.313019886952482
2026-07-22 07:30:00,24.8,25.02323982333157,24.552499999999995,24.86484051680998
2026-07-22 08:30:00,24.8,25.453949276082483,24.163500000000013,24.576777635038727
2026-07-22 09:30:00,24.5,25.577100902124073,24.241000000000003,24.576777635038727
2026-07-22 10:30:00,25.8,25.557970864761444,24.455,24.576777635038727
2026-07-22 11:30:00,26.0,26.350846279614455,24.770500000000006,25.323099880960545
2026-07-22 12:30:00,24.9,26.86182136875667,25.81599999999997,26.02683792844986
2026-07-22 13:30:00,23.5,26.523780837692087,24.677,25.03005906828223
2026-07-22 14:30:00,24.3,25.696695617621923,24.210999999999977,23.91040779375401
2026-07-22 15:30:00,24.8,26.154448354080706,24.2395,24.191587543524484
2026-07-22 16:30:00,24.8,26.55723260905999,24.695999999999994,24.741996186510978
2026-07-22 22:30:00,24.5,23.086485809689115,24.156500000000015,23.982556730387927
2026-07-23 01:30:00,24.5,23.423012091576744,23.96949999999999,23.867125949228747
2026-07-23 02:30:00,24.3,23.941233062794886,24.217000000000027,24.698714341985713
2026-07-23 03:30:00,24.3,24.167843126051253,24.363999999999997,24.14830569899922
2026-07-23 04:30:00,23.3,24.36677720200473,24.34199999999998,24.145403468126446
2026-07-23 05:30:00,23.5,24.06268617883688,23.890500000000007,23.851780372622965
2026-07-23 06:30:00,24.5,24.015832790855686,24.304999999999996,23.74518924228176
2026-07-23 07:30:00,25.1,24.82347972426288,24.21999999999999,24.69581211111294
2026-07-23 08:30:00,25.3,25.416398979374385,24.335000000000008,24.983874992884193
2026-07-23 09:30:00,25.7,25.76789840710842,24.55749999999999,25.248414315368187
2026-07-23 10:30:00,28.0,26.140894893776288,25.00199999999999,25.323099880960545
2026-07-23 11:30:00,29.5,27.594578539040416,26.13900000000001,27.090183097401468
2026-07-23 12:30:00,26.4,28.893972759790692,28.147999999999996,27.671333302149865
2026-07-23 13:30:00,28.9,27.71264305293314,25.096499999999992,26.600123287324056
2026-07-23 14:30:00,29.0,28.561068649224243,27.328000000000003,27.628840331432386
2026-07-23 15:30:00,28.4,29.26514686689767,28.078500000000005,27.715248126764774
2026-07-23 16:30:00,29.0,29.218147982739286,28.328500000000005,27.63402142579552
2026-07-24 02:30:00,28.7,26.415843728336693,27.57350000000001,27.273514730228534
2026-07-24 08:30:00,26.7,27.601633704250776,27.88699999999999,27.27061249935576
2026-07-24 09:30:00,29.4,27.322345301340736,26.591999999999988,26.73436861388031
2026-07-24 10:30:00,28.0,28.760991603846275,28.5605,27.80557862870612
2026-07-24 14:30:00,26.6,29.345257933177233,28.25199999999998,27.588668716859463
2026-07-24 15:30:00,28.0,28.66389084518621,26.911500000000014,27.052424831384013
2026-07-24 21:30:00,27.8,27.140270371119556,28.206500000000002,28.13002664532605
2026-07-25 03:30:00,30.6,28.41261156904364,28.28400000000002,28.274083169007497
2026-07-25 07:30:00,27.7,28.41624820469625,27.651999999999994,28.13466636079534
2026-07-25 08:30:00,26.3,28.230769608891926,28.139999999999986,27.736214808784364
2026-07-25 09:30:00,27.9,27.523718843678314,27.688499999999998,26.62668556443472
2026-07-25 14:30:00,30.4,28.833264036465806,27.476000000000017,27.704383682073054
2026-07-25 15:30:00,27.3,30.382087483525183,28.319500000000033,29.47431194485432
2026-07-25 20:30:00,30.6,27.160259323754048,28.11450000000003,28.13002664532605
2026-07-26 02:30:00,28.7,27.300813040967842,27.576,27.73911703965714
2026-07-26 03:30:00,28.6,27.844312528452722,28.044999999999995,28.137568591668114
2026-07-26 04:30:00,29.4,28.19153048715022,27.124499999999976,28.13466636079534
2026-07-26 05:30:00,28.6,28.60546645468799,27.38400000000001,28.271180938134723
2026-07-26 06:30:00,28.7,28.446054565960498,28.05300000000002,28.13466636079534
2026-07-26 07:30:00,27.9,28.574876455466544,27.445499999999985,28.18763262663612
2026-07-26 08:30:00,27.4,28.2910575027614,27.453500000000012,27.736214808784364
2026-07-26 09:30:00,27.4,27.973485318172695,27.911499999999993,27.736214808784364
2026-07-26 10:30:00,28.3,28.107750745286694,28.396499999999996,27.736214808784364
2026-07-26 13:30:00,29.1,29.75923769586082,24.702000000000012,28.31736501353276
2026-07-26 14:30:00,28.3,29.897619822993178,28.178,28.31736501353276
2026-07-26 15:30:00,26.3,29.77890643491208,27.76949999999998,28.099623735224124
2026-07-26 20:30:00,28.9,27.310201771315604,28.226999999999972,28.13002664532605
2026-07-26 21:30:00,28.3,28.042915898870966,27.93599999999997,28.13002664532605
2026-07-27 00:30:00,28.8,27.35142307269561,27.983500000000017,27.66110183754779
2026-07-27 01:30:00,28.6,28.23034476001363,28.47600000000003,28.137568591668114
2026-07-27 02:30:00,30.6,28.505111895688476,28.364500000000017,28.137568591668114
2026-07-27 03:30:00,28.4,29.687329248242822,28.562500000000032,29.431030100329057
2026-07-27 04:30:00,27.9,29.085325706044667,28.750500000000034,28.053439659826086
2026-07-27 05:30:00,27.6,28.688927958220518,28.280500000000025,27.736214808784364
2026-07-27 06:30:00,29.5,28.560214711314018,27.84450000000003,27.736214808784364
2026-07-27 07:30:00,28.3,29.60032027645281,28.612000000000002,28.271180938134723
2026-07-27 11:30:00,28.4,30.232684669018408,28.500500000000017,28.13466636079534
2026-07-27 12:30:00,27.5,30.023359070992512,28.397500000000008,28.099623735224124
2026-07-27 13:30:00,28.5,29.76390716806231,28.57700000000003,27.782398884182403
2026-07-27 14:30:00,27.9,30.231156663988017,28.90699999999997,28.180850436193378
2026-07-27 15:30:00,28.7,30.205070814158766,28.287000000000017,27.782398884182403
2026-07-27 20:30:00,27.7,28.16419953631751,28.21100000000003,28.78235541766162
2026-07-27 21:30:00,27.8,27.50038864730009,28.60400000000002,27.731575093315076
2026-07-27 22:30:00,28.7,27.288083149993263,27.6365,27.731575093315076
2026-07-27 23:30:00,29.6,27.86351757448277,28.023000000000007,28.13002664532605
2026-07-28 00:30:00,29.5,28.581873234632027,28.200000000000017,28.274083169007497
2026-07-28 01:30:00,27.9,28.930497698961066,28.919499999999992,28.274083169007497
2026-07-28 02:30:00,27.2,28.27985916342608,28.298000000000005,27.79208330549792
2026-07-28 06:30:00,27.7,28.070621040337894,27.58749999999998,27.199970923308914
2026-07-28 07:30:00,29.9,28.50924268190401,27.92200000000001,27.736214808784364
2026-07-28 08:30:00,27.1,29.838604497675934,28.657500000000017,28.49816248217495
2026-07-28 10:30:00,20.4,24.994115898230472,20.15849999999998,22.19333000675119
2026-07-28 11:30:00,21.8,24.241737422377724,20.095500000000012,21.10949413582355
2026-07-28 12:30:00,19.5,25.09559298428586,20.67400000000005,21.97396930733086
2026-07-28 13:30:00,20.0,24.185913237221705,20.744499999999988,21.68106101582408
2026-07-28 14:30:00,20.0,24.181036098090708,19.89700000000002,20.837621993717885
2026-07-28 15:30:00,19.7,24.284300703736843,20.01150000000001,20.837621993717885
2026-07-28 16:30:00,21.9,24.252144273238375,20.20365000000001,20.55464296168962
2026-07-28 20:30:00,20.1,21.99415215022968,20.546000000000035,21.896977730383146
2026-07-28 21:30:00,20.5,21.28762586592504,21.102999999999984,21.778970930428766
2026-07-28 22:30:00,20.0,21.251593421488806,20.608000000000015,20.652552876294305
2026-07-28 23:30:00,20.4,21.191755861097047,20.589499999999983,20.533518400220093
2026-07-29 00:30:00,19.9,21.432630463756798,20.461000000000002,20.541060346562155
2026-07-29 01:30:00,21.1,21.30153522735929,20.093149999999984,20.541060346562155
2026-07-29 02:30:00,20.4,21.772597682916487,20.6895,21.31605336380074
2026-07-29 03:30:00,19.4,21.630852900283735,21.063500000000005,20.250818952655674
2026-07-29 11:30:00,18.7,22.066590860983464,20.92200000000001,20.2479167217829
2026-07-29 12:30:00,21.6,21.252009293565273,18.919800000000006,19.081289471684997
2026-07-29 13:30:00,20.8,22.324170617931493,21.820499999999978,20.95747185423203
2026-07-29 14:30:00,20.7,22.586579990958494,20.863999999999997,21.964751839134717
2026-07-29 15:30:00,19.9,22.56996529920033,20.778000000000016,20.36592356386801
2026-07-29 16:30:00,20.3,22.279747525310228,20.59,20.2479167217829
2026-07-29 20:30:00,20.3,18.895743963675624,20.270649999999975,19.908071488654056
2026-07-29 21:30:00,19.7,19.2182988032995,20.166999999999984,20.243277006313612
2026-07-30 03:30:00,20.7,21.208148171553994,21.77499999999998,21.314814404790223
2026-07-30 04:30:00,19.2,20.850991603288794,20.58499999999999,21.49234161800247
2026-07-30 05:30:00,19.0,20.130388237960247,19.9783,19.912711204123344
2026-07-30 07:30:00,20.1,20.211897422489287,19.827149999999985,19.558270884437924
2026-07-30 10:30:00,28.2,21.271394555446093,20.217499999999998,20.2479167217829
2026-07-30 11:30:00,28.8,25.480523202515826,27.141000000000016,26.267446350622276
2026-07-30 12:30:00,27.5,27.11759079932956,27.777499999999986,27.044316153860535
2026-07-30 13:30:00,27.6,26.98971108633582,27.92349999999997,26.727091302818813
2026-07-30 14:30:00,30.7,27.0200260297625,27.20699999999999,26.727091302818813
2026-07-30 15:30:00,28.9,28.80792556535005,28.290000000000042,28.11079611848125
2026-07-30 16:30:00,26.7,28.638644101242342,27.608500000000017,27.044316153860535
2026-07-31 07:30:00,28.0,27.631733218383893,27.940500000000007,27.80557862870612
2026-07-31 08:30:00,27.7,27.447007894570785,27.979500000000012,27.27061249935576
2026-07-31 09:30:00,28.1,27.294444862220967,26.55599999999999,27.27061249935576
2026-07-31 10:30:00,26.2,27.756106715972415,27.455499999999997,27.444016372517645
2026-07-31 11:30:00,28.3,27.579492909022576,25.64900000000001,26.161083255006115
2026-07-31 12:30:00,28.5,28.598545250678203,27.502000000000006,27.63402142579552
2026-07-31 13:30:00,28.5,29.205167120766465,27.558000000000007,27.7875999882432
2026-07-31 14:30:00,29.4,29.490850594638744,28.086999999999986,27.987120268870438
2026-07-31 15:30:00,28.4,30.38069140807233,27.570499999999974,28.238145348684974
2026-08-01 00:30:00,26.6,27.527719614930753,28.094500000000036,28.137568591668114
2026-08-01 01:30:00,26.8,26.65658111938802,27.468000000000007,27.202873154181688
2026-08-01 02:30:00,28.5,26.64254963097537,27.343499999999995,27.202873154181688
2026-08-01 06:30:00,27.4,28.149508608894863,28.484000000000005,27.736214808784364
2026-08-01 07:30:00,28.7,27.885524336009194,28.246499999999987,27.736214808784364
2026-08-01 08:30:00,29.0,28.599513457069207,28.430999999999994,28.13466636079534
2026-08-01 09:30:00,27.4,29.086302086155452,28.24699999999999,28.13466636079534
2026-08-01 10:30:00,29.5,28.522584345848976,28.446000000000012,27.736214808784364
2026-08-01 11:30:00,29.4,29.370790049324167,28.7155,28.271180938134723
2026-08-01 12:30:00,29.1,29.945313435871366,28.510500000000015,28.31736501353276
2026-08-01 13:30:00,27.8,29.95510596617608,28.233999999999984,28.31736501353276
2026-08-01 14:30:00,28.7,29.4142551408496,28.426500000000004,27.782398884182403
2026-08-01 15:30:00,28.2,29.864008927990284,28.42250000000003,28.180850436193378
2026-08-01 16:30:00,30.0,29.862537013758605,28.14499999999998,28.099623735224124
2026-08-01 23:30:00,29.7,27.368928389045262,27.74650000000001,28.13002664532605
2026-08-02 00:30:00,30.1,28.12612587930649,26.538500000000028,28.274083169007497
2026-08-02 01:30:00,28.3,28.481295294296213,29.673000000000002,28.842863629844462
2026-08-02 02:30:00,28.8,27.82738303889147,28.581999999999997,28.10930815653964
2026-08-02 03:30:00,28.6,28.067710177138036,28.527500000000014,28.190534857508894
2026-08-02 05:30:00,28.2,28.529393712555077,28.635499999999983,28.18763262663612
2026-08-02 06:30:00,28.5,28.26219455426058,28.316000000000017,28.106405925666866
2026-08-02 07:30:00,28.3,28.473835132499417,28.38799999999999,28.18763262663612
2026-08-02 08:30:00,28.8,28.664431898768363,28.272500000000004,28.106405925666866
2026-08-02 09:30:00,28.4,29.04978830270368,29.1875,28.18763262663612
2026-08-02 14:30:00,30.3,29.530975334969984,28.548000000000002,28.152590001064905
2026-08-02 15:30:00,28.1,30.677577049533713,29.363500000000034,29.5272782106951
2026-08-02 20:30:00,28.2,28.734010633851778,29.532999999999998,28.8353216835024
2026-08-02 21:30:00,31.1,28.044709131853676,29.53,28.101766210197578
2026-08-02 22:30:00,30.0,29.291007263573015,28.804000000000027,29.476454419827775
2026-08-02 23:30:00,26.7,29.437272954533995,29.972500000000036,28.546489032546443
2026-08-03 00:30:00,28.0,27.82184544825702,26.590999999999998,27.25583942002247
2026-08-03 01:30:00,26.8,28.11089891997764,28.014999999999986,27.79208330549792
2026-08-03 02:30:00,29.6,27.767126467449586,26.460500000000003,27.25583942002247
2026-08-03 03:30:00,28.3,29.13375811129496,28.849499999999992,28.327049434848277
2026-08-03 04:30:00,28.7,29.06643819699825,28.83999999999999,28.106405925666866
2026-08-03 05:30:00,28.4,29.207756646695305,28.679999999999982,28.18763262663612
2026-08-03 06:30:00,28.1,29.244379066473325,28.13699999999999,28.106405925666866
2026-08-03 07:30:00,28.8,29.21523597306993,28.074999999999985,27.96258494778703
2026-08-03 08:30:00,13.6,29.65401614829225,29.084500000000002,28.18763262663612
2026-08-03 09:30:00,11.3,22.370258769702147,19.784500000000026,17.875520335443344
2026-08-03 10:30:00,11.4,18.805694723062764,15.47770000000001,15.20470346754474
2026-08-03 13:30:00,10.7,18.635348022948108,15.582350000000009,15.132351606066313
2026-08-03 14:30:00,11.2,18.081024814415514,16.82795000000001,14.725109964007778
2026-08-03 15:30:00,11.2,18.217218904321303,15.08190000000001,14.46896817931299
2026-08-03 20:30:00,11.5,14.464533314077686,14.433900000000008,13.310565276970587
2026-08-03 21:30:00,10.8,14.553831799594988,14.138050000000014,13.310565276970587
2026-08-04 15:30:00,11.5,14.182388709959639,12.477050000000004,12.263979982968186
2026-08-04 16:30:00,10.6,14.486722155693593,11.803099999999993,12.263979982968186
2026-08-04 20:30:00,11.1,10.68359323227379,11.115150000000005,12.187964355935602
2026-08-04 21:30:00,11.3,10.758490241321224,11.156049999999995,12.187964355935602
2026-08-04 22:30:00,11.6,10.890527609218315,11.111399999999996,12.187964355935602
2026-08-05 00:30:00,10.7,11.275026997223097,10.955499999999995,12.195506302277664
2026-08-05 08:30:00,13.0,12.463778483660034,11.248599999999984,12.263979982968186
2026-08-06 01:30:00,15.5,14.159733427902692,15.328500000000004,15.355121090127748
2026-08-06 06:30:00,15.3,15.041282485081881,15.421999999999993,15.352218859254974
2026-08-06 07:30:00,15.4,15.348013317154518,15.162999999999988,15.352218859254974
2026-08-06 08:30:00,14.6,15.579834197169347,15.165499999999994,15.352218859254974
2026-08-06 09:30:00,15.4,15.511156736916718,14.983999999999995,14.853518680129643
2026-08-06 10:30:00,14.8,16.111239427536848,15.159999999999982,15.352218859254974
2026-08-06 12:30:00,15.6,16.547482665639777,15.036499999999982,15.352218859254974
2026-08-07 11:30:00,15.5,16.95432469013092,15.396499999999987,16.281109620790644
2026-08-07 12:30:00,15.1,16.94655846204072,14.939,15.7040369379674
2026-08-07 13:30:00,15.8,16.828876734072065,14.542499999999986,15.455921198241645
2026-08-07 22:30:00,15.8,14.054893939752228,14.443999999999996,15.200697043372779
2026-08-08 00:30:00,15.6,15.060609578442328,14.708499999999988,15.706939168840174
2026-08-08 10:30:00,14.9,16.432201089610164,15.427299999999992,15.872860653560123
2026-08-08 11:30:00,14.6,16.323188961660627,14.197799999999997,15.624744913834355
2026-08-08 12:30:00,15.3,16.259225254117297,13.905699999999985,15.37416047443478
2026-08-08 13:30:00,16.0,16.67837558464401,14.643499999999985,15.872860653560123
2026-08-08 14:30:00,15.5,17.32486938421668,14.664799999999993,16.449933336383356
2026-08-08 15:30:00,16.1,17.345344359362493,14.962299999999997,15.872860653560123
2026-08-08 21:30:00,14.9,14.824078221180216,15.05949999999999,16.445293620914068
2026-08-09 15:30:00,15.9,16.782640556995144,14.295750000000005,15.624744913834355
2026-08-09 16:30:00,16.5,17.400722514334422,14.585799999999995,16.449933336383356
2026-08-09 20:30:00,16.2,15.049294123607831,14.904499999999999,15.868220938090834
2026-08-09 21:30:00,15.3,15.609701584609812,15.145000000000008,16.445293620914068
2026-08-09 22:30:00,15.0,15.353869652108042,15.194499999999998,15.868220938090834
2026-08-10 00:30:00,15.0,15.295490933605809,15.054499999999992,15.62764714470713
2026-08-10 02:30:00,15.6,15.500462148096368,14.94,15.377062705307553
2026-08-10 04:30:00,15.9,16.272935009367213,15.141000000000009,15.872860653560123
2026-08-10 06:30:00,15.2,16.90722957563026,15.014499999999996,16.449933336383356
2026-08-10 08:30:00,15.2,16.43598564842899,14.930000000000014,15.37416047443478
2026-08-10 10:30:00,16.0,16.926691744851556,14.929500000000004,15.624744913834355
2026-08-11 05:30:00,15.3,16.203157007899296,15.058499999999988,15.7040369379674
2026-08-11 06:30:00,15.6,16.304522133999896,15.229499999999987,15.7040369379674
2026-08-11 07:30:00,15.1,16.54552439661942,15.231499999999981,15.7040369379674
2026-08-11 08:30:00,15.8,16.47488748457603,15.241500000000007,15.455921198241645
2026-08-11 09:30:00,15.3,16.93138060788772,14.884,15.7040369379674
2026-08-11 10:30:00,15.5,16.943430549784722,15.065000000000008,15.7040369379674
2026-08-11 11:30:00,15.4,17.184616818643498,15.005999999999998,15.7040369379674
2026-08-11 12:30:00,15.2,17.272169255997394,15.048000000000009,15.7040369379674
2026-08-11 14:30:00,15.1,17.654992897645943,14.86850000000001,15.7040369379674
2026-08-11 22:30:00,14.1,14.958361343126874,15.040499999999994,15.868220938090834
2026-08-12 07:30:00,15.9,16.06169832893437,15.062000000000005,15.205336758842067
2026-08-12 08:30:00,15.3,16.60369536257197,15.026499999999997,16.281109620790644
2026-08-12 09:30:00,15.8,16.70972127690014,15.105500000000005,15.7040369379674
2026-08-12 14:30:00,15.9,17.561172585322673,14.837000000000016,15.7040369379674
2026-08-12 15:30:00,15.7,17.865273314903526,14.834000000000005,16.449933336383356
2026-08-15 06:30:00,25.9,22.91074512520808,24.256499999999996,23.45494784837528
2026-08-15 08:30:00,26.5,24.07370638619275,24.42699999999999,23.736127598145753
2026-08-15 10:30:00,24.7,24.677243221449896,24.083499999999976,23.736127598145753
2026-08-15 12:30:00,23.5,25.021316716975733,23.63549999999998,23.78231167354379
2026-08-15 14:30:00,25.0,25.82702971097256,24.607000000000003,25.25024948028437
2026-08-16 09:30:00,24.0,25.15749830563287,24.002500000000023,24.69581211111294
2026-08-16 10:30:00,24.1,24.823636127889262,24.365999999999982,23.987196445857215
2026-08-16 11:30:00,23.7,24.94432862489569,24.22349999999998,24.145403468126446
2026-08-16 12:30:00,24.5,24.889089007870666,24.421999999999983,23.91040779375401
2026-08-16 13:30:00,21.1,25.32106679731209,24.441499999999987,24.741996186510978
2026-08-16 14:30:00,20.9,24.037262621171053,25.004499999999997,22.889748805932047
2026-08-16 15:30:00,21.2,23.493013274275654,20.74250000000002,21.128575178906736
2026-08-16 16:30:00,19.2,23.668731989754548,21.47149999999999,21.60215356782393
2026-08-17 00:30:00,20.0,21.291551940829923,20.41550000000001,20.541060346562155
2026-08-17 02:30:00,20.8,21.450224104730985,20.441000000000017,20.250818952655674
2026-08-17 15:30:00,20.0,23.847101970427506,21.294499999999992,21.31191217391745
2026-08-18 19:30:00,19.2,19.231309207970053,20.142500000000002,16.479156808162713
2026-08-18 20:30:00,20.9,18.89804282571309,20.2645,19.908071488654056
2026-08-18 21:30:00,19.5,19.658425549271076,20.56649999999997,20.833694069530967
2026-08-18 22:30:00,20.3,19.437082703583382,20.150500000000008,19.908071488654056
2026-08-19 00:30:00,19.6,20.159853189261042,20.599500000000006,20.250818952655674
2026-08-19 02:30:00,20.7,19.947260365628743,19.991500000000006,20.250818952655674
2026-08-19 04:30:00,18.7,20.994889836857695,20.81599999999999,20.838333785000255
2026-08-19 06:30:00,20.7,20.44767169302324,19.93899999999999,19.89347640209748
2026-08-19 08:30:00,27.9,21.5757729917583,20.788500000000003,21.31191217391745
2026-08-19 10:30:00,28.8,26.03422018219483,27.017,26.144663341945325
2026-08-19 12:30:00,27.4,27.148358692623894,27.794499999999974,26.727091302818813
2026-08-19 14:30:00,25.3,27.041391121618773,27.251499999999993,26.388491406854133
2026-08-19 16:30:00,26.1,27.616465798975963,25.5695,26.727091302818813
2026-08-19 18:30:00,26.8,24.683855873467824,27.024500000000007,37.980063982655416
2026-08-19 19:30:00,26.9,24.427233729942927,29.12499999999999,20.791280475335057
2026-08-19 20:30:00,27.1,24.37514784391608,25.925500000000003,26.497896535090884
2026-08-19 21:30:00,28.2,24.812242027917684,27.358500000000006,26.627909009893287
2026-08-19 22:30:00,26.8,25.548924013136396,26.223000000000006,27.4027682329739
2026-08-19 23:30:00,27.7,25.313567729016906,26.956500000000002,26.54929949645673
2026-08-20 00:30:00,27.3,25.77920857801511,26.91600000000002,27.187106934896146
2026-08-20 01:30:00,25.8,25.913035057544878,26.934500000000003,27.195499528119186
2026-08-20 02:30:00,28.8,25.35738601949679,26.134000000000004,25.50643151378761
2026-08-20 06:30:00,26.6,27.295296553441595,26.939500000000017,27.587837350397482
2026-08-20 07:30:00,27.8,27.043177926388754,26.386000000000003,26.73436861388031
2026-08-20 08:30:00,28.4,27.628399983279547,27.40700000000002,27.27061249935576
2026-08-20 09:30:00,29.8,28.752917372507333,27.475500000000007,27.66018921187591
2026-08-20 10:30:00,26.8,29.634150832206643,28.57350000000001,28.104912034224775
2026-08-20 11:30:00,27.8,28.67108227768708,26.519999999999996,26.806720475358738
2026-08-20 12:30:00,26.5,28.76589738087907,27.477500000000006,27.389148436232226
2026-08-20 13:30:00,28.4,28.412477395709924,27.044500000000014,26.852904550756776
2026-08-20 14:30:00,27.2,29.282178896218255,27.89199999999998,27.706373287273948
2026-08-20 15:30:00,26.2,29.04488100122181,27.74000000000003,27.311133234122877
2026-08-20 16:30:00,28.5,28.69276583789583,26.568999999999992,26.27961919188258
2026-08-20 21:30:00,27.5,25.904356039235548,27.180500000000006,26.80208075988945
2026-08-20 22:30:00,27.8,26.36258454199307,26.776000000000007,27.3383246453649
2026-08-20 23:30:00,26.4,26.700482614685612,27.45899999999999,27.3383246453649
2026-08-21 00:30:00,27.1,26.264812573237094,27.4505,26.80962270623151
2026-08-21 01:30:00,28.4,26.504633031172165,26.678,27.00726669574228
2026-08-21 02:30:00,27.3,27.331786363566767,28.021499999999996,27.663091442748684
2026-08-21 07:30:00,25.8,27.690492550581098,27.027500000000018,27.542484641461424
2026-08-21 08:30:00,29.1,27.14761425129007,26.614000000000004,25.575881144393264
2026-08-21 09:30:00,28.4,28.706623119457713,27.658499999999982,28.077450770811783
2026-08-21 10:30:00,26.4,29.122363515740577,28.121499999999983,27.859709492503146
2026-08-21 11:30:00,27.9,28.01316106511452,26.910000000000014,27.006240755985974
2026-08-21 12:30:00,27.7,28.64462747265018,27.495500000000003,27.588668716859463
2026-08-21 13:30:00,28.1,28.852370873607406,27.86750000000002,27.389148436232226
2026-08-22 07:30:00,27.1,26.887036284727195,26.81700000000001,26.806720475358738
2026-08-22 08:30:00,26.1,27.340535807056852,26.54300000000001,27.004364464869507
2026-08-22 09:30:00,24.4,27.30399171444162,26.484000000000016,26.233435116484543
2026-08-22 10:30:00,25.2,26.396956699011806,23.572000000000006,24.398184731559166
2026-08-22 11:30:00,22.2,26.527334006846868,24.998500000000003,25.46250310169084
2026-08-22 12:30:00,23.4,25.386576068117385,23.062500000000014,23.18921268396055
2026-08-22 13:30:00,24.8,25.601638351482002,23.360999999999994,24.090837195708303
2026-08-22 14:30:00,24.6,26.60968642662687,24.477499999999985,24.92242558846527
2026-08-22 16:30:00,22.5,26.37572927157204,25.203999999999983,24.032209774577257
2026-08-23 00:30:00,23.8,23.26183083630397,23.227999999999987,24.04755535118304
2026-08-23 04:30:00,24.2,24.061787669151432,23.906500000000015,24.32583287008074
2026-08-23 22:30:00,23.4,22.899297734749325,23.572999999999997,23.308380171483194
2026-08-23 23:30:00,23.6,23.10280550396825,24.022999999999996,23.740549526812472
2026-08-24 04:30:00,22.6,24.424211864220247,24.383000000000006,24.026368992052234
2026-08-24 05:30:00,23.7,23.907826355936773,23.491499999999988,23.313019886952482
2026-08-24 06:30:00,23.9,24.322099756399528,23.59299999999999,23.74518924228176
2026-08-24 08:30:00,23.0,25.56058923925073,24.596000000000018,24.86484051680998
2026-08-24 10:30:00,22.7,25.043836183036564,24.747000000000003,23.74518924228176
2026-08-24 12:30:00,23.9,25.167765710389446,23.98500000000001,23.7913733176798
2026-08-24 14:30:00,22.8,25.351696529430416,23.5805,23.313019886952482
2026-08-24 20:30:00,23.5,22.443896786388883,23.623000000000015,23.308380171483194
2026-08-24 21:30:00,23.0,22.736672082352804,23.493000000000006,23.740549526812472
2026-08-24 22:30:00,24.2,22.713367402332416,23.451500000000006,23.308380171483194
2026-08-24 23:30:00,23.5,23.400896965449963,24.211499999999997,24.021729276582946
2026-08-25 00:30:00,23.4,23.41079366862188,23.90349999999999,23.748091473154535
2026-08-25 03:30:00,23.3,23.059764746058196,23.190499999999982,22.89265103680482
2026-08-25 04:30:00,22.4,23.59709011330519,23.408499999999993,23.571568712575097
2026-08-25 05:30:00,24.3,23.41802337146846,23.51599999999998,23.313019886952482
2026-08-25 06:30:00,23.2,24.440839753396272,23.696500000000015,24.026368992052234
2026-08-25 07:30:00,24.1,24.363414251363352,23.746499999999983,23.732745896548753
2026-08-25 08:30:00,23.3,24.856628436118292,23.747500000000006,24.026368992052234
2026-08-25 09:30:00,21.8,24.618368294794063,23.371499999999987,23.732745896548753
2026-08-25 10:30:00,22.5,23.93807863387124,22.55949999999999,22.889748805932047
2026-08-25 11:30:00,23.5,24.13274135594249,22.275999999999964,23.12766078986649
2026-08-25 12:30:00,22.2,24.952070258706097,23.344499999999986,23.767191404567463
2026-08-25 13:30:00,23.7,24.624755021810042,23.265000000000015,22.86556689281971
2026-08-25 14:30:00,24.6,25.244836028179943,23.555000000000014,23.767191404567463
2026-08-25 15:30:00,22.8,26.086225479740403,24.104999999999997,24.59877979732443
2026-08-25 16:30:00,23.8,25.545839542549633,25.75549999999997,23.288837973840145
2026-08-25 18:30:00,24.5,22.04566023753394,41.68299999999996,36.55312867748225
2026-08-25 19:30:00,24.1,22.79814725719958,44.134499999999974,20.766452690261616
2026-08-25 20:30:00,25.0,22.89858847700797,23.71199999999999,24.021729276582946
2026-08-25 21:30:00,23.1,23.49263677237485,24.5275,24.860200801340692
2026-08-25 22:30:00,22.6,22.833921943228564,23.835500000000007,23.728106181079465
2026-08-25 23:30:00,22.3,22.49920793208275,23.345499999999994,23.308380171483194
2026-08-26 00:30:00,23.6,22.374146961228316,23.174999999999997,22.868469123692485
2026-08-26 01:30:00,22.7,23.1112034528105,23.292000000000016,23.7239095600422
2026-08-26 02:30:00,23.3,23.05647157324861,23.197500000000012,23.29174020471292
2026-08-26 03:30:00,23.5,23.24795297743536,23.332500000000014,23.71146621430919
2026-08-26 04:30:00,23.2,23.678596298515327,23.36200000000001,23.74518924228176
2026-08-26 05:30:00,22.8,23.673999282968445,23.368499999999976,23.732745896548753
2026-08-26 06:30:00,23.4,23.681453640867367,23.3955,23.288837973840145
2026-08-26 07:30:00,23.0,24.00277261385709,23.261000000000003,23.721007329169424
2026-08-26 08:30:00,23.7,24.09700041033065,23.2405,23.288837973840145
2026-08-26 09:30:00,22.1,24.486970573637084,23.792500000000015,23.721007329169424
2026-08-26 10:30:00,22.5,23.886372774061734,22.198500000000003,22.86556689281971
2026-08-26 11:30:00,24.4,24.02576951902138,22.74049999999997,23.12766078986649
2026-08-26 12:30:00,23.1,25.237718887487265,23.816499999999987,24.072553067450272
2026-08-26 13:30:00,22.9,24.990120520352317,23.496499999999997,23.732745896548753
2026-08-26 14:30:00,21.8,24.922390877337563,23.044500000000006,23.313019886952482
2026-08-26 15:30:00,24.8,24.530924550076556,22.180999999999997,22.618129489080673
2026-08-26 16:30:00,22.9,25.890851018257464,24.24949999999999,24.437602613350773
2026-08-26 17:30:00,21.4,25.63885238007621,25.803999999999984,23.288837973840145
2026-08-26 18:30:00,23.8,20.85635872872543,34.972999999999985,35.46269418312651
2026-08-26 19:30:00,24.0,22.019466578280444,39.48549999999993,19.878371245806484
2026-08-26 20:30:00,22.8,22.623117960601068,23.610000000000035,23.59190293746234
2026-08-26 21:30:00,22.4,22.252410183831817,23.286000000000012,23.01937773658723
2026-08-26 22:30:00,22.9,21.90366143650378,23.3635,23.01937773658723
2026-08-26 23:30:00,23.7,22.21272980768367,23.102500000000024,23.01937773658723
2026-08-27 00:30:00,21.5,22.83332538455729,23.563499999999998,23.459089038258572
2026-08-27 01:30:00,22.6,22.094155177207817,23.483500000000003,22.60364860190886
2026-08-27 02:30:00,22.6,22.385103953641345,22.972000000000012,22.865742498955637
2026-08-27 03:30:00,24.5,22.739513732465074,23.56250000000001,23.026919682929293
2026-08-27 04:30:00,23.4,23.842671498717472,24.31699999999999,24.287775200142764
2026-08-27 05:30:00,23.1,23.743623172990176,23.429499999999972,23.456186807385798
2026-08-27 06:30:00,25.1,23.5588998693901,23.317499999999985,23.44374346165279
2026-08-27 07:30:00,22.8,24.695129837553974,24.64050000000001,24.593221199958606
2026-08-31 00:30:00,23.4,23.772872256906627,23.71899999999999,24.029271222925008
2026-08-31 01:30:00,22.1,23.539371839996512,23.901499999999988,23.748091473154535
2026-08-31 02:30:00,23.6,23.135252443797704,22.911499999999997,22.89265103680482
2026-08-31 04:30:00,24.5,23.162929149853397,22.58449999999997,22.889748805932047
2026-08-31 05:30:00,22.9,24.429054165290236,24.08000000000002,24.41560045106507
2026-08-31 06:30:00,22.6,24.20769453584038,23.506,23.313019886952482
2026-08-31 07:30:00,23.9,23.872383337597036,22.981999999999992,23.313019886952482
2026-08-31 08:30:00,23.7,24.740502386453315,23.701000000000004,23.868161969783003
2026-08-31 09:30:00,23.2,24.982517969379508,23.392999999999994,23.74518924228176
2026-08-31 10:30:00,28.6,24.898000975017776,23.21649999999998,23.732745896548753
2026-08-31 11:30:00,28.9,27.55829406536897,27.83600000000004,27.36960017333823
2026-08-31 12:30:00,26.7,28.793556098516124,28.213500000000007,27.41578424873627
2026-08-31 13:30:00,29.3,27.96206301604674,26.118999999999993,26.481088811249844
2026-08-31 14:30:00,29.6,29.077841920388874,27.504000000000037,27.552298826075653
2026-08-31 15:30:00,28.3,29.90291607623789,28.163000000000014,27.671333302149865
2026-08-31 16:30:00,27.5,29.54954813280542,28.38099999999999,27.453592023841228
2026-08-31 17:30:00,29.9,29.188520064590712,28.692500000000017,27.23038877942141
2026-08-31 18:30:00,27.4,26.62608334630702,28.25250000000001,41.619840316912565
2026-08-31 19:30:00,27.3,25.94085957568956,28.82599999999998,21.603214600782962
2026-08-31 20:30:00,29.0,25.764353722612615,27.488500000000016,27.187957581777123
2026-08-31 21:30:00,28.5,26.707666129224535,27.219000000000005,27.664424335897447
2026-09-01 01:30:00,28.3,27.23966770850139,28.51,27.273514730228534
2026-09-01 05:30:00,27.0,27.504946270179644,26.854500000000016,26.73436861388031
2026-09-01 06:30:00,29.4,27.410148111242957,27.423000000000037,26.802000128588677
2026-09-01 07:30:00,26.9,28.83395719207285,28.193999999999992,27.877930490184546
2026-09-01 08:30:00,28.3,28.26800950204663,26.81350000000003,26.874351990067105
2026-09-01 09:30:00,23.8,28.764315759800734,27.88149999999998,27.859709492503146
2026-09-01 10:30:00,23.7,26.91482435106863,24.390499999999996,24.43949798991717
2026-09-01 11:30:00,24.0,26.632495952516027,23.91050000000001,24.31652526241593
2026-09-01 12:30:00,23.7,26.943926242614644,23.887000000000008,24.48568206531521
2026-09-01 13:30:00,24.9,26.814541247539154,23.95050000000002,24.362709337813968
2026-09-01 14:30:00,24.2,27.61492445326023,24.5055,25.28284033171495
2026-09-01 15:30:00,25.4,27.606063809590616,24.194499999999984,24.444368806957204
2026-09-01 16:30:00,26.2,28.114965024513985,24.38650000000002,25.475027792720518
2026-09-01 17:30:00,25.6,28.762152123832657,25.962499999999988,26.207267330404154
2026-09-01 18:30:00,24.0,25.013390358877512,45.95049999999999,38.34809397696067
2026-09-01 19:30:00,23.7,24.10729181835313,42.72799999999996,20.381482816146733
2026-09-01 20:30:00,25.7,23.788959234589704,23.858000000000008,24.040013404840977
2026-09-01 21:30:00,25.2,24.951918465590154,24.44650000000003,25.49888956744555
2026-09-01 22:30:00,23.9,25.123387219027496,24.66849999999998,25.42420400185319
2026-09-02 00:30:00,24.2,25.296049115163743,24.36200000000001,25.50643151378761
2026-09-02 01:30:00,23.9,24.89633552083481,24.467999999999993,24.328735100953512
2026-09-02 05:30:00,25.3,24.464735789944143,24.154000000000018,23.612483764980986
2026-09-02 06:30:00,24.1,25.520081378345793,24.670500000000008,25.42884371732248
2026-09-02 07:30:00,25.5,25.62221741260236,24.223000000000003,24.32583287008074
2026-09-02 08:30:00,26.9,26.07940307265132,24.39000000000002,25.41712148758245
2026-09-02 09:30:00,24.4,27.218103940732302,25.262000000000008,26.71559233325629
2026-09-02 10:30:00,24.5,26.064914974906756,24.726499999999984,24.145403468126446
2026-09-02 16:30:00,25.1,26.878587157431106,24.415000000000024,24.741996186510978
2026-09-02 17:30:00,23.5,27.336047335201744,24.6785,25.03005906828223
2026-09-02 18:30:00,23.3,22.859291824070482,42.35499999999993,36.70878841240181
2026-09-02 19:30:00,24.6,22.56067667885676,41.04949999999994,20.06563734095819
2026-09-02 20:30:00,24.7,23.29043342646598,24.347500000000014,24.69117239564365
2026-09-02 21:30:00,24.8,23.798498294228686,24.099500000000003,24.69117239564365
2026-09-02 22:30:00,24.8,23.97877704158824,24.11049999999999,24.69117239564365
2026-09-02 23:30:00,23.7,24.08110706752819,24.477499999999996,24.69117239564365
2026-09-03 00:30:00,23.3,23.799543207363,23.971000000000007,23.867125949228747
2026-09-03 01:30:00,23.5,23.476904016439228,24.089499999999994,23.85468260349574
2026-09-05 06:30:00,25.8,24.535812559719556,24.65049999999998,24.576777635038727
2026-09-05 07:30:00,24.6,25.360436586285605,25.141500000000015,25.204065404886332
2026-09-05 08:30:00,23.9,25.08173293067268,24.612500000000008,24.576777635038727
2026-09-05 09:30:00,24.5,24.811856182454314,24.51649999999998,23.868161969783003
2026-09-05 10:30:00,23.3,25.13913966804681,24.57250000000001,24.576777635038727
2026-09-05 11:30:00,24.5,24.77251366778064,24.143499999999996,23.732745896548753
2026-09-05 12:30:00,24.3,25.396809512624163,24.673499999999994,24.622961710436766
2026-09-05 13:30:00,23.3,25.61163790732885,24.351,24.072553067450272
2026-09-05 14:30:00,24.1,25.176808392570017,24.02250000000002,23.732745896548753
2026-09-05 15:30:00,24.6,25.596021772706617,24.376999999999995,24.072553067450272
2026-09-05 16:30:00,24.0,26.12650714152595,24.615000000000006,24.622961710436766
2026-09-05 17:30:00,24.8,25.98012923728722,26.000499999999985,23.91434604518104
2026-09-05 18:30:00,25.8,22.686274802131884,46.255,37.42134232908456
2026-09-05 19:30:00,25.0,23.491829057345047,45.068499999999986,21.417922373221558
2026-09-05 20:30:00,24.4,23.360686796787494,24.65000000000005,24.979235277414904
2026-09-05 21:30:00,22.9,23.131297045483798,24.204999999999988,24.021729276582946
2026-09-05 22:30:00,25.1,22.380503274689364,23.732000000000006,23.308380171483194
2026-09-05 23:30:00,24.8,23.407095542810183,24.054500000000033,24.979235277414904
2026-09-06 00:30:00,24.8,23.774970961193286,24.243999999999975,24.698714341985713
2026-09-06 01:30:00,24.4,23.925385857848912,24.30949999999997,24.698714341985713
2026-09-06 05:30:00,25.2,24.29116122222791,24.53149999999997,23.987196445857215
2026-09-06 06:30:00,25.4,24.810241658517498,24.22800000000002,25.248414315368187
2026-09-06 07:30:00,24.5,25.329970654722814,24.484999999999992,25.248414315368187
2026-09-06 08:30:00,23.4,24.991780742094946,24.31149999999996,24.69581211111294
2026-09-06 09:30:00,21.6,24.41410949058918,24.18049999999999,23.864223718355973
2026-09-06 10:30:00,23.0,23.5282283655956,22.724499999999974,23.00878328200626
2026-09-06 11:30:00,24.4,23.994768406615293,22.450999999999986,23.151842702978826
2026-09-06 12:30:00,24.0,25.134008090604897,24.380499999999998,24.191587543524484
2026-09-06 13:30:00,25.1,25.295665505444344,24.62249999999999,23.91434604518104
2026-09-06 14:30:00,24.4,25.873253168658934,24.343499999999995,25.03005906828223
2026-09-06 15:30:00,24.8,25.918504493748237,24.137000000000004,24.191587543524484
2026-09-06 16:30:00,26.0,26.195182027447977,24.22800000000002,24.741996186510978
2026-09-06 17:30:00,23.6,26.977328397152927,26.542500000000015,26.02683792844986
2026-09-06 18:30:00,25.1,23.357169512617766,42.62699999999996,39.33275872943022
2026-09-06 19:30:00,25.3,23.928110705816035,46.19950000000001,21.197731961219418
2026-09-06 20:30:00,23.8,24.362483312782043,24.379999999999974,25.2437745998989
2026-09-06 21:30:00,24.2,23.768390233328972,24.664499999999997,23.982556730387927
2026-09-06 22:30:00,24.2,23.791586316644562,24.64150000000002,24.140763752657158
2026-09-06 23:30:00,24.9,24.152856722727897,24.3755,24.140763752657158
2026-09-07 00:30:00,24.9,24.628336367500133,23.73250000000001,24.986777223756967
2026-09-07 01:30:00,23.4,24.89358438880599,24.236500000000007,24.986777223756967
2026-09-07 05:30:00,24.3,25.06473257891317,24.689999999999984,24.145403468126446
2026-09-07 06:30:00,25.6,25.27740806935201,24.580999999999996,24.145403468126446
2026-09-07 07:30:00,26.0,26.081459870717893,24.539000000000005,25.323099880960545
2026-09-07 08:30:00,22.5,26.588342469626724,26.86300000000001,25.980653853051823
2026-09-07 09:30:00,27.2,25.012592177561004,24.644000000000016,23.313019886952482
2026-09-07 10:30:00,30.2,26.84450896763789,26.389000000000006,27.01216789529212
2026-09-07 11:30:00,29.9,29.377080379381184,28.13500000000002,28.234985028369916
2026-09-07 12:30:00,28.8,30.015740431899836,29.244499999999988,28.078744248144385
2026-09-07 13:30:00,31.2,29.61264510446054,28.65949999999997,27.715248126764774
2026-09-07 14:30:00,29.7,30.909357426047738,29.054500000000004,29.008709635425717
2026-09-07 19:30:00,29.4,28.656951009810342,30.85149999999999,23.69777169629515
2026-09-07 20:30:00,30.3,27.860883489060466,29.668000000000003,27.80093891323683
2026-09-07 21:30:00,31.8,28.032438350650764,30.1545,28.95788584455839
2026-09-07 22:30:00,30.9,29.15755186423067,30.645499999999988,29.36052987939866
2026-09-07 23:30:00,29.8,29.171384084719758,30.43650000000002,29.030237706036818
2026-09-08 00:30:00,30.9,28.756892812410914,29.11950000000003,28.307334545724785
2026-09-08 01:30:00,29.3,29.349680437479076,30.04399999999998,29.237299933006117
2026-09-08 05:30:00,30.5,29.71603253394917,29.87850000000002,28.271180938134723
2026-09-08 06:30:00,30.3,30.093620465402424,30.01400000000002,29.481094135297063
2026-09-08 07:30:00,31.1,30.465773642158858,29.854000000000006,29.85046197739346
2026-09-08 08:30:00,31.0,31.078287060138372,29.7525,29.85046197739346
2026-09-08 09:30:00,30.9,31.178184526196787,29.8755,29.85046197739346
2026-09-08 10:30:00,31.4,31.604416902816475,30.360999999999986,29.85046197739346
2026-09-08 11:30:00,31.2,32.22396778679502,30.370000000000005,29.85046197739346
2026-09-08 19:30:00,29.2,28.869982650609185,30.242999999999984,23.279316619632706
2026-09-08 20:30:00,30.3,28.586510282921942,29.484999999999996,28.715093258695987
2026-09-08 21:30:00,31.8,29.252529754323028,29.291999999999998,29.872040190017547
2026-09-08 22:30:00,30.6,30.40550262814652,30.084999999999994,30.274684224857815
2026-09-08 23:30:00,30.4,30.167441550753605,30.412999999999997,29.872040190017547
2026-09-09 00:30:00,29.2,29.972263585320565,30.745999999999995,29.853364208266235
2026-09-09 05:30:00,30.7,30.352019784046824,29.513499999999993,29.209329241068087
2026-09-09 06:30:00,31.1,30.96103073139065,29.96900000000002,29.85046197739346
2026-09-09 07:30:00,30.4,31.39484326501394,29.82350000000002,29.85046197739346
2026-09-09 08:30:00,27.7,31.324651375283032,30.059500000000003,29.85046197739346
2026-09-09 09:30:00,30.0,30.011624811196445,27.65200000000004,28.158548916721543
2026-09-09 10:30:00,30.1,30.864991778772257,28.36150000000002,28.92049659011213
2026-09-09 11:30:00,29.7,31.438212069546402,30.42350000000002,29.209329241068087
2026-09-09 19:30:00,28.7,29.278612266056147,30.52049999999999,24.209282006914037
2026-09-09 20:30:00,30.9,28.341268806159412,30.05600000000003,28.578578681356603
2026-09-09 21:30:00,31.4,29.21886989124981,29.54250000000002,29.872040190017547
2026-09-10 01:30:00,29.0,29.578659151132698,29.9205,28.923398820984904
2026-09-10 06:30:00,31.1,30.300103144473788,30.102999999999994,28.92049659011213
2026-09-10 07:30:00,32.0,31.069987271197142,30.1375,29.85046197739346
2026-09-10 08:30:00,28.7,31.843513723250986,29.16849999999999,30.25310601223373
2026-09-10 09:30:00,29.2,30.366197581682222,28.742500000000046,28.557000468732518
2026-09-10 10:30:00,30.3,30.37961944015472,29.2375,28.6935150460719
2026-09-10 11:30:00,31.2,31.15653373566711,29.58300000000003,29.85046197739346
2026-09-10 18:30:00,29.8,28.161445315007136,29.81400000000001,32.06126371999711
2026-09-10 19:30:00,32.1,28.4792268985423,30.561999999999983,23.279316619632706
2026-09-10 20:30:00,29.6,29.62798277927257,29.579999999999973,31.36410739025564
2026-09-10 21:30:00,28.0,29.043358632928506,30.01150000000002,28.715093258695987
2026-09-10 22:30:00,29.9,28.02824319626134,28.079999999999995,28.180127129345628
2026-09-11 00:30:00,29.0,29.890228561885625,30.243500000000008,29.853364208266235
2026-09-11 01:30:00,31.7,29.144436094304805,29.77550000000001,28.559902699605292
2026-09-11 02:30:00,31.1,30.225157409089615,28.938000000000024,30.256008243106503
2026-09-11 05:30:00,30.4,30.505928580325037,30.3145,29.85046197739346
2026-09-11 06:30:00,29.1,30.557449545318466,30.46449999999998,29.85046197739346
2026-09-11 07:30:00,30.2,30.08088071770789,30.062000000000015,28.6935150460719
2026-09-11 08:30:00,23.2,30.62473408742068,29.305000000000042,29.209329241068087
2026-09-11 09:30:00,23.1,27.257497018296718,22.733000000000015,24.92014619194304
2026-09-11 10:30:00,23.2,26.194388515220524,23.31699999999998,24.92014619194304
2026-09-11 11:30:00,22.6,26.384913373929574,23.659999999999968,24.92014619194304
2026-09-11 19:30:00,22.8,22.97878348152343,39.34249999999998,20.098212875421876
2026-09-11 20:30:00,21.9,23.244513933039485,22.7335,23.680195910990125
2026-09-11 21:30:00,23.0,22.74006862226751,22.77099999999999,23.184572968491263
2026-09-11 22:30:00,22.1,23.11868256765444,22.992999999999974,23.44666686553804
2026-09-11 23:30:00,22.5,23.006925081433828,22.558000000000003,23.184572968491263
2026-09-12 00:30:00,23.8,23.211967904266572,24.521499999999993,23.454208811880104
2026-09-12 01:30:00,22.8,23.885806029409697,23.378499999999985,24.17052807868428
2026-09-12 05:30:00,21.5,23.95635497967763,23.42199999999999,23.784624795271213
2026-09-12 06:30:00,21.6,23.37807824138401,22.782999999999987,23.00878328200626
2026-09-12 07:30:00,21.6,23.115589883447946,22.418000000000017,22.72857162195839
2026-09-12 08:30:00,21.7,23.254032401982226,22.15050000000002,22.72857162195839
2026-09-12 09:30:00,22.3,22.942559177983938,22.11449999999999,22.72857162195839
2026-09-12 10:30:00,24.0,23.308268320162934,22.3995,22.43956918706243
2026-09-12 11:30:00,23.2,24.333871737182417,23.3055,23.577920575876522
2026-09-12 19:30:00,21.5,20.481471300821383,35.03349999999998,18.83074749840538
2026-09-12 20:30:00,21.3,20.41246559535661,21.7685,22.433690512582622
2026-09-12 21:30:00,21.1,20.389355799738503,21.769999999999996,22.433690512582622
2026-09-12 22:30:00,22.2,20.461696339924167,21.016999999999975,21.45758237973881
2026-09-12 23:30:00,21.3,21.061994074912718,22.017999999999986,21.30727245844816
2026-09-13 00:30:00,22.5,20.9570789108685,22.421000000000053,22.60240964289834
2026-09-13 01:30:00,21.6,21.63824288586618,22.496499999999997,21.888395407101306
2026-09-13 02:30:00,21.5,21.46763441034335,22.794000000000025,22.60240964289834
2026-09-13 04:30:00,21.7,22.32348902166051,23.557499999999994,23.281327318668616
2026-09-13 05:30:00,23.3,22.09612249444987,22.15900000000001,22.599507412025567
2026-09-13 06:30:00,22.1,22.69424838679081,22.999499999999994,23.281327318668616
2026-09-13 07:30:00,22.0,22.527449793534807,22.11850000000001,22.599507412025567
2026-09-13 08:30:00,22.1,22.430141226835012,21.971000000000018,22.43833022805191
2026-09-13 09:30:00,23.4,22.63008305195527,22.121000000000013,22.43833022805191
2026-09-13 10:30:00,23.2,23.48908608686907,22.87599999999999,23.293770664401624
2026-09-13 11:30:00,22.9,23.868014616083347,23.17249999999998,23.442504502642272
2026-09-13 12:30:00,23.7,23.81102658682987,22.96800000000001,23.022778493046
2026-09-13 14:30:00,22.2,23.532488423305924,21.126000000000023,22.599507412025567
2026-09-13 15:30:00,22.4,23.611285263146534,21.886000000000003,22.43833022805191
2026-09-13 18:30:00,22.4,22.021734498031808,39.69199999999995,38.94086597749411
2026-09-13 19:30:00,22.4,21.766529105002938,39.88399999999994,19.254018579425814
2026-09-13 20:30:00,22.1,21.752399942304436,22.96200000000001,23.018138777576713
2026-09-13 21:30:00,23.3,21.757672506834172,22.49900000000002,22.59486769655628
2026-09-13 22:30:00,22.4,22.462514869965453,23.155999999999995,23.276687603199328
2026-09-13 23:30:00,21.5,22.43359209792746,22.972499999999997,23.018138777576713
2026-09-14 00:30:00,22.6,21.957282131770505,22.265500000000024,22.60240964289834
2026-09-14 01:30:00,23.1,22.578219949700287,22.82299999999998,22.86450353994512
2026-09-14 02:30:00,22.3,23.11253430360093,23.4465,23.445406733515046
2026-09-14 03:30:00,22.7,22.958505262240166,22.799000000000007,22.60240964289834
2026-09-14 04:30:00,21.8,23.27676433814418,23.789999999999985,23.022778493046
2026-09-14 05:30:00,21.9,22.96796453483092,22.4135,22.599507412025567
2026-09-14 06:30:00,22.3,23.10836295892548,21.899500000000007,22.43833022805191
2026-09-14 07:30:00,22.6,23.404785388351065,22.79650000000001,22.43833022805191
2026-09-14 08:30:00,21.2,23.76885948357805,23.399999999999988,23.022778493046
2026-09-14 09:30:00,22.5,23.283802573108765,22.232,22.599507412025567
2026-09-14 10:30:00,23.3,23.91843212315588,22.503499999999985,21.885493176228533
2026-09-14 11:30:00,22.7,24.655887036743593,23.295500000000008,23.442504502642272
2026-09-14 18:30:00,22.7,21.44354644009055,37.34149999999996,38.0854255411444
2026-09-14 19:30:00,23.7,21.670765830508163,39.18449999999994,19.254018579425814
2026-09-14 20:30:00,22.2,22.389690123110842,23.418500000000012,23.45030813290599
2026-09-14 21:30:00,21.5,21.95113440452703,21.934000000000022,22.59486769655628
2026-09-14 22:30:00,22.1,21.577243619423097,22.349000000000032,22.59486769655628
2026-09-14 23:30:00,22.6,21.857672030902208,21.84850000000001,22.433690512582622
2026-09-15 00:30:00,22.7,22.298962409138586,23.3095,22.86450353994512
2026-09-15 01:30:00,21.2,22.651985882613232,23.26450000000002,23.025680723918775
2026-09-15 02:30:00,23.5,22.096942550457047,22.481000000000016,22.60240964289834
2026-09-15 03:30:00,23.0,23.10183730410185,23.827500000000004,22.549713570943872
2026-09-15 04:30:00,22.1,23.41375715629056,22.999500000000015,23.022778493046
2026-09-15 05:30:00,22.4,22.992369998747595,22.318,22.599507412025567
2026-09-15 06:30:00,22.4,23.149674241739657,22.834999999999994,22.861601309072345
2026-09-15 10:30:00,32.2,23.585914911785284,21.936999999999998,22.43833022805191
2026-09-15 11:30:00,32.3,28.901340761043876,32.83850000000005,29.174800187432123
2026-09-15 19:30:00,31.8,27.073732353676192,29.335500000000025,22.184732872219257
2026-09-15 20:30:00,31.0,28.124840588965814,31.450000000000017,29.36052987939866
2026-09-15 21:30:00,31.7,28.176332370713,31.084000000000017,28.95788584455839
2026-09-15 22:30:00,31.1,28.61027289875529,31.345500000000026,29.36052987939866
2026-09-15 23:30:00,32.3,28.7114972070997,30.75850000000001,28.95788584455839
2026-09-16 00:30:00,32.0,29.48222839941042,30.10250000000001,30.70113918577993
2026-09-16 01:30:00,32.1,29.794322511865865,30.275499999999983,29.36807182574072
2026-09-16 02:30:00,32.4,29.98063754967791,30.39649999999998,30.773491047258357
2026-09-16 03:30:00,32.0,30.547761403663014,30.28849999999998,31.087521830360746
2026-09-16 04:30:00,32.9,30.63005975107792,29.93549999999998,29.83077190429655
2026-09-16 05:30:00,33.4,31.2214048542277,29.814999999999976,31.21680553017654
2026-09-16 06:30:00,29.2,31.914946462392834,32.735499999999995,34.345763144539895
2026-09-16 07:30:00,31.6,30.16487679335833,27.965000000000018,28.6935150460719
2026-09-16 09:30:00,31.7,31.70381345310424,29.922499999999964,30.25310601223373
2026-09-16 10:30:00,33.3,31.926025474972768,29.71250000000001,30.25310601223373
2026-09-16 11:30:00,32.1,33.52438206052899,31.76180000000003,34.345763144539895
2026-09-16 19:30:00,30.5,30.738555724872413,30.476499999999977,25.66988702382601
2026-09-16 20:30:00,32.2,30.029436790986427,29.1015,29.872040190017547
2026-09-16 21:30:00,32.4,30.618657075648656,29.88449999999997,31.36410739025564
2026-09-16 22:30:00,32.4,31.205305299245154,30.172499999999964,31.36410739025564
2026-09-16 23:30:00,29.5,31.362338575442415,29.737499999999965,31.36410739025564
2026-09-17 07:30:00,25.1,27.85631063497644,25.838499999999986,26.39146570028062
2026-09-17 08:30:00,26.2,27.90952704302021,24.926499999999987,26.052240812204268
2026-09-17 09:30:00,25.3,28.478856262164534,26.65850000000002,27.049019672371898
2026-09-17 10:30:00,26.9,28.26994148562826,25.330000000000005,26.316780134688262
2026-09-17 11:30:00,24.4,29.09983980241575,26.436500000000038,27.68993654595446
2026-09-17 12:30:00,25.0,28.120968657515387,23.589499999999997,25.25995336284456
2026-09-17 19:30:00,24.4,25.4713080216938,43.93649999999999,22.63154059670922
2026-09-17 20:30:00,25.5,24.956383803683966,24.592500000000005,24.839761729880834
2026-09-17 21:30:00,25.5,25.442048236265922,25.247000000000025,25.964491876874153
2026-09-17 22:30:00,25.8,25.693330900451674,26.209999999999994,25.964491876874153
2026-09-17 23:30:00,25.6,25.923218858410426,26.244500000000006,25.885272212026365
2026-09-18 00:30:00,24.8,25.78338400963315,26.042,25.778303655893275
2026-09-18 04:30:00,34.8,27.137463939967247,25.978500000000007,27.27061249935576
2026-09-18 06:30:00,33.4,31.553192911578492,31.02230000000002,33.30366404278761
2026-09-18 07:30:00,32.9,31.462391089910398,31.038300000000017,33.30366404278761
2026-09-18 08:30:00,33.2,31.350272334858005,28.578499999999973,30.544074270520614
2026-09-18 09:30:00,32.8,31.66401005337616,30.944299999999995,33.530178588652575
2026-09-18 10:30:00,34.4,31.703687267965805,29.692499999999963,30.770588816385583
2026-09-18 11:30:00,33.4,32.76779018464723,33.405300000000004,34.50472122218629
2026-09-18 12:30:00,32.2,32.631505468660635,30.773500000000013,33.81545042761423
2026-09-18 13:30:00,33.9,32.14669890085061,29.098999999999975,31.055860655347256
2026-09-18 18:30:00,33.3,29.412785487452155,28.567000000000004,33.39387314211869
2026-09-18 19:30:00,35.3,30.096391085030426,33.311499999999995,28.429476796092978
2026-09-18 20:30:00,32.5,31.510086652311962,35.476500000000016,34.74958070635275
2026-09-19 05:30:00,34.3,33.22084002402683,34.19350000000002,35.21847003173191
2026-09-19 06:30:00,33.6,33.7073370621827,33.954000000000036,35.21847003173191
2026-09-19 07:30:00,33.9,33.58491163524977,30.23000000000003,34.345763144539895
2026-09-19 08:30:00,34.1,33.83796235838316,31.200800000000026,34.756302463503786
2026-09-19 09:30:00,33.0,34.22841621849688,31.034600000000026,35.006274994971236
2026-09-19 10:30:00,33.7,33.834308780870884,27.076499999999992,31.58617337227294
2026-09-19 11:30:00,32.7,34.2525144118407,29.30650000000003,34.345763144539895
2026-09-19 19:30:00,32.9,31.560083565544666,32.89550000000003,28.429476796092978
2026-09-19 20:30:00,33.4,31.518558035539037,31.148500000000013,31.36410739025564
2026-09-19 21:30:00,33.5,31.670783166854854,32.708500000000015,34.123697162522596
2026-09-20 06:30:00,33.6,33.32226292154183,31.970000000000024,34.96849750026446
2026-09-20 07:30:00,34.9,33.47570322031738,30.89150000000003,34.345763144539895
2026-09-20 08:30:00,32.9,34.276674794604915,31.208100000000023,35.006274994971236
2026-09-20 09:30:00,30.8,33.68333262777441,27.421,31.58617337227294
2026-09-20 10:30:00,33.2,32.41993534485928,27.174499999999977,29.85046197739346
2026-09-20 11:30:00,31.9,33.4420388553608,30.402800000000035,34.345763144539895
2026-09-20 12:30:00,34.9,33.253602046259125,27.081499999999977,30.299290087631768
2026-09-20 14:30:00,32.0,34.867476204632844,31.42930000000003,35.10800408375502
2026-09-20 15:30:00,32.6,34.046157031810154,27.62349999999999,30.299290087631768
2026-09-21 06:30:00,34.0,34.47365738361034,31.606000000000023,34.96849750026446
2026-09-21 07:30:00,32.7,34.49057079423917,31.606500000000032,34.96849750026446
2026-09-21 08:30:00,33.1,34.11151267500275,28.05899999999999,31.58617337227294
2026-09-21 09:30:00,33.2,34.13438469263523,30.470000000000024,34.345763144539895
2026-09-21 10:30:00,33.7,34.28985588189561,30.193000000000033,34.345763144539895
2026-09-21 11:30:00,32.0,34.857249734917744,30.545000000000023,34.345763144539895
2026-09-22 02:30:00,34.5,33.032405122897565,31.383500000000016,34.34866537541267
2026-09-22 05:30:00,33.6,33.21630283896203,29.69199999999999,31.58617337227294
2026-09-22 06:30:00,34.1,33.67690337579257,31.02550000000001,34.345763144539895
2026-09-22 07:30:00,30.8,34.34553241494375,31.787500000000023,35.21847003173191
2026-09-22 08:30:00,34.2,32.873389178647365,27.205499999999983,29.85046197739346
2026-09-22 09:30:00,32.5,34.208193046326116,32.584700000000026,35.006274994971236
2026-09-22 10:30:00,34.3,34.07010535257299,27.928499999999968,31.58617337227294
2026-09-22 11:30:00,33.3,34.903468098799905,33.122300000000024,35.006274994971236
2026-09-23 01:30:00,33.6,33.65014145162862,31.697600000000016,35.3883704918807
2026-09-23 02:30:00,32.1,33.475607079747355,31.38150000000001,34.34866537541267
2026-09-23 03:30:00,33.1,32.707089817159755,27.3695,31.589075603145712
2026-09-23 04:30:00,31.1,33.11131553690578,30.37850000000002,34.345763144539895
2026-09-23 05:30:00,31.4,32.33199281231836,27.202499999999983,29.85046197739346
2026-09-23 06:30:00,33.3,32.38350867034132,27.247999999999987,29.85046197739346
2026-09-23 07:30:00,30.7,33.53909549149658,31.217100000000027,34.345763144539895
2026-09-23 08:30:00,21.0,32.487473074693206,27.19549999999997,29.85046197739346
2026-09-23 09:30:00,19.1,27.559386488896394,24.914999999999985,23.889245318300574
2026-09-23 10:30:00,19.7,25.019866089091074,21.247500000000013,21.14016509355449
2026-09-23 11:30:00,20.1,25.118727970231994,19.542499999999976,21.14016509355449
2026-09-23 12:30:00,21.5,25.34628627457933,19.162999999999993,21.423144125582755
2026-09-23 14:30:00,21.3,25.35562417634621,24.255499999999984,22.26658314768895
2026-09-23 15:30:00,20.3,25.968987862291534,19.17900000000003,22.601650080192456
2026-09-23 16:30:00,19.3,25.75366848868135,20.330500000000004,21.391989987802766
2026-09-23 18:30:00,21.0,21.475514549027135,20.625499999999974,33.95405882986938
2026-09-23 19:30:00,20.5,22.082193817850126,24.227000000000007,18.11547441418766
2026-09-23 23:30:00,20.1,21.334181102910364,20.00549999999998,20.36957384426604
2026-09-24 00:30:00,19.4,21.507014899566286,19.89749999999998,20.541060346562155
2026-09-24 01:30:00,20.5,21.42476442947082,20.05349999999999,20.25808131453389
2026-09-24 02:30:00,19.2,21.758277912714863,20.037499999999987,20.252057911666192
2026-09-24 03:30:00,18.9,21.218734317677747,19.670799999999996,19.915613434996118
2026-09-24 04:30:00,20.6,20.922663496565683,20.07450000000001,19.081289471684997
2026-09-24 05:30:00,20.2,21.622779029192312,19.892499999999984,19.89347640209748
2026-09-24 06:30:00,20.7,21.74108578572821,20.271000000000008,20.2479167217829
2026-09-24 07:30:00,20.1,22.04704980943863,20.110500000000012,20.36592356386801
2026-09-24 08:30:00,20.5,21.715415985054843,20.27999999999999,20.2479167217829
2026-09-24 09:30:00,19.8,21.3932289783496,20.29199999999999,20.2479167217829
2026-09-24 10:30:00,19.7,21.16504013454486,19.976299999999995,20.2479167217829
2026-09-24 11:30:00,20.1,21.1961149735579,20.58214999999999,19.912711204123344
2026-09-24 12:30:00,21.3,21.553205165843575,20.19265000000001,20.2479167217829
2026-09-24 13:30:00,20.1,22.43528860406218,20.971499999999978,21.31191217391745
2026-09-24 14:30:00,20.7,22.07719307181272,20.698,20.39822664307355
2026-09-24 15:30:00,20.9,22.4408129926343,20.463500000000007,20.36592356386801
